seed,profile,delay,lambda,filter,loss,backlog_area,action_cost,reviews,risk_empty,proposal_queries,full_queries,cost_queries,natural_queries,tail_queries,proposal_ns,review_common_ns,review_full_ns,review_tail_ns
300001,normal,0,0,0,0.56724333676612004,0,0.55000000000000004,59,0,0,30208,8896,6496,6056,0,40884436,23411216,6817915
300001,normal,0,0,1,0.56724333676612004,0,0.55000000000000004,59,0,0,30208,8896,6496,6056,0,38865899,24304659,6909295
300001,normal,0,0.34999999999999998,0,0.71909772714119458,0,0.70000000000000007,59,0,0,30208,13952,8192,6552,0,39736563,24497674,6987901
300001,normal,0,0.34999999999999998,1,0.71909772714119458,0,0.70000000000000007,59,0,0,30208,13952,8192,6552,0,41423911,23884061,7142063
300001,normal,0,1,0,0.71697678390121322,0.26093044659198483,0.70000000000000007,59,0,0,30208,15936,8952,6368,0,41203548,25268345,7593121
300001,normal,0,1,1,0.71697678390121322,0.26093044659198483,0.70000000000000007,59,0,0,30208,15936,8952,6368,0,43176193,27061642,7809839
300001,normal,2,0,0,0.35465870687109219,6.9353515846774059,0.29999999999999999,19,0,9728,9728,4352,2904,2424,20543777,12815816,7572954,3706646
300001,normal,2,0,1,0.35465870687109219,6.9353515846774059,0.29999999999999999,19,0,9728,9728,4352,2904,2424,19555089,12846267,7874848,2543785
300001,normal,2,0.34999999999999998,0,0.31466377324979533,0,0.31,19,0,9728,9728,4288,2664,2296,19721065,12395459,7483355,2513475
300001,normal,2,0.34999999999999998,1,0.31466377324979533,0,0.31,19,0,9728,9728,4288,2664,2296,19985183,12925970,7971780,2453111
300001,normal,2,1,0,0.3446637732497953,0,0.33999999999999997,19,0,9728,9728,4288,2568,2008,19821244,11873802,7416948,2378533
300001,normal,2,1,1,0.3446637732497953,0,0.33999999999999997,19,0,9728,9728,4288,2568,2008,20525775,12481381,7735426,2204066
300001,normal,5,0,0,0.35142465305920112,27.688213236213613,0.25,9,0,4608,4608,2432,1680,1528,10823847,6590226,3632230,1575287
300001,normal,5,0,1,0.35142465305920112,27.688213236213613,0.25,9,0,4608,4608,2432,1680,1512,9605257,6217688,3592903,2799583
300001,normal,5,0.34999999999999998,0,0.25880872253999687,0,0.20000000000000001,9,0,4608,4608,2176,1296,1112,8947500,6132187,3319470,1374934
300001,normal,5,0.34999999999999998,1,0.25880872253999687,0,0.20000000000000001,9,0,4608,4608,2176,1296,1112,9684876,6889929,5967568,1299442
300001,normal,5,1,0,0.35570921566243541,0,0.26000000000000001,9,0,4608,4608,3200,1616,1312,9097271,7695394,3850742,1448936
300001,normal,5,1,1,0.35570921566243541,0,0.26000000000000001,9,0,4608,4608,3200,1616,1312,10119927,5787915,3460953,2113300
300001,supply,0,0,0,1.1031312432236242,0,1.1000000000000001,59,0,0,30208,7680,6824,6496,0,38765888,23259817,7816206
300001,supply,0,0,1,1.1031312432236242,0,1.1000000000000001,59,0,0,30208,7680,6824,6496,0,37526559,22262080,7173631
300001,supply,0,0.34999999999999998,0,1.1631312432236243,0,1.1600000000000001,59,0,0,30208,15808,10096,7384,0,40681727,23945882,7981407
300001,supply,0,0.34999999999999998,1,1.1631312432236243,0,1.1600000000000001,59,0,0,30208,15808,10096,7384,0,42026547,25334329,8642669
300001,supply,0,1,0,1.3431666228675325,0,1.3400000000000001,59,0,0,30208,20864,12096,6872,0,40566564,23793934,7555628
300001,supply,0,1,1,1.3431666228675325,0,1.3400000000000001,59,0,0,30208,20864,12096,6872,0,40022964,25512749,7576053
300001,supply,2,0,0,1.4775300190323519,7.6829588899825403,0.87000000000000011,19,0,9728,9728,5568,4168,3568,20786423,12090749,7569985,3638572
300001,supply,2,0,1,2.5382430645651262,7.6829588899825403,0.87000000000000011,19,2,9728,9728,5888,3576,2840,22761173,12460096,9103233,4259981
300001,supply,2,0.34999999999999998,0,1.4775300190323519,7.6829588899825403,0.87000000000000011,19,0,9728,9728,8128,4824,3528,19841182,12616224,7279672,3549283
300001,supply,2,0.34999999999999998,1,2.5382430645651262,7.6829588899825403,0.87000000000000011,19,2,9728,9728,8256,4192,2960,20991597,13437790,7630157,3066050
300001,supply,2,1,0,1.6023997565824453,9.3847418270612586,1.0200000000000002,19,0,9728,9728,9472,4624,2752,19733551,12035194,7316755,2812856
300001,supply,2,1,1,2.6523706783771051,9.3847418270612586,1.0200000000000002,19,2,9728,9728,9472,4064,2608,20119016,12035317,7893675,2659276
300001,supply,5,0,0,3.2402682448256344,0.079635207942214237,0.75,9,0,4608,4608,2880,2224,2104,9092023,5969080,3511610,2108985
300001,supply,5,0,1,8.7925868029243333,25.134743620424032,0,9,6,4608,4608,3264,576,576,8972803,5528162,3534572,577512
300001,supply,5,0.34999999999999998,0,3.2402682448256344,0.079635207942214237,0.75,9,0,4608,4608,3904,2408,1920,9146075,5584103,3467162,1888598
300001,supply,5,0.34999999999999998,1,8.7925868029243333,25.134743620424032,0,9,6,4608,4608,4032,880,672,9209683,5883572,3529388,691513
300001,supply,5,1,0,3.3102682448256338,2.9335552894634382,0.87000000000000011,9,0,4608,4608,4480,2032,1288,9632941,5827206,3575309,1280503
300001,supply,5,1,1,8.960689753593126,64.217420790805676,0.089999999999999997,9,6,4608,4608,4480,1120,896,9047824,5847476,3525440,908584
300001,capacity,0,0,0,3.5218251605619253,752.61767772195628,0.9600000000000003,59,0,0,30208,16000,12288,10688,0,40395147,26293917,13224807
300001,capacity,0,0,1,9.0670127824675948,4601.9322992525704,0.050000000000000003,59,36,0,30208,21696,4736,4120,0,38683981,23965597,4314054
300001,capacity,0,0.34999999999999998,0,3.8279118779523742,775.06331118163064,1.1800000000000004,59,0,0,30208,23680,15456,11824,0,39101060,24640747,12457454
300001,capacity,0,0.34999999999999998,1,9.0670127824675948,4601.9322992525704,0.050000000000000003,59,36,0,30208,26304,6520,4632,0,44279974,27898999,5327103
300001,capacity,0,1,0,5.1960092122960022,1560.6208332701783,1.0800000000000003,59,0,0,30208,27072,14216,8264,0,41568974,27719701,9600143
300001,capacity,0,1,1,8.959205492270188,4345.1467580292874,0.11,59,36,0,30208,28480,8160,5016,0,41724261,24407262,6299892
300001,capacity,2,0,0,4.7237707952686305,1603.763900456622,0.47999999999999998,19,0,9728,9728,6144,4856,4544,23520643,13182960,9560600,5089060
300001,capacity,2,0,1,10.251657638742808,5959.5729913697869,0,19,12,9728,9728,6976,1280,1264,22391548,13539114,7746832,1418442
300001,capacity,2,0.34999999999999998,0,4.8111140302221385,1566.4576466250858,0.52999999999999992,19,0,9728,9728,7936,5416,4648,20167591,12780700,7936846,4651783
300001,capacity,2,0.34999999999999998,1,10.251657638742808,5959.5729913697869,0,19,12,9728,9728,8384,1768,1440,18903352,11802321,7289333,1496458
300001,capacity,2,1,0,6.6126646967376157,2697.6001017257354,0.33000000000000002,19,0,9728,9728,9216,4096,2584,20533840,11834565,7511868,2705311
300001,capacity,2,1,1,10.251657638742808,5959.5729913697869,0,19,12,9728,9728,9216,2208,1544,20039544,14988523,8469073,1642389
300001,capacity,5,0,0,5.6878938370516288,2146.4169929787417,0.26999999999999996,9,0,4608,4608,3200,2704,2624,10277722,6552159,4132637,2827658
300001,capacity,5,0,1,10.251657638742808,5959.5729913697869,0,9,6,4608,4608,3520,624,608,9214667,5905734,3558393,697333
300001,capacity,5,0.34999999999999998,0,7.073866799024354,3114.7022269110421,0.21999999999999997,9,0,4608,4608,4096,3096,2800,10185492,6751790,3988818,3089476
300001,capacity,5,0.34999999999999998,1,10.251657638742808,5959.5729913697869,0,9,6,4608,4608,4160,888,688,9964672,5576158,3714977,726967
300001,capacity,5,1,0,10.144779387236438,5807.5083561135662,0.050000000000000003,9,0,4608,4608,4480,2016,1176,9326435,6190715,3915932,1214953
300001,capacity,5,1,1,10.251657638742808,5959.5729913697869,0,9,6,4608,4608,4480,1064,728,9371736,5556205,3475295,889973
300001,demand,0,0,0,0.83457512442823978,62.865622396196706,0.58999999999999997,59,0,0,30208,12480,9192,8032,0,38604213,23992277,9110970
300001,demand,0,0,1,0.76608082334683381,62.016519758333935,0.53000000000000003,59,2,0,30208,12544,8376,7192,0,41669423,24185798,7841583
300001,demand,0,0.34999999999999998,0,1.2388123593156104,66.413258964842854,0.94000000000000028,59,0,0,30208,19008,11512,9112,0,38403789,23820116,9789557
300001,demand,0,0.34999999999999998,1,1.2319421121863496,76.422806940397578,0.91000000000000025,59,2,0,30208,19008,10832,8264,0,39273298,23789709,8967022
300001,demand,0,1,0,1.6853821446993393,87.959875431080448,1.2500000000000002,59,0,0,30208,22912,11712,7792,0,40636828,25581342,9135567
300001,demand,0,1,1,1.5931094555351901,78.421395153271703,1.1900000000000002,59,2,0,30208,22912,11336,7568,0,38329476,23639983,8545597
300001,demand,2,0,0,2.2135610546717857,573.83162020412499,0.6100000000000001,19,0,9728,9728,6144,4368,3984,19559099,12620642,7511209,4402332
300001,demand,2,0,1,5.295684827748925,2461.5650353777469,0.45999999999999996,19,6,9728,9728,7424,3128,2784,20338533,11792241,7516046,2892548
300001,demand,2,0.34999999999999998,0,2.149030384368976,528.36460477444496,0.63,19,0,9728,9728,8128,4656,3816,19419001,11836990,7634373,3851383
300001,demand,2,0.34999999999999998,1,5.3749512162915805,2516.7614796196372,0.48999999999999999,19,6,9728,9728,8768,3472,2840,20263795,13977115,8447611,2963232
300001,demand,2,1,0,2.4051711338596227,541.35205173657073,0.82000000000000017,19,0,9728,9728,9216,3960,2888,20079997,13145840,7746803,2949739
300001,demand,2,1,1,5.3532062985200524,2479.5550776130935,0.48999999999999999,19,6,9728,9728,9408,3288,2360,21393534,12231282,7576487,2383198
300001,demand,5,0,0,2.7361222889833354,837.66245238320448,0.32999999999999996,9,0,4608,4608,3136,2376,2208,9519940,5622837,3376184,2227441
300001,demand,5,0,1,9.0590669710826379,5772.611828101406,0.029999999999999999,9,6,4608,4608,3840,824,688,10347320,6203109,3611832,1117722
300001,demand,5,0.34999999999999998,0,2.7361222889833354,840.0068058424115,0.32999999999999996,9,0,4608,4608,4096,2568,2232,10077430,6283656,4055222,2472022
300001,demand,5,0.34999999999999998,1,9.0590669710826379,5774.956181560613,0.029999999999999999,9,6,4608,4608,4352,1016,784,9394477,5986116,3956832,790032
300001,demand,5,1,0,3.3201645202349086,841.78875544559901,0.45999999999999996,9,0,4608,4608,4544,2192,1776,10292365,5868687,3628277,1839948
300001,demand,5,1,1,9.0387021976607986,5672.956181560613,0.059999999999999998,9,6,4608,4608,4544,1168,904,10020907,7283643,4135384,866470
300001,combined,0,0,0,0.72541551312826202,0,0.71000000000000008,59,0,0,30208,9600,7568,6656,0,40634736,26266397,7924833
300001,combined,0,0,1,0.8160986850559182,0,0.79000000000000026,59,0,0,30208,9664,7240,5808,0,38599251,23953080,6275896
300001,combined,0,0.34999999999999998,0,1.2254161141660067,0,1.1800000000000004,59,0,0,30208,18432,10992,8304,0,39860302,23628435,9072334
300001,combined,0,0.34999999999999998,1,0.84609868505591823,0,0.82000000000000028,59,0,0,30208,16896,9872,6672,0,38910050,22784202,7145909
300001,combined,0,1,0,1.5913944510779512,0,1.5300000000000007,59,0,0,30208,23808,13104,8400,0,37428129,22931218,8807951
300001,combined,0,1,1,1.5913944510779512,0,1.5300000000000007,59,0,0,30208,23808,12712,8080,0,37011145,22474912,8747853
300001,combined,2,0,0,1.5476808649664899,51.2312133985183,0.71000000000000008,19,0,9728,9728,6080,4248,3768,21079097,12372884,7233340,4111549
300001,combined,2,0,1,1.8490930883844532,69.199557093180658,0.54999999999999993,19,1,9728,9728,6336,3296,2560,21458983,13332535,7535691,3048957
300001,combined,2,0.34999999999999998,0,1.57768086496649,51.2312133985183,0.7400000000000001,19,0,9728,9728,7872,4520,3520,22190534,13796301,7809756,3665213
300001,combined,2,0.34999999999999998,1,1.839605330860929,43.447085785680109,0.56000000000000005,19,1,9728,9728,8064,3904,2728,25963081,12651196,7931421,2883272
300001,combined,2,1,0,1.57768086496649,51.2312133985183,0.7400000000000001,19,0,9728,9728,8704,4000,2544,19684829,11828064,7832403,2629552
300001,combined,2,1,1,1.905493546139166,54.372428523662236,0.58999999999999997,19,1,9728,9728,8832,4040,2616,20412452,12326136,8631970,2751743
300001,combined,5,0,0,2.9616778304166811,46.338102980564393,0.29999999999999999,9,0,4608,4608,3264,2768,2656,9154868,5686064,3545510,2902492
300001,combined,5,0,1,3.4921754484152516,300.23186235374504,0.25,9,1,4608,4608,3264,1288,1088,10603916,6295713,3692935,1228633
300001,combined,5,0.34999999999999998,0,2.9616778304166811,46.338102980564393,0.29999999999999999,9,0,4608,4608,3968,2872,2464,10029726,6117545,4221572,2806376
300001,combined,5,0.34999999999999998,1,3.4921754484152516,300.23186235374504,0.25,9,1,4608,4608,3968,1600,1152,11045671,6176193,3628199,1346131
300001,combined,5,1,0,2.9616778304166811,46.338102980564393,0.29999999999999999,9,0,4608,4608,4416,2384,1560,9633966,5612101,3640946,2051986
300001,combined,5,1,1,3.4921754484152516,300.23186235374504,0.25,9,1,4608,4608,4416,1784,1168,9459778,6604378,4119968,1247882
300002,normal,0,0,0,0.090144226778676881,0,0.089999999999999997,59,0,0,30208,6848,5032,4360,0,38162637,23201247,5147425
300002,normal,0,0,1,0.090144226778676881,0,0.089999999999999997,59,0,0,30208,6848,5032,4360,0,39157713,23716153,4939837
300002,normal,0,0.34999999999999998,0,0.12014422677867688,0,0.12,59,0,0,30208,15168,8312,5432,0,40682467,24424611,6069394
300002,normal,0,0.34999999999999998,1,0.12014422677867688,0,0.12,59,0,0,30208,15168,8312,5432,0,40079837,25288403,5698108
300002,normal,0,1,0,0.33014422677867694,0,0.33000000000000007,59,0,0,30208,21632,11912,6624,0,40194914,24369978,7279985
300002,normal,0,1,1,0.33014422677867694,0,0.33000000000000007,59,0,0,30208,21632,11912,6624,0,38232564,23109323,6922179
300002,normal,2,0,0,0.00014422677867688614,0,0,19,0,9728,9728,2432,1656,1440,22095229,12707773,7565259,1670112
300002,normal,2,0,1,0.00014422677867688614,0,0,19,0,9728,9728,2432,1656,1440,23162175,12965120,7508941,1689040
300002,normal,2,0.34999999999999998,0,0.030144226778676887,0,0.029999999999999999,19,0,9728,9728,4800,2592,1848,19993588,12193696,7868605,1906509
300002,normal,2,0.34999999999999998,1,0.030144226778676887,0,0.029999999999999999,19,0,9728,9728,4800,2592,1848,19712007,12743956,7891445,2216683
300002,normal,2,1,0,0.12014422677867688,0,0.12,19,0,9728,9728,6656,3536,2232,20246611,12477354,7214730,2336196
300002,normal,2,1,1,0.12014422677867688,0,0.12,19,0,9728,9728,6656,3536,2232,21665125,12497093,7395805,2317227
300002,normal,5,0,0,0.00014422677867688614,0,0,9,0,4608,4608,960,704,632,12361399,6978766,4036673,810682
300002,normal,5,0,1,0.00014422677867688614,0,0,9,0,4608,4608,960,704,632,9350006,5682498,3802149,818285
300002,normal,5,0.34999999999999998,0,0.030144226778676887,0,0.029999999999999999,9,0,4608,4608,2048,1016,824,8946745,5634677,3299600,936404
300002,normal,5,0.34999999999999998,1,0.030144226778676887,0,0.029999999999999999,9,0,4608,4608,2048,1016,824,9105129,5625712,3325208,822163
300002,normal,5,1,0,0.12014422677867688,0,0.12,9,0,4608,4608,3072,1504,1056,8793474,5603899,3255874,1073408
300002,normal,5,1,1,0.12014422677867688,0,0.12,9,0,4608,4608,3072,1504,1056,8933715,5611180,3578453,1042634
300002,supply,0,0,0,1.6485468712142435,0,1.6000000000000001,59,0,0,30208,15680,11656,9752,0,36737028,23299870,10382145
300002,supply,0,0,1,1.7640072768746229,0.18763214568988928,1.6400000000000003,59,1,0,30208,19264,13152,10056,0,40133775,24073522,10533806
300002,supply,0,0.34999999999999998,0,1.7653242895967203,0,1.7,59,0,0,30208,21632,13112,10336,0,37992868,23070039,10917590
300002,supply,0,0.34999999999999998,1,1.7831414064991995,0,1.7,59,1,0,30208,22016,12312,9296,0,36837835,22640049,10022425
300002,supply,0,1,0,2.1661270874727121,0,2.1299999999999994,59,0,0,30208,22720,12472,8360,0,39477567,23806498,9001962
300002,supply,0,1,1,2.1798163843845284,0,2.1299999999999994,59,1,0,30208,23104,12144,8200,0,40084897,26066897,8882504
300002,supply,2,0,0,4.7246355723056812,4.1638384509702249,1.3800000000000001,19,0,9728,9728,7552,5680,5128,19415678,12456496,7929446,6332237
300002,supply,2,0,1,12.508941511449198,1079.0603841131287,0.22999999999999998,19,11,9728,9728,7616,2136,1936,20617431,12561931,8461645,1947581
300002,supply,2,0.34999999999999998,0,4.6188957329153801,0,1.5799999999999998,19,0,9728,9728,7936,5336,4888,21353464,12636439,8866024,5426611
300002,supply,2,0.34999999999999998,1,11.956904110506324,855.19360929671222,0.22999999999999998,19,11,9728,9728,8960,2512,2112,20763598,12361808,7462385,2106926
300002,supply,2,1,0,4.6805319714497804,0,1.6099999999999997,19,0,9728,9728,8640,3112,2536,19421788,11590934,7212137,2790512
300002,supply,2,1,1,11.831678304691362,808.7279471879508,0.26000000000000001,19,11,9728,9728,9408,2440,2016,20119523,12279299,7634263,2179140
300002,supply,5,0,0,8.0102497682236038,246.53522372283408,0.88000000000000012,9,0,4608,4608,3904,3424,3296,9571647,6035831,3743500,3621499
300002,supply,5,0,1,12.508941511449198,1079.0603841131287,0.22999999999999998,9,5,4608,4608,3904,1376,1272,9516326,5908790,3911884,1452710
300002,supply,5,0.34999999999999998,0,8.0112791903153067,246.53522372283447,0.88000000000000012,9,0,4608,4608,4352,3384,3208,10221557,6091196,3712976,3711899
300002,supply,5,0.34999999999999998,1,12.509970933540899,1079.0603841131292,0.22999999999999998,9,5,4608,4608,4352,1440,1320,10657214,6211639,3824584,1421235
300002,supply,5,1,0,8.0652762754901097,268.80336364808113,0.98000000000000009,9,0,4608,4608,4480,1776,1448,11132662,6102411,3431122,1523611
300002,supply,5,1,1,12.509970933540899,1079.0603841131292,0.22999999999999998,9,5,4608,4608,4480,1264,1112,9462843,5616441,3932655,1283116
300002,capacity,0,0,0,5.3475492669055926,1716.6614792943476,0.91000000000000025,59,0,0,30208,17024,14056,12784,0,40996705,24305199,13930767
300002,capacity,0,0,1,9.8581125193079817,5349.6237561191765,0.050000000000000003,59,36,0,30208,21184,4360,4088,0,37443867,22871738,4257974
300002,capacity,0,0.34999999999999998,0,6.2493039823966958,2291.3632890721565,0.92000000000000026,59,0,0,30208,24000,17320,14584,0,39277723,22657873,15034483
300002,capacity,0,0.34999999999999998,1,9.9781125193079792,5349.6237561191765,0.16999999999999998,59,36,0,30208,25536,6312,4896,0,36825041,22861247,5045873
300002,capacity,0,1,0,7.8742967157732666,3143.8420194892246,1.2300000000000004,59,0,0,30208,28096,13584,8760,0,37699058,23196735,9061675
300002,capacity,0,1,1,10.216349862441158,5372.9357680096646,0.40000000000000002,59,36,0,30208,28544,7736,5672,0,42247344,25202091,5990804
300002,capacity,2,0,0,6.9526374631502446,3091.7441619551478,0.37999999999999989,19,0,9728,9728,5952,5336,5168,21165913,12457294,8073987,5595292
300002,capacity,2,0,1,10.676472031839232,6808.7123591498694,0,19,12,9728,9728,6592,1216,1216,20885083,13554220,9140716,1567318
300002,capacity,2,0.34999999999999998,0,8.6125779243905445,4133.4141257231613,0.45999999999999996,19,0,9728,9728,8384,6504,5912,21506280,13064920,7387720,5937912
300002,capacity,2,0.34999999999999998,1,10.736472031839233,6808.7123591498694,0.059999999999999998,19,12,9728,9728,8384,1952,1608,20400336,12503737,7669135,1657473
300002,capacity,2,1,0,10.796472031839233,6808.7123591498694,0.12,19,0,9728,9728,9344,4040,2640,21094961,13523114,8160210,2759477
300002,capacity,2,1,1,10.796472031839233,6808.7123591498694,0.12,19,12,9728,9728,9344,2504,1848,22893834,13555244,8397955,2416004
300002,capacity,5,0,0,10.188321708030436,5218.5887265077654,0.21999999999999997,9,0,4608,4608,3264,3168,3152,10202851,6755076,4009262,3543720
300002,capacity,5,0,1,10.676472031839232,6808.7123591498694,0,9,6,4608,4608,3264,576,576,9998934,6088242,3491940,589599
300002,capacity,5,0.34999999999999998,0,10.535175052028215,6530.0200529099293,0.12,9,0,4608,4608,4032,3424,3184,9983822,5852614,3443648,3155542
300002,capacity,5,0.34999999999999998,1,10.676472031839232,6808.7123591498694,0,9,6,4608,4608,4032,896,672,9347550,6201570,3740917,740179
300002,capacity,5,1,0,10.669303891594964,6703.6781875381266,0.029999999999999999,9,0,4608,4608,4416,2056,1120,9528935,5644750,3674699,1368027
300002,capacity,5,1,1,10.669303891594964,6703.6781875381266,0.029999999999999999,9,6,4608,4608,4416,1088,776,10076159,6082953,3484420,994721
300002,demand,0,0,0,0.9386711741114655,28.635566251706905,0.79000000000000015,59,0,0,30208,16128,11832,9280,0,44256377,26755670,11064001
300002,demand,0,0,1,0.86481959212535287,30.753351609250636,0.70999999999999996,59,2,0,30208,17984,11816,8528,0,39760483,26558532,9089132
300002,demand,0,0.34999999999999998,0,0.99600525283123109,50.909281298605563,0.74000000000000021,59,0,0,30208,23616,13896,9496,0,38865297,24365622,10940451
300002,demand,0,0.34999999999999998,1,1.3959665631417513,30.753351609250586,1.22,59,2,0,30208,19712,10880,8624,0,44419903,25992300,10839082
300002,demand,0,1,0,1.8312816682286199,46.990868632822995,1.5400000000000007,59,0,0,30208,28032,15376,9256,0,41056777,25002881,10174020
300002,demand,0,1,1,1.7820573079028685,30.999339425698661,1.5400000000000007,59,2,0,30208,28032,15120,9032,0,38071654,25026193,9609078
300002,demand,2,0,0,0.77629473734383214,125.53941889732863,0.39000000000000001,19,0,9728,9728,6848,4824,3920,20535569,12620743,7696108,4215250
300002,demand,2,0,1,0.77629473734383214,125.53941889732863,0.39000000000000001,19,0,9728,9728,6848,4760,3736,21606944,12224072,8528012,4177401
300002,demand,2,0.34999999999999998,0,0.9607178546872156,86.67996480244858,0.6100000000000001,19,0,9728,9728,8320,5032,3888,21313623,13285606,7838755,4356764
300002,demand,2,0.34999999999999998,1,0.9607178546872156,86.67996480244858,0.6100000000000001,19,0,9728,9728,8320,5008,3792,20277186,12366535,7873557,3914409
300002,demand,2,1,0,0.97028290934652184,80.348771804965651,0.70000000000000018,19,0,9728,9728,9280,5112,3096,19285542,11992642,7637098,3100370
300002,demand,2,1,1,0.97028290934652184,80.348771804965651,0.70000000000000018,19,0,9728,9728,9280,5128,3096,19646137,12391307,8490928,3341304
300002,demand,5,0,0,0.75703191602734143,107.25434756589843,0.32999999999999996,9,0,4608,4608,3264,2320,2072,9461793,5580513,3394715,2169646
300002,demand,5,0,1,0.75703191602734143,107.25434756589843,0.32999999999999996,9,0,4608,4608,3264,2256,1888,9610768,5661977,3406012,2038677
300002,demand,5,0.34999999999999998,0,0.77177625424585639,105.29581042362851,0.35999999999999999,9,0,4608,4608,4160,2504,2088,8992234,5766283,3574636,2122905
300002,demand,5,0.34999999999999998,1,0.77177625424585639,105.29581042362851,0.35999999999999999,9,0,4608,4608,4160,2472,1984,9993185,5475616,3578751,2039519
300002,demand,5,1,0,0.98322292766086272,100.34822545748602,0.58000000000000007,9,0,4608,4608,4352,2352,1624,9790592,5725032,3394914,1800509
300002,demand,5,1,1,0.98322292766086272,100.34822545748602,0.58000000000000007,9,0,4608,4608,4352,2352,1624,9438049,5855469,3726917,1740686
300002,combined,0,0,0,1.2739637212522061,0,1.2000000000000004,59,0,0,30208,12544,9720,8424,0,37716900,23700715,9164746
300002,combined,0,0,1,1.2739637212522061,0,1.2000000000000004,59,0,0,30208,12544,9552,7864,0,38626847,23838529,8359268
300002,combined,0,0.34999999999999998,0,1.5471720955542676,0,1.4600000000000006,59,0,0,30208,19200,12168,9392,0,47947120,28678591,15560494
300002,combined,0,0.34999999999999998,1,1.5471720955542676,0,1.4600000000000006,59,0,0,30208,19200,12048,9000,0,43321022,25815197,10758278
300002,combined,0,1,0,1.8100622872497112,0,1.6700000000000006,59,0,0,30208,22336,12088,7992,0,39865799,26644115,9436528
300002,combined,0,1,1,1.8100622872497112,0,1.6700000000000006,59,0,0,30208,22336,12088,7936,0,38056989,23382043,8826235
300002,combined,2,0,0,1.8350418033464531,213.72523793454391,0.83000000000000018,19,0,9728,9728,5824,4256,3880,20562940,12380398,8570971,4724404
300002,combined,2,0,1,7.9841336256626079,2049.6919274449178,0,19,12,9728,9728,7040,1728,1512,20385986,12714981,7610809,1632899
300002,combined,2,0.34999999999999998,0,1.8256003639919534,42.919133261831888,0.85000000000000009,19,0,9728,9728,6976,4584,3592,20378549,12434121,7593753,3737043
300002,combined,2,0.34999999999999998,1,9.6953257718578296,0,0.050000000000000003,19,12,9728,9728,7616,1944,1624,21036668,12952744,7775089,1709989
300002,combined,2,1,0,1.8824741777562668,33.230845463394175,0.87,19,0,9728,9728,7680,3936,2584,20033529,13811846,7725058,2817309
300002,combined,2,1,1,9.7224293880604797,0,0.080000000000000002,19,12,9728,9728,8192,2192,1640,19711951,12700127,7996910,1711254
300002,combined,5,0,0,3.2387832026073125,425.50285858600012,0.59999999999999998,9,0,4608,4608,3264,2568,2448,9023510,5783351,3723121,2839135
300002,combined,5,0,1,7.9841336256626079,2049.6919274449178,0,9,6,4608,4608,3264,624,576,9668384,5957153,3518312,698505
300002,combined,5,0.34999999999999998,0,3.2387832026073125,425.50285858600012,0.59999999999999998,9,0,4608,4608,3584,2512,2216,9712679,5942239,3446632,2239500
300002,combined,5,0.34999999999999998,1,7.9841336256626079,2049.6919274449178,0,9,6,4608,4608,3584,840,672,10215137,5841406,3503406,728107
300002,combined,5,1,0,3.4628717992638109,361.27896971900674,0.63,9,0,4608,4608,4032,1896,1344,9459178,6189651,3461836,1402949
300002,combined,5,1,1,8.4005219439583581,2245.3814904325968,0.029999999999999999,9,6,4608,4608,4032,1040,784,9230251,5746653,3489688,776762
300003,normal,0,0,0,0,0,0,59,0,0,30208,3776,3776,3776,0,39524843,23290873,4151294
300003,normal,0,0,1,0,0,0,59,0,0,30208,3776,3776,3776,0,39640568,23031791,4669168
300003,normal,0,0.34999999999999998,0,0.059999999999999998,0,0.059999999999999998,59,0,0,30208,5696,4408,4128,0,39795981,23924565,4409338
300003,normal,0,0.34999999999999998,1,0.059999999999999998,0,0.059999999999999998,59,0,0,30208,5696,4408,4128,0,42397629,25944673,4873683
300003,normal,0,1,0,0.14999999999999999,0,0.14999999999999999,59,0,0,30208,9152,5880,4728,0,42611415,25697400,4679363
300003,normal,0,1,1,0.14999999999999999,0,0.14999999999999999,59,0,0,30208,9152,5880,4728,0,43553913,24262012,5598276
300003,normal,2,0,0,0,0,0,19,0,9728,9728,1216,1216,1216,20628515,12070753,7955557,1258859
300003,normal,2,0,1,0,0,0,19,0,9728,9728,1216,1216,1216,20652338,12396224,8055357,1633465
300003,normal,2,0.34999999999999998,0,0.059999999999999998,0,0.059999999999999998,19,0,9728,9728,2368,1640,1472,21666000,12739832,7640113,1781628
300003,normal,2,0.34999999999999998,1,0.059999999999999998,0,0.059999999999999998,19,0,9728,9728,2368,1640,1472,22615448,12625486,7597836,1544153
300003,normal,2,1,0,0.12,0,0.12,19,0,9728,9728,3840,2368,1768,20558203,12826149,7176361,1951010
300003,normal,2,1,1,0.12,0,0.12,19,0,9728,9728,3840,2368,1768,20447935,12093383,7930209,2011809
300003,normal,5,0,0,0,0,0,9,0,4608,4608,576,576,576,9364263,6082823,3574927,821719
300003,normal,5,0,1,0,0,0,9,0,4608,4608,576,576,576,9573819,5708167,3417358,577821
300003,normal,5,0.34999999999999998,0,0.059999999999999998,0,0.059999999999999998,9,0,4608,4608,1216,824,768,8995351,6097851,3495495,755171
300003,normal,5,0.34999999999999998,1,0.059999999999999998,0,0.059999999999999998,9,0,4608,4608,1216,824,768,9114577,5573110,3362296,931316
300003,normal,5,1,0,0.059999999999999998,0,0.059999999999999998,9,0,4608,4608,1600,968,816,9614552,5845341,3273912,858369
300003,normal,5,1,1,0.059999999999999998,0,0.059999999999999998,9,0,4608,4608,1600,968,816,9566480,5854307,3451840,1189622
300003,supply,0,0,0,1.2417729885921547,9.9028656022693369,1.23,59,0,0,30208,11456,8944,7912,0,37968900,23156065,8271047
300003,supply,0,0,1,9.0154057305194133,2281.2086775731968,0.27999999999999997,59,36,0,30208,23040,5728,5072,0,40535204,24716660,5859485
300003,supply,0,0.34999999999999998,0,1.5980343589451156,0,1.5800000000000003,59,0,0,30208,23296,14400,9992,0,39460414,23199509,10073170
300003,supply,0,0.34999999999999998,1,1.5980343589451156,0,1.5800000000000003,59,0,0,30208,23296,13808,9064,0,40087034,25317736,10171996
300003,supply,0,1,0,1.8405390284174459,0.3538598616970674,1.8300000000000003,59,0,0,30208,27200,15512,8912,0,40118871,24377471,9853276
300003,supply,0,1,1,1.8405390284174459,0.3538598616970674,1.8300000000000003,59,0,0,30208,27200,15280,8688,0,37573458,24897794,9508372
300003,supply,2,0,0,3.7394144021223559,0,1.04,19,0,9728,9728,6144,4768,4240,20774118,11498062,7281451,4227290
300003,supply,2,0,1,15.031318071381815,2118.5523287467045,0.080000000000000002,19,12,9728,9728,7296,1648,1488,20830699,11885183,7625671,1787736
300003,supply,2,0.34999999999999998,0,3.8223937126946046,23.720951330084382,1.1500000000000004,19,0,9728,9728,8000,4888,4192,20174663,12692558,7254299,4367528
300003,supply,2,0.34999999999999998,1,13.940325631986319,1515.2216993256911,0.14000000000000001,19,12,9728,9728,8512,2112,1712,20241221,12571769,8284456,1738970
300003,supply,2,1,0,3.9607991680120747,18.098542676976393,1.2100000000000002,19,0,9728,9728,8832,3696,2672,19815378,12255803,8080535,2756729
300003,supply,2,1,1,13.362014710815433,1254.9114261807322,0.17000000000000001,19,12,9728,9728,8896,2336,1728,19260475,11680623,7223934,1782140
300003,supply,5,0,0,8.1327637321446655,688.47174420459339,0.65000000000000002,9,0,4608,4608,3776,3376,3232,9269602,5711011,3371066,3295691
300003,supply,5,0,1,15.479475514330574,2421.8309550145536,0.050000000000000003,9,6,4608,4608,3776,928,824,9559570,6083974,4509205,905656
300003,supply,5,0.34999999999999998,0,6.9872942564937173,67.867139165128947,0.78000000000000003,9,0,4608,4608,4160,3160,2856,9659529,5574583,3590487,2941027
300003,supply,5,0.34999999999999998,1,15.031318071381815,2118.5523287467045,0.080000000000000002,9,6,4608,4608,4160,1032,832,9873863,5673123,3563700,858425
300003,supply,5,1,0,6.1349008953209472,107.7394269137731,0.81000000000000016,9,0,4608,4608,4416,1912,1448,9605887,5876719,3944494,1505491
300003,supply,5,1,1,14.520327461241713,1815.2737024788553,0.11,9,6,4608,4608,4416,1048,776,9812344,6115700,3510610,889533
300003,capacity,0,0,0,3.7087479620009569,748.31416660336311,1.0100000000000005,59,0,0,30208,16000,12344,10928,0,38982348,23092357,11860689
300003,capacity,0,0,1,9.7734949013836356,4517.3281484385452,0.13,59,38,0,30208,23488,5016,4416,0,49649909,23504335,4740670
300003,capacity,0,0.34999999999999998,0,3.9491553473771401,777.81712273943299,1.0900000000000005,59,0,0,30208,25792,16208,12608,0,39262080,23478978,12903836
300003,capacity,0,0.34999999999999998,1,9.7767547753933535,4423.4895904794748,0.28999999999999998,59,38,0,30208,27840,6680,5024,0,40439213,25599498,6595521
300003,capacity,0,1,0,4.4130732297121513,947.29916523371094,1.1700000000000004,59,0,0,30208,28416,14624,8912,0,38291252,23678802,9572906
300003,capacity,0,1,1,9.7767547753933535,4423.4895904794739,0.28999999999999998,59,38,0,30208,29568,7880,5208,0,38754715,23167054,5449941
300003,capacity,2,0,0,4.4842965025148391,1287.120721173962,0.44999999999999996,19,0,9728,9728,6464,4728,4416,18863045,11672270,7102711,4355216
300003,capacity,2,0,1,9.8020170863453302,4582.6970124985364,0,19,13,9728,9728,7808,1584,1312,19205679,12337352,7373918,1395037
300003,capacity,2,0.34999999999999998,0,4.5073815327869013,1299.075225625141,0.49999999999999994,19,0,9728,9728,8064,5088,4336,19393006,11780622,7283636,4500036
300003,capacity,2,0.34999999999999998,1,9.8706904951889385,4689.6970124985355,0.029999999999999999,19,13,9728,9728,8896,2104,1568,20118427,11975864,7533271,1657382
300003,capacity,2,1,0,4.6747055421552837,1360.851328670984,0.54000000000000004,19,0,9728,9728,9280,4216,2704,21060879,13351122,7968870,3358492
300003,capacity,2,1,1,9.930690495188939,4689.6970124985355,0.089999999999999997,19,13,9728,9728,9536,2328,1696,20515006,12392894,8299680,1845324
300003,capacity,5,0,0,4.5885130303533908,1467.6038547998166,0.15000000000000002,9,0,4608,4608,2368,1792,1656,9910651,6777392,3422897,2046216
300003,capacity,5,0,1,9.8020170863453302,4582.6970124985364,0,9,6,4608,4608,3648,704,624,9383836,5900896,3636760,681522
300003,capacity,5,0.34999999999999998,0,4.7097355892576598,1534.735993382556,0.16,9,0,4608,4608,3200,2136,1848,16193014,9783699,6533200,6952272
300003,capacity,5,0.34999999999999998,1,9.8706904951889385,4689.6970124985355,0.029999999999999999,9,6,4608,4608,4160,1000,800,8995350,5778760,3550539,787360
300003,capacity,5,1,0,7.2492431406134905,2796.7178257115306,0.17000000000000001,9,0,4608,4608,4480,2056,1360,9663344,5683953,3666563,1312620
300003,capacity,5,1,1,9.930690495188939,4689.6970124985355,0.089999999999999997,9,6,4608,4608,4480,1016,728,9482502,5568126,3553161,742742
300003,demand,0,0,0,0.6366545782110582,0,0.58999999999999997,59,0,0,30208,10560,7960,6824,0,46021908,27809410,8002036
300003,demand,0,0,1,0.6366545782110582,0,0.58999999999999997,59,0,0,30208,10560,7856,6584,0,40025088,23925599,7228795
300003,demand,0,0.34999999999999998,0,0.55285714285714294,0,0.51000000000000012,59,0,0,30208,15872,9344,6904,0,39212272,23726446,7200231
300003,demand,0,0.34999999999999998,1,0.55285714285714294,0,0.51000000000000012,59,0,0,30208,15872,9256,6688,0,45286749,29856245,7538423
300003,demand,0,1,0,1.375439405825714,8.2854847783498755,1.2800000000000005,59,0,0,30208,24832,13368,8272,0,38506880,23361211,8965722
300003,demand,0,1,1,1.375439405825714,8.2854847783498755,1.2800000000000005,59,0,0,30208,24832,13336,8224,0,39321449,27275390,8661578
300003,demand,2,0,0,0.60433850324834359,89.253639700685085,0.20000000000000001,19,0,9728,9728,3840,2760,2504,20172658,13441521,8039990,2750238
300003,demand,2,0,1,1.0098539798472919,305.16889204509562,0.22,19,1,9728,9728,3904,2368,2160,21353583,13676050,8986014,2335290
300003,demand,2,0.34999999999999998,0,0.67345054571018836,89.253639700685085,0.27999999999999997,19,0,9728,9728,5760,3320,2616,21541665,14922305,7894086,3849551
300003,demand,2,0.34999999999999998,1,1.1678768540082514,304.48591107329838,0.35999999999999999,19,1,9728,9728,7168,4072,2936,20106570,12339035,7745862,3032748
300003,demand,2,1,0,1.037494382711833,131.55370289032251,0.60000000000000009,19,0,9728,9728,7872,4040,2616,20301442,13245927,8003397,2724482
300003,demand,2,1,1,1.4140088997486118,277.10442231219889,0.58999999999999997,19,1,9728,9728,7744,3800,2568,20678973,13235988,7638460,2633876
300003,demand,5,0,0,1.0690619268498336,337.01791850703228,0.22999999999999998,9,0,4608,4608,2688,1856,1504,9946374,6025143,3631511,1632363
300003,demand,5,0,1,1.0690619268498336,337.01791850703228,0.22999999999999998,9,0,4608,4608,2688,1760,1416,9648347,5674174,3683119,1728018
300003,demand,5,0.34999999999999998,0,1.0690619268498336,337.01791850703228,0.22999999999999998,9,0,4608,4608,3392,1904,1312,10876666,6622826,4241092,1505204
300003,demand,5,0.34999999999999998,1,1.0690619268498336,337.01791850703228,0.22999999999999998,9,0,4608,4608,3392,1888,1312,9627314,5906637,3451278,1347422
300003,demand,5,1,0,1.4230105574647851,282.35167295390272,0.42999999999999994,9,0,4608,4608,3648,1712,1296,10830390,6840333,3852255,1582260
300003,demand,5,1,1,1.4230105574647851,282.35167295390272,0.42999999999999994,9,0,4608,4608,3648,1712,1296,9590683,5832806,3483507,1431340
300003,combined,0,0,0,1.6402116324772555,120.37150123198845,1.3100000000000005,59,0,0,30208,18432,13264,10360,0,42825748,26073146,12359473
300003,combined,0,0,1,1.6478878886241271,156.22614341917367,1.1300000000000003,59,3,0,30208,19200,12096,9240,0,44755948,24539021,10100791
300003,combined,0,0.34999999999999998,0,2.0364640034246948,127.23492291542317,1.6600000000000006,59,0,0,30208,22976,13984,10264,0,38007832,23469086,11064550
300003,combined,0,0.34999999999999998,1,1.6213366108319172,155.28420445696281,1.1300000000000003,59,3,0,30208,24128,13368,9040,0,43020004,29463136,10532457
300003,combined,0,1,0,1.8882395694888789,30.726081975843773,1.8399999999999999,59,0,0,30208,22528,12200,8136,0,45543256,30185787,12381495
300003,combined,0,1,1,1.9737862074319437,18.970363325033247,1.8399999999999999,59,3,0,30208,22976,11688,7976,0,47746767,29997060,9445270
300003,combined,2,0,0,1.6805609797628673,203.18881930748577,0.9700000000000002,19,0,9728,9728,6848,5256,4408,20962701,12745800,7753672,5062379
300003,combined,2,0,1,1.8624291742152153,213.25053949155949,0.9700000000000002,19,1,9728,9728,6848,4496,3640,20749851,13269562,7478300,3770772
300003,combined,2,0.34999999999999998,0,1.7176668693147632,213.25053949155949,0.9700000000000002,19,0,9728,9728,8704,5424,4056,19707870,12227414,7466132,4251778
300003,combined,2,0.34999999999999998,1,1.8624291742152153,213.25053949155949,0.9700000000000002,19,1,9728,9728,8704,4728,3328,24742221,18601719,8924311,3400521
300003,combined,2,1,0,2.1225643147684732,314.00882854341421,1.0500000000000003,19,0,9728,9728,9472,5096,3088,19249370,11659177,7410617,3172600
300003,combined,2,1,1,2.0190741001150725,236.96362722679334,1.0200000000000002,19,1,9728,9728,9472,4448,2696,21010322,11913113,7242153,2810875
300003,combined,5,0,0,1.7595373278409909,301.0683390769463,0.55000000000000004,9,0,4608,4608,3648,2744,2216,11986203,5784219,5167230,2450220
300003,combined,5,0,1,1.7595373278409909,301.0683390769463,0.55000000000000004,9,0,4608,4608,3648,2424,1824,8984202,5577100,3418320,1763570
300003,combined,5,0.34999999999999998,0,1.8404847902418853,304.98484893037732,0.6100000000000001,9,0,4608,4608,4352,2864,2152,9282282,5525752,3813727,2273600
300003,combined,5,0.34999999999999998,1,1.8404847902418853,304.98484893037732,0.6100000000000001,9,0,4608,4608,4352,2552,1784,9810029,5773293,3473451,2192700
300003,combined,5,1,0,2.1486362314792444,385.3193565018442,0.59000000000000008,9,0,4608,4608,4480,2776,1792,10027899,6515494,3781997,2073140
300003,combined,5,1,1,2.1486362314792444,385.3193565018442,0.59000000000000008,9,0,4608,4608,4480,2576,1624,10082066,6846626,3913928,1801665
300004,normal,0,0,0,0,0,0,59,0,0,30208,5184,4168,3952,0,44350637,26707028,4872729
300004,normal,0,0,1,0,0,0,59,0,0,30208,5184,4168,3952,0,44494617,27913272,5650600
300004,normal,0,0.34999999999999998,0,0.12,0,0.12,59,0,0,30208,14144,7784,5296,0,38937113,22988232,5879095
300004,normal,0,0.34999999999999998,1,0.12,0,0.12,59,0,0,30208,14144,7784,5296,0,41003398,25164425,5814076
300004,normal,0,1,0,0.3600000000000001,0,0.3600000000000001,59,0,0,30208,20288,10912,6512,0,38763836,24019717,6740809
300004,normal,0,1,1,0.3600000000000001,0,0.3600000000000001,59,0,0,30208,20288,10912,6512,0,40454251,23301248,6725540
300004,normal,2,0,0,0,0,0,19,0,9728,9728,1472,1256,1248,19876013,13435770,8201598,1667646
300004,normal,2,0,1,0,0,0,19,0,9728,9728,1472,1256,1248,22339280,16009948,9461054,1408385
300004,normal,2,0.34999999999999998,0,0.029999999999999999,0,0.029999999999999999,19,0,9728,9728,4416,2464,1672,21184605,13003656,7997031,2006650
300004,normal,2,0.34999999999999998,1,0.029999999999999999,0,0.029999999999999999,19,0,9728,9728,4416,2464,1672,20097073,12195160,7523085,1825667
300004,normal,2,1,0,0.14999999999999999,0,0.14999999999999999,19,0,9728,9728,5952,3280,2088,21129056,12946592,7886776,2057755
300004,normal,2,1,1,0.14999999999999999,0,0.14999999999999999,19,0,9728,9728,5952,3280,2088,21559839,13618971,7795366,2230280
300004,normal,5,0,0,0,0,0,9,0,4608,4608,704,600,592,9082150,5981377,3352542,690275
300004,normal,5,0,1,0,0,0,9,0,4608,4608,704,600,592,10827394,8279717,3800006,684825
300004,normal,5,0.34999999999999998,0,0,0,0,9,0,4608,4608,2176,1152,832,12182298,7887897,5448505,1217769
300004,normal,5,0.34999999999999998,1,0,0,0,9,0,4608,4608,2176,1152,832,10520452,6092505,4340983,987402
300004,normal,5,1,0,0.059999999999999998,0,0.059999999999999998,9,0,4608,4608,2880,1600,976,10241660,6252779,3907696,1069123
300004,normal,5,1,1,0.059999999999999998,0,0.059999999999999998,9,0,4608,4608,2880,1600,976,14945146,7054919,3556477,1033280
300004,supply,0,0,0,1.3913606241824938,0,1.3800000000000003,59,0,0,30208,14400,10752,9176,0,43255544,24066477,9966959
300004,supply,0,0,1,1.3913606241824938,0,1.3800000000000003,59,1,0,30208,14848,10928,9184,0,38903450,24167003,9672528
300004,supply,0,0.34999999999999998,0,1.2042350446589791,0,1.2000000000000002,59,0,0,30208,17984,10744,7656,0,39087127,24256893,8477597
300004,supply,0,0.34999999999999998,1,1.2042350446589791,0,1.2000000000000002,59,0,0,30208,17984,10744,7656,0,44279648,23951449,9029388
300004,supply,0,1,0,1.3842350446589791,0,1.3800000000000003,59,0,0,30208,23936,13144,7696,0,41867509,25039749,8864572
300004,supply,0,1,1,1.3842350446589791,0,1.3800000000000003,59,0,0,30208,23936,13144,7696,0,42586171,26115669,8687565
300004,supply,2,0,0,1.1641045924304096,0,0.80000000000000016,19,0,9728,9728,4608,3352,3040,20158937,12777767,7784321,3284198
300004,supply,2,0,1,1.5694869853049895,0,0.80000000000000016,19,1,9728,9728,5120,3240,2784,20412640,12965387,8188351,2949882
300004,supply,2,0.34999999999999998,0,1.1641045924304096,0,0.80000000000000016,19,0,9728,9728,6592,3896,2984,21196720,12557073,8756009,3909457
300004,supply,2,0.34999999999999998,1,1.5694869853049895,0,0.80000000000000016,19,1,9728,9728,6912,3640,2648,22553072,12505726,8044172,2794958
300004,supply,2,1,0,1.2357523162303701,0.58716765313027963,0.89000000000000024,19,0,9728,9728,8064,4032,2632,22610857,18940339,7556094,3087610
300004,supply,2,1,1,1.6033682920524368,2.4802487703166811,0.86000000000000021,19,1,9728,9728,8192,3704,2424,24183032,14008074,8274008,2938864
300004,supply,5,0,0,1.936354188999847,0,0.63,9,0,4608,4608,2752,2136,1984,12577624,6165968,3778623,2085167
300004,supply,5,0,1,1.936354188999847,0,0.63,9,0,4608,4608,2752,2104,1784,8861373,5626635,3360582,1814156
300004,supply,5,0.34999999999999998,0,1.936354188999847,0,0.63,9,0,4608,4608,3648,2368,1816,8942787,5618650,3299873,1804585
300004,supply,5,0.34999999999999998,1,1.936354188999847,0,0.63,9,0,4608,4608,3648,2368,1672,9352639,5460965,3350488,1667745
300004,supply,5,1,0,1.905243077888737,0,0.66000000000000003,9,0,4608,4608,4288,2264,1320,8966513,5509355,3370027,1351392
300004,supply,5,1,1,1.905243077888737,0,0.66000000000000003,9,0,4608,4608,4288,2264,1320,8906073,5395444,3310596,1339839
300004,capacity,0,0,0,5.3232320532039736,1679.9859769272684,1.0200000000000002,59,0,0,30208,19648,15144,13248,0,36718039,22290927,13572229
300004,capacity,0,0,1,10.432963140836979,5414.9588567892179,0.080000000000000002,59,37,0,30208,23488,5152,4336,0,38014128,22479709,4403022
300004,capacity,0,0.34999999999999998,0,6.5506888014729006,2555.3053296818039,0.89000000000000024,59,0,0,30208,25024,17544,14328,0,38411757,24117344,16360585
300004,capacity,0,0.34999999999999998,1,10.550252889186055,5582.7437866516757,0.11,59,37,0,30208,27008,6872,4792,0,38735459,23661417,5062389
300004,capacity,0,1,0,7.2203228149549332,3072.4676995384239,0.88000000000000023,59,0,0,30208,29120,15208,8312,0,42584275,26586243,9479294
300004,capacity,0,1,1,10.550252889186055,5582.7437866516757,0.11,59,37,0,30208,29120,8528,5040,0,41699899,24288443,5585443
300004,capacity,2,0,0,7.0362302504440546,3107.9955971147074,0.37999999999999995,19,0,9728,9728,7040,5936,5504,21176230,12181009,8432407,6082209
300004,capacity,2,0,1,10.432963140836979,5414.9588567892179,0.080000000000000002,19,12,9728,9728,7808,1856,1528,21239032,13521664,7452972,2643842
300004,capacity,2,0.34999999999999998,0,7.2416385119560474,3177.2462073499105,0.35999999999999999,19,0,9728,9728,8576,6320,5392,21112938,12834591,8029940,6173360
300004,capacity,2,0.34999999999999998,1,10.432963140836979,5414.9588567892179,0.080000000000000002,19,12,9728,9728,8768,2280,1616,21483018,13033292,9212605,1775963
300004,capacity,2,1,0,7.8460598547813509,3570.9743959107814,0.26000000000000001,19,0,9728,9728,9280,4504,2760,22675124,13220288,10580269,3202341
300004,capacity,2,1,1,10.432963140836979,5414.9588567892179,0.080000000000000002,19,12,9728,9728,9344,2776,1672,20813414,13386542,7640242,1801928
300004,capacity,5,0,0,8.2368338151333536,3876.0692505362276,0.20000000000000001,9,0,4608,4608,3648,3248,3056,9464564,7013315,3399343,3952438
300004,capacity,5,0,1,11.324505307746312,6008.6710986956032,0.050000000000000003,9,6,4608,4608,3840,960,800,9729556,5911181,3767206,1041934
300004,capacity,5,0.34999999999999998,0,8.3571692853865009,3981.3684248148697,0.18000000000000002,9,0,4608,4608,4032,3256,2880,9053795,5580664,3618493,2995782
300004,capacity,5,0.34999999999999998,1,11.324505307746312,6008.6710986956032,0.050000000000000003,9,6,4608,4608,4096,1104,800,9163328,5930430,3620816,795402
300004,capacity,5,1,0,10.197391731744572,5081.170666080614,0.15000000000000002,9,0,4608,4608,4288,2048,1312,9408054,5811263,3454183,1390056
300004,capacity,5,1,1,11.324505307746312,6008.6710986956032,0.050000000000000003,9,6,4608,4608,4288,1264,816,9291094,6059845,5864201,830012
300004,demand,0,0,0,1.0050671827176205,0.00029021818816232781,0.91000000000000048,59,0,0,30208,17216,12096,9384,0,37985765,23317137,9647198
300004,demand,0,0,1,1.0050671827176205,0.00029021818816232781,0.91000000000000048,59,0,0,30208,17216,12096,9384,0,38111389,23433976,10301523
300004,demand,0,0.34999999999999998,0,1.3704253304246714,0.97483433317523804,1.2000000000000004,59,0,0,30208,23744,14000,10024,0,41762825,26155591,11753860
300004,demand,0,0.34999999999999998,1,1.3704253304246714,0.97483433317523804,1.2000000000000004,59,0,0,30208,23744,14000,10024,0,42393533,25033750,11723514
300004,demand,0,1,0,1.851689163326959,18.363241561554279,1.6700000000000008,59,0,0,30208,27200,14464,9096,0,42492252,25946406,10223398
300004,demand,0,1,1,1.851689163326959,18.363241561554279,1.6700000000000008,59,0,0,30208,27200,14464,9096,0,41217240,25478592,10264041
300004,demand,2,0,0,0.63674287601742352,27.80928149859097,0.56000000000000005,19,0,9728,9728,5440,3568,2952,20951505,12801276,7754314,3538271
300004,demand,2,0,1,0.63674287601742352,27.80928149859097,0.56000000000000005,19,0,9728,9728,5440,3568,2952,22271401,13352825,7724200,3615784
300004,demand,2,0.34999999999999998,0,0.91466537715395069,41.298420767375333,0.78000000000000025,19,0,9728,9728,7936,4312,3304,20473584,11735274,7954068,3549740
300004,demand,2,0.34999999999999998,1,0.91466537715395069,41.298420767375333,0.78000000000000025,19,0,9728,9728,7936,4312,3304,21240895,12929192,7543273,4130358
300004,demand,2,1,0,1.4301514486957012,9.430214629593646,1.1300000000000003,19,0,9728,9728,8448,4032,3120,20557477,12650404,7950692,3606736
300004,demand,2,1,1,1.4301514486957012,9.430214629593646,1.1300000000000003,19,0,9728,9728,8448,4032,3120,21302906,12908986,8512608,3814291
300004,demand,5,0,0,1.4366962453094914,335.52243625189629,0.25,9,0,4608,4608,3520,2392,2152,10737558,8350353,3662428,2889563
300004,demand,5,0,1,1.9240781408165997,566.94686917111824,0.28000000000000003,9,1,4608,4608,3584,2080,1880,10132492,6222022,3679426,2014684
300004,demand,5,0.34999999999999998,0,1.5184671159259577,353.65543864123038,0.27999999999999997,9,0,4608,4608,4096,2480,2088,11641109,6522967,3571399,2453313
300004,demand,5,0.34999999999999998,1,2.0862768330835579,486.53124664901827,0.42999999999999999,9,1,4608,4608,3904,2184,1864,9547982,5861709,3433074,2001468
300004,demand,5,1,0,1.4804427277955616,338.77172488186267,0.34000000000000002,9,0,4608,4608,4352,2336,1800,9913483,6778784,3584471,1807567
300004,demand,5,1,1,2.0535664822676694,450.9149556098796,0.45999999999999996,9,1,4608,4608,4352,1648,1352,10420498,5890890,3467944,1419943
300004,combined,0,0,0,1.1415471318627026,0,1.0900000000000003,59,0,0,30208,10624,8456,7616,0,40890646,27281475,10450600
300004,combined,0,0,1,1.1476777663854834,0,1.0900000000000003,59,1,0,30208,11904,8720,7296,0,45464836,27081033,11201552
300004,combined,0,0.34999999999999998,0,1.5387288495903801,0.49985341063023725,1.4400000000000004,59,0,0,30208,18048,11320,8968,0,46176730,28326227,14874669
300004,combined,0,0.34999999999999998,1,1.2380260338956683,0.49985341063023725,1.1800000000000002,59,1,0,30208,18944,11112,7896,0,43299304,28654656,9579172
300004,combined,0,1,0,2.2526743158754128,19.236744263909387,2.04,59,0,0,30208,25728,13672,9304,0,44146859,28922570,10480784
300004,combined,0,1,1,2.763499814369466,19.236744263909387,2.5099999999999993,59,1,0,30208,23808,10712,8464,0,44119688,25822158,9534142
300004,combined,2,0,0,2.4834474944839302,155.12642953491232,1.0300000000000002,19,0,9728,9728,6080,4720,4360,21278298,13162527,7524156,5161413
300004,combined,2,0,1,13.866631561505574,1645.1075477757884,0.050000000000000003,19,12,9728,9728,7104,1632,1592,22444747,13082479,7748187,1988693
300004,combined,2,0.34999999999999998,0,2.339440905537244,52.19110046562173,1.02,19,0,9728,9728,7488,4528,3720,25285635,14111693,8747103,4922840
300004,combined,2,0.34999999999999998,1,13.866631561505574,1645.1075477757884,0.050000000000000003,19,12,9728,9728,7936,1904,1720,23339794,12913669,8413809,3776342
300004,combined,2,1,0,2.8270464312530774,66.419188413831989,0.87000000000000033,19,0,9728,9728,8576,4152,2704,20661667,13387058,8070953,2899072
300004,combined,2,1,1,12.462674380529847,968.47607287035282,0.080000000000000002,19,12,9728,9728,8576,2168,1688,22641807,15008295,8547313,2322032
300004,combined,5,0,0,4.7150462691256729,671.15758371352604,0.59999999999999998,9,0,4608,4608,3264,2928,2832,10312842,7468381,4408775,4130416
300004,combined,5,0,1,9.4185818824508729,2203.0100329222882,0,9,6,4608,4608,3264,576,576,10471805,6858773,3833556,685807
300004,combined,5,0.34999999999999998,0,4.2072452226818351,970.80194701002472,0.59999999999999998,9,0,4608,4608,3776,2808,2440,10689830,7314209,3674046,2614005
300004,combined,5,0.34999999999999998,1,9.4185818824508729,2203.0100329222882,0,9,6,4608,4608,3776,800,640,10317366,5829720,3652886,738988
300004,combined,5,1,0,5.1123247342634608,996.0607550370521,0.63,9,0,4608,4608,4160,1824,1416,9725152,6229564,3493412,1491621
300004,combined,5,1,1,9.7393516119983534,2336.3600397044725,0.029999999999999999,9,6,4608,4608,4160,1048,800,9620200,5594512,3452921,797764
300005,normal,0,0,0,0.45223383495629532,0,0.43000000000000005,59,0,0,30208,9280,6560,5992,0,42308521,27893296,7681086
300005,normal,0,0,1,0.45223383495629532,0,0.43000000000000005,59,0,0,30208,9280,6560,5992,0,44085008,27093705,7324804
300005,normal,0,0.34999999999999998,0,0.56095415649818603,0,0.54000000000000004,59,0,0,30208,13184,7632,6376,0,40531488,25523490,8803636
300005,normal,0,0.34999999999999998,1,0.56095415649818603,0,0.54000000000000004,59,0,0,30208,13184,7632,6376,0,40151301,23977404,8331322
300005,normal,0,1,0,0.74130284040594041,0,0.72000000000000008,59,0,0,30208,14464,7784,6256,0,40077962,25024757,7643641
300005,normal,0,1,1,0.74130284040594041,0,0.72000000000000008,59,0,0,30208,14464,7784,6256,0,45186866,29580269,9282390
300005,normal,2,0,0,0.17301775974594943,0,0.17000000000000001,19,0,9728,9728,3008,2224,1912,20352018,13129722,9257521,2293289
300005,normal,2,0,1,0.17301775974594943,0,0.17000000000000001,19,0,9728,9728,3008,2224,1912,20716136,12358118,7425891,2272207
300005,normal,2,0.34999999999999998,0,0.29301775974594946,0,0.29000000000000004,19,0,9728,9728,4480,2504,2096,19687779,12408307,7176953,2303580
300005,normal,2,0.34999999999999998,1,0.29301775974594946,0,0.29000000000000004,19,0,9728,9728,4480,2504,2096,20221734,11588975,7655305,2431072
300005,normal,2,1,0,0.49572574015446147,0,0.49000000000000021,19,0,9728,9728,6976,3272,2552,20258019,12847056,7158777,2627629
300005,normal,2,1,1,0.49572574015446147,0,0.49000000000000021,19,0,9728,9728,6976,3272,2552,21994307,12750737,8758085,3135325
300005,normal,5,0,0,0.26299182110830438,8.5688797262434946,0.26000000000000001,9,0,4608,4608,2688,1960,1648,9502546,5912206,3857772,1907206
300005,normal,5,0,1,0.26299182110830438,8.5688797262434946,0.26000000000000001,9,0,4608,4608,2688,1960,1648,9027816,5558961,3728276,1742481
300005,normal,5,0.34999999999999998,0,0.32299182110830438,3.171302099304615,0.32000000000000006,9,0,4608,4608,3968,2048,1688,9143931,5739613,3501306,1801470
300005,normal,5,0.34999999999999998,1,0.32299182110830438,3.171302099304615,0.32000000000000006,9,0,4608,4608,3968,2048,1688,10236701,7369052,3802831,1729912
300005,normal,5,1,0,0.3433600664479966,0,0.25,9,0,4608,4608,3840,1928,1488,10540834,6795740,3571700,1591330
300005,normal,5,1,1,0.3433600664479966,0,0.25,9,0,4608,4608,3840,1928,1488,9057911,5574104,3350676,1540975
300005,supply,0,0,0,0.96240687736895503,0,0.96000000000000008,59,0,0,30208,9600,7520,6632,0,39552266,23210806,7224799
300005,supply,0,0,1,0.96240687736895503,0,0.96000000000000008,59,0,0,30208,9600,7520,6632,0,37214513,25149740,7880179
300005,supply,0,0.34999999999999998,0,1.1424068773689551,0,1.1400000000000001,59,0,0,30208,19136,11736,7848,0,38515142,23673670,8208501
300005,supply,0,0.34999999999999998,1,1.1424068773689551,0,1.1400000000000001,59,0,0,30208,19136,11736,7848,0,41693007,23978475,9544415
300005,supply,0,1,0,1.3524068773689553,0,1.3500000000000003,59,0,0,30208,24576,14424,7632,0,39899997,24494101,8854655
300005,supply,0,1,1,1.3524068773689553,0,1.3500000000000003,59,0,0,30208,24576,14424,7632,0,38544853,24325200,7826944
300005,supply,2,0,0,1.21790171459796,0,0.63,19,0,9728,9728,3968,3056,2784,21060595,14348120,7711470,2942603
300005,supply,2,0,1,1.6445481317249013,0,0.63,19,1,9728,9728,4416,2872,2432,19527064,12142909,7056022,2617924
300005,supply,2,0.34999999999999998,0,1.3079017145979599,0,0.72000000000000008,19,0,9728,9728,6080,3608,2752,19492641,12541241,7485938,2926985
300005,supply,2,0.34999999999999998,1,1.7345481317249014,0,0.72000000000000008,19,1,9728,9728,6400,3416,2440,19790401,13671258,8345635,2551135
300005,supply,2,1,0,1.36790171459796,0,0.78000000000000014,19,0,9728,9728,7104,3512,2064,21218037,12422421,7361261,2789218
300005,supply,2,1,1,1.7345481317249014,0,0.72000000000000008,19,1,9728,9728,7296,3528,2088,19943774,12092756,7958604,2155054
300005,supply,5,0,0,2.146037004374731,49.114613863818512,0.59999999999999998,9,0,4608,4608,3072,2112,1992,9610744,5889350,3420273,2018496
300005,supply,5,0,1,2.146037004374731,49.114613863818512,0.59999999999999998,9,0,4608,4608,3072,1864,1560,9445766,5879195,3614727,1574284
300005,supply,5,0.34999999999999998,0,2.0483357429393783,0,0.66000000000000003,9,0,4608,4608,3136,1936,1704,9398774,5548143,3519512,1978753
300005,supply,5,0.34999999999999998,1,2.0483357429393783,0,0.66000000000000003,9,0,4608,4608,3136,1712,1336,9444122,5695096,3514566,1333552
300005,supply,5,1,0,2.1083357429393783,0,0.72000000000000008,9,0,4608,4608,3648,1616,1128,9653951,5586231,3901449,1308746
300005,supply,5,1,1,2.1083357429393783,0,0.72000000000000008,9,0,4608,4608,3648,1544,1024,9578107,5669430,4855278,1056814
300005,capacity,0,0,0,3.3605441198324013,471.16252336876806,1.4700000000000006,59,0,0,30208,18880,13776,11480,0,39212930,24202037,12388934
300005,capacity,0,0,1,6.1118516760915833,2138.9678873593912,0.60000000000000009,59,21,0,30208,21248,8896,7208,0,40848925,24690420,10600997
300005,capacity,0,0.34999999999999998,0,3.3716009262108222,555.0817948064074,1.2600000000000007,59,0,0,30208,26112,16520,11624,0,38823890,23931512,13162630
300005,capacity,0,0.34999999999999998,1,6.1205289876208706,2138.9678873593912,0.6100000000000001,59,21,0,30208,25984,10544,7240,0,39848807,25053988,8053988
300005,capacity,0,1,0,3.5956888511760705,601.85203696098074,1.3600000000000005,59,0,0,30208,28736,16056,9040,0,38580968,23659290,9780126
300005,capacity,0,1,1,6.3843087445792071,2149.030588362863,0.7300000000000002,59,21,0,30208,28224,11008,6800,0,39592459,24082959,7190475
300005,capacity,2,0,0,3.7182634235693839,909.33345224877792,0.71000000000000008,19,0,9728,9728,6976,5152,4592,20022111,14807859,10244642,4842896
300005,capacity,2,0,1,6.7014283034503048,2580.8085905766161,0.26999999999999996,19,8,9728,9728,7488,2648,2344,20047392,12314136,7335091,2512887
300005,capacity,2,0.34999999999999998,0,3.7937479040987081,949.2101877109418,0.69000000000000017,19,0,9728,9728,8704,5608,4672,20042964,12389370,10835433,5047099
300005,capacity,2,0.34999999999999998,1,6.7659727353002248,2580.8085905766161,0.26999999999999996,19,8,9728,9728,8704,2872,2288,20001962,12333474,7321853,2400156
300005,capacity,2,1,0,4.1449183550314812,978.62645358666884,0.82000000000000017,19,0,9728,9728,9408,4376,3280,20263309,12759587,7798451,3570980
300005,capacity,2,1,1,6.8565718049440534,2568.760067911669,0.37999999999999995,19,8,9728,9728,9344,3056,2312,20274943,13517153,7605010,2582548
300005,capacity,5,0,0,4.4746893528159042,1424.3164940885072,0.34999999999999992,9,0,4608,4608,3072,2480,2232,9644534,5610940,3464508,2207661
300005,capacity,5,0,1,7.0662394207340586,2735.7501710797569,0.26999999999999996,9,4,4608,4608,3904,1464,1280,8945974,5413842,3472552,1259612
300005,capacity,5,0.34999999999999998,0,4.4746893528159042,1424.3164940885072,0.34999999999999992,9,0,4608,4608,4032,2616,2216,10466156,5640531,4523437,2303256
300005,capacity,5,0.34999999999999998,1,7.0662394207340586,2735.7501710797569,0.26999999999999996,9,4,4608,4608,4416,1560,1296,9763467,5617649,3467152,1289685
300005,capacity,5,1,0,4.5035260764364073,1424.3164940885072,0.37999999999999995,9,0,4608,4608,4288,2152,1560,9526091,5764902,3694676,1628849
300005,capacity,5,1,1,7.0662394207340586,2735.7501710797569,0.26999999999999996,9,4,4608,4608,4608,1576,1160,8936782,5510810,3485260,1202221
300005,demand,0,0,0,0.96701758423904172,0.68790888515433579,0.90000000000000036,59,0,0,30208,16000,11472,9296,0,39841548,24149243,10384996
300005,demand,0,0,1,0.96701758423904172,0.68790888515433579,0.90000000000000036,59,0,0,30208,16000,11472,9296,0,37970633,23462745,9727952
300005,demand,0,0.34999999999999998,0,0.96864402427023255,0,0.89000000000000024,59,0,0,30208,21568,13096,8744,0,37885332,22685887,9669977
300005,demand,0,0.34999999999999998,1,0.96864402427023255,0,0.89000000000000024,59,0,0,30208,21568,13096,8744,0,41336686,25370589,9637860
300005,demand,0,1,0,1.3360281328156554,1.3571817189576336,1.2500000000000007,59,0,0,30208,24768,13968,8280,0,39688677,24358692,8834932
300005,demand,0,1,1,1.3360281328156554,1.3571817189576336,1.2500000000000007,59,0,0,30208,24768,13968,8280,0,38764203,23718270,8891213
300005,demand,2,0,0,0.99137708301441752,19.880887375097423,0.57999999999999996,19,0,9728,9728,6208,4488,3888,20498622,12482063,8332658,4106457
300005,demand,2,0,1,0.99137708301441752,19.880887375097423,0.57999999999999996,19,0,9728,9728,6208,4272,3504,20674698,12847954,8229278,4140300
300005,demand,2,0.34999999999999998,0,0.77553747484459112,15.024668472154861,0.63,19,0,9728,9728,7424,4304,3224,21889647,13239893,7300870,3498660
300005,demand,2,0.34999999999999998,1,0.77553747484459112,15.024668472154861,0.63,19,0,9728,9728,7424,4304,3224,21423533,12477634,7492051,3701758
300005,demand,2,1,0,0.69636142189458894,5.9132697707140238,0.57999999999999996,19,0,9728,9728,8064,3896,2648,20732165,12638228,8008905,2679501
300005,demand,2,1,1,0.69636142189458894,5.9132697707140238,0.57999999999999996,19,0,9728,9728,8064,3896,2648,20640116,12611909,7514772,3022470
300005,demand,5,0,0,0.82565245277012356,47.981969425846231,0.29999999999999999,9,0,4608,4608,2880,2136,1984,9226466,6105394,3509016,2320614
300005,demand,5,0,1,0.82565245277012356,47.981969425846231,0.29999999999999999,9,0,4608,4608,2880,1952,1832,9452127,5515028,3696141,1970232
300005,demand,5,0.34999999999999998,0,0.85474304091355036,47.807727873976667,0.32999999999999996,9,0,4608,4608,3584,2240,2000,9930270,5836528,3677379,1958826
300005,demand,5,0.34999999999999998,1,0.85474304091355036,47.807727873976667,0.32999999999999996,9,0,4608,4608,3584,2104,1896,8947546,5549917,3818403,1867441
300005,demand,5,1,0,0.9660324297208821,18.356187656945906,0.42999999999999994,9,0,4608,4608,3776,1816,1616,10833838,5826132,3515258,1609449
300005,demand,5,1,1,0.9660324297208821,18.356187656945906,0.42999999999999994,9,0,4608,4608,3776,1816,1616,9046455,6299068,3650081,1607909
300005,combined,0,0,0,1.5844484645222161,0.21887247462965931,1.4900000000000004,59,0,0,30208,16512,11832,9648,0,37635811,23305219,10261767
300005,combined,0,0,1,1.5844484645222161,0.21887247462965931,1.4900000000000004,59,0,0,30208,16512,11808,9552,0,37773163,23310343,10002624
300005,combined,0,0.34999999999999998,0,1.4644376688342176,0.34245828378580967,1.3700000000000003,59,0,0,30208,22080,13400,9320,0,36532975,23102628,9873300
300005,combined,0,0.34999999999999998,1,1.4644376688342176,0.34245828378580967,1.3700000000000003,59,0,0,30208,22080,13352,9232,0,39812565,23556730,9760582
300005,combined,0,1,0,1.8004684890650908,0.34245828378580967,1.6900000000000004,59,0,0,30208,26816,15208,8688,0,40774456,24384631,10014145
300005,combined,0,1,1,1.8004684890650908,0.34245828378580967,1.6900000000000004,59,0,0,30208,26816,15208,8688,0,38458251,25570012,10397774
300005,combined,2,0,0,2.1698720539177314,45.902781314463866,0.80000000000000004,19,0,9728,9728,5824,4384,3896,19447955,11724715,7513339,4053390
300005,combined,2,0,1,9.2460737200614229,141.63106465035037,0.050000000000000003,19,11,9728,9728,7104,1656,1336,21831155,11866001,7391529,1401726
300005,combined,2,0.34999999999999998,0,2.3396347153795625,42.412429566078053,0.8600000000000001,19,0,9728,9728,7552,4664,3704,20415207,12268435,7524809,3656188
300005,combined,2,0.34999999999999998,1,11.038548161494248,637.67731470083379,0.080000000000000002,19,11,9728,9728,8256,2240,1544,21773486,11755933,7541124,1685487
300005,combined,2,1,0,2.5676879589735893,42.412429566078146,1.1000000000000001,19,0,9728,9728,8832,4184,2800,19947564,12057129,8058641,3142410
300005,combined,2,1,1,11.09854816149425,637.67731470083459,0.14000000000000001,19,11,9728,9728,9088,2624,1808,22655951,15586837,9216428,2054880
300005,combined,5,0,0,4.9060295605626676,175.96168916363092,0.60000000000000009,9,0,4608,4608,3520,2680,2520,10175727,6321953,3518564,2649437
300005,combined,5,0,1,9.2460737200614229,141.63106465035037,0.050000000000000003,9,5,4608,4608,3520,872,664,10350352,5779104,3882790,724544
300005,combined,5,0.34999999999999998,0,5.0075106109540624,160.33125744099581,0.63,9,0,4608,4608,3904,2584,2328,10069226,6377226,3932234,2556657
300005,combined,5,0.34999999999999998,1,11.038548161494248,637.67731470083379,0.080000000000000002,9,5,4608,4608,3904,1088,776,9809636,5790582,3539942,1146096
300005,combined,5,1,0,5.067510610954062,160.33125744099581,0.69000000000000006,9,0,4608,4608,4288,1728,1328,10553850,6639782,4556897,1579032
300005,combined,5,1,1,11.09854816149425,637.67731470083379,0.14000000000000001,9,5,4608,4608,4288,1224,928,11978757,6151405,4144445,1022503
300006,normal,0,0,0,0.11,0,0.11,59,0,0,30208,7168,5352,4456,0,37793276,23205043,5234368
300006,normal,0,0,1,0.11,0,0.11,59,0,0,30208,7168,5352,4456,0,39816598,26360109,4793999
300006,normal,0,0.34999999999999998,0,0.17000000000000001,0,0.17000000000000001,59,0,0,30208,14144,8024,5384,0,44779487,24161911,5896461
300006,normal,0,0.34999999999999998,1,0.17000000000000001,0,0.17000000000000001,59,0,0,30208,14144,8024,5384,0,43201347,27315173,6008339
300006,normal,0,1,0,0.47000000000000008,0,0.47000000000000008,59,0,0,30208,19968,11440,6680,0,41218920,24603727,7741482
300006,normal,0,1,1,0.47000000000000008,0,0.47000000000000008,59,0,0,30208,19968,11440,6680,0,39071597,23234635,6865903
300006,normal,2,0,0,0.050000000000000003,0,0.050000000000000003,19,0,9728,9728,2688,1864,1504,21433393,12979361,8485659,1829709
300006,normal,2,0,1,0.050000000000000003,0,0.050000000000000003,19,0,9728,9728,2688,1864,1504,19968332,13828544,7399608,1908459
300006,normal,2,0.34999999999999998,0,0.050000000000000003,0,0.050000000000000003,19,0,9728,9728,5056,2800,1832,19625264,12482222,7618791,1840450
300006,normal,2,0.34999999999999998,1,0.050000000000000003,0,0.050000000000000003,19,0,9728,9728,5056,2800,1832,19737589,12878488,7728473,1893887
300006,normal,2,1,0,0.16999999999999998,0,0.16999999999999998,19,0,9728,9728,7168,4008,2360,19046228,12302730,7132105,2294982
300006,normal,2,1,1,0.16999999999999998,0,0.16999999999999998,19,0,9728,9728,7168,4008,2360,19220707,11774413,7329935,2252069
300006,normal,5,0,0,0,0,0,9,0,4608,4608,1344,928,688,9281569,5702498,3294222,885475
300006,normal,5,0,1,0,0,0,9,0,4608,4608,1344,928,688,8918371,5536784,3300763,709541
300006,normal,5,0.34999999999999998,0,0.050000000000000003,0,0.050000000000000003,9,0,4608,4608,2304,1384,872,9168548,5618341,3297095,839297
300006,normal,5,0.34999999999999998,1,0.050000000000000003,0,0.050000000000000003,9,0,4608,4608,2304,1384,872,9230191,5852664,3307172,897493
300006,normal,5,1,0,0.080000000000000002,0,0.080000000000000002,9,0,4608,4608,3264,2008,1256,10008327,6065556,3522507,1279251
300006,normal,5,1,1,0.080000000000000002,0,0.080000000000000002,9,0,4608,4608,3264,2008,1256,9047337,5644501,3537128,1336359
300006,supply,0,0,0,0.96884725679088457,0,0.9600000000000003,59,0,0,30208,12736,9440,7712,0,41904745,25363615,8997759
300006,supply,0,0,1,0.96884725679088457,0,0.9600000000000003,59,0,0,30208,12736,9408,7616,0,41649989,25581581,9552859
300006,supply,0,0.34999999999999998,0,0.92339934413700187,0,0.92000000000000004,59,0,0,30208,15808,9400,7608,0,40736136,24949828,8953324
300006,supply,0,0.34999999999999998,1,0.92339934413700187,0,0.92000000000000004,59,0,0,30208,15808,9384,7552,0,40850786,23828697,8355261
300006,supply,0,1,0,1.1630185725103803,0,1.1599999999999999,59,0,0,30208,19392,10280,6912,0,40255690,24673852,7472840
300006,supply,0,1,1,1.1630185725103803,0,1.1599999999999999,59,0,0,30208,19392,10280,6912,0,38936469,23507397,8023627
300006,supply,2,0,0,1.3510948889351653,12.09027131380201,0.89000000000000024,19,0,9728,9728,5824,4320,3864,22193813,13436651,8543606,4108602
300006,supply,2,0,1,2.2894097992948765,22.745519007916442,0.76000000000000023,19,2,9728,9728,6784,3888,3208,21669494,13845999,7880642,3594845
300006,supply,2,0.34999999999999998,0,1.3880010570221892,4.3120242166631186,0.87000000000000022,19,0,9728,9728,7936,4720,3848,23463087,14190658,7815727,4675966
300006,supply,2,0.34999999999999998,1,2.4075534256225222,10.943078746891587,0.94000000000000028,19,2,9728,9728,8256,4248,3400,21953316,12078953,8995178,3928774
300006,supply,2,1,0,1.5838898119008891,0,1.0700000000000001,19,0,9728,9728,7680,3600,2744,21122826,12966417,7557717,2872875
300006,supply,2,1,1,2.0664401035033015,0,1.0700000000000001,19,1,9728,9728,7808,3496,2672,20833172,15736443,7713274,2930493
300006,supply,5,0,0,4.0426303757059259,57.182749340286499,0.70000000000000007,9,0,4608,4608,3968,3160,3032,9510534,5823199,3501877,3072059
300006,supply,5,0,1,8.637287071873553,4950.6542030075152,0.15000000000000002,9,5,4608,4608,3968,1440,1368,9847182,5941638,3363025,1520994
300006,supply,5,0.34999999999999998,0,2.7268910851174057,74.528050292101625,0.65000000000000002,9,0,4608,4608,4416,2696,2320,11121368,6575910,3889192,2777404
300006,supply,5,0.34999999999999998,1,9.8871205615890094,955.41191822209953,0.25,9,5,4608,4608,4416,1528,1384,9693885,5714143,3856378,1381135
300006,supply,5,1,0,3.0251959044521044,152.4158677703488,0.63,9,0,4608,4608,4608,2040,1560,10751078,6185637,3766406,1911547
300006,supply,5,1,1,9.8871205615890094,955.41191822209953,0.25,9,5,4608,4608,4608,1304,1112,9840363,5816851,3475727,1250695
300006,capacity,0,0,0,1.1647931083419105,37.235248705992106,0.76000000000000023,59,0,0,30208,12800,9152,7384,0,38800351,24054440,8389270
300006,capacity,0,0,1,0.82623319240459547,60.763514157467789,0.29000000000000004,59,2,0,30208,8576,6072,5112,0,40968266,25602433,5851721
300006,capacity,0,0.34999999999999998,0,1.1447931083419105,37.868684042648837,0.74000000000000021,59,0,0,30208,20096,12008,8048,0,40127545,24748303,8592818
300006,capacity,0,0.34999999999999998,1,0.94715301078071878,61.223193784823458,0.41000000000000014,59,2,0,30208,13056,7912,5840,0,42463025,23421461,6891450
300006,capacity,0,1,0,1.3769918053236336,26.367857152201221,1.0700000000000005,59,0,0,30208,22528,12608,7808,0,39902998,24458547,9818805
300006,capacity,0,1,1,1.3269918053236336,26.367857152201221,1.0200000000000005,59,1,0,30208,22528,12384,7696,0,40708386,23175574,8310611
300006,capacity,2,0,0,0.81680573802256329,83.787275087409199,0.20000000000000001,19,0,9728,9728,2688,2192,2064,20190537,12630475,7212275,2306255
300006,capacity,2,0,1,0.86991344833393802,118.28695650041612,0.080000000000000002,19,1,9728,9728,2624,1824,1592,19515570,11797159,7325308,1740826
300006,capacity,2,0.34999999999999998,0,0.84680573802256331,83.787275087409199,0.23000000000000001,19,0,9728,9728,4032,2496,2208,19844996,13077438,7779203,2625373
300006,capacity,2,0.34999999999999998,1,0.86991344833393802,118.28695650041612,0.080000000000000002,19,1,9728,9728,3584,2008,1704,20814278,12230908,7337244,2010296
300006,capacity,2,1,0,0.93544044146718297,76.608482767151202,0.34999999999999998,19,0,9728,9728,5504,3072,2264,20858544,11819531,8783867,2697430
300006,capacity,2,1,1,0.9897710835782364,110.34348444089477,0.22999999999999998,19,1,9728,9728,5632,2800,2232,19345653,11805086,7371434,2449959
300006,capacity,5,0,0,1.0723832881262303,157.24952554813194,0.26999999999999996,9,0,4608,4608,2752,1992,1800,10810959,6447261,3650401,2527983
300006,capacity,5,0,1,1.1982608205831602,234.32269791371181,0.16,9,1,4608,4608,2816,1656,1312,10173769,6265877,3847047,1311310
300006,capacity,5,0.34999999999999998,0,0.97939214947082653,137.90494927446017,0.28000000000000003,9,0,4608,4608,3520,2040,1728,9677550,5848929,3750711,1824963
300006,capacity,5,0.34999999999999998,1,1.1069679629630287,203.7220601235999,0.16,9,1,4608,4608,3712,1784,1328,9557877,5703772,3415547,1784992
300006,capacity,5,1,0,1.1747712517110014,179.88238199319156,0.28000000000000003,9,0,4608,4608,3968,2040,1616,10131234,5740083,3376596,1573940
300006,capacity,5,1,1,1.3276390138481242,251.20837727938698,0.16,9,1,4608,4608,4032,1840,1296,9247268,5554032,3415685,1388888
300006,demand,0,0,0,1.0149710401291299,0,0.98000000000000043,59,0,0,30208,16640,11456,8976,0,41117565,25503115,9816808
300006,demand,0,0,1,1.0149710401291299,0,0.98000000000000043,59,0,0,30208,16640,11392,8816,0,38789425,24971430,9328027
300006,demand,0,0.34999999999999998,0,1.1112011920123841,0,1.0400000000000005,59,0,0,30208,20480,11976,8712,0,38275198,23719295,9834267
300006,demand,0,0.34999999999999998,1,1.1112011920123841,0,1.0400000000000005,59,0,0,30208,20480,11952,8632,0,38087617,27464665,9035727
300006,demand,0,1,0,1.6106951839224131,0.86025413657724314,1.4500000000000006,59,0,0,30208,23744,13176,8192,0,37497516,22757087,8337368
300006,demand,0,1,1,1.5627406683120164,0,1.3600000000000005,59,1,0,30208,23744,12824,8136,0,39304043,24380728,8884511
300006,demand,2,0,0,0.9967155107797423,100.19964339211032,0.53000000000000003,19,0,9728,9728,6464,4224,3520,19564448,12806669,7571659,3760676
300006,demand,2,0,1,1.73487380302856,342.83512781549297,0.45999999999999996,19,1,9728,9728,7488,4736,3864,21488446,13507088,7985624,4010521
300006,demand,2,0.34999999999999998,0,1.2722778441955618,158.39815732226904,0.63000000000000012,19,0,9728,9728,8640,4744,3376,19701768,11966301,7812264,4994077
300006,demand,2,0.34999999999999998,1,1.5958165688770578,350.05235792582334,0.57999999999999996,19,1,9728,9728,8576,4320,3096,20370424,12670438,7652388,3100915
300006,demand,2,1,0,1.4117279738549848,158.24549892518579,0.81000000000000005,19,0,9728,9728,8832,4248,2672,20427101,12724966,10482772,3554341
300006,demand,2,1,1,1.7069257021557047,306.4926658589813,0.77000000000000013,19,1,9728,9728,8832,3288,2336,20168146,12104192,7593556,2452863
300006,demand,5,0,0,1.7850735776548945,451.66041459113057,0.29999999999999999,9,0,4608,4608,3520,2280,1976,9579010,5834377,3568006,2288744
300006,demand,5,0,1,1.7850735776548945,451.66041459113057,0.29999999999999999,9,0,4608,4608,3520,2144,1824,9714531,5901608,3527223,2136174
300006,demand,5,0.34999999999999998,0,1.7961434818950033,462.3531984564699,0.40000000000000002,9,0,4608,4608,4032,2352,1880,9912955,6133527,3748609,2427142
300006,demand,5,0.34999999999999998,1,1.7961434818950033,462.3531984564699,0.40000000000000002,9,0,4608,4608,4032,2288,1848,10038211,5963517,3493754,2146892
300006,demand,5,1,0,1.8508103406622103,310.70229786855498,0.40999999999999992,9,0,4608,4608,4160,1856,1536,10254530,5976590,4107979,1701698
300006,demand,5,1,1,1.8508103406622103,310.70229786855498,0.40999999999999992,9,0,4608,4608,4160,1856,1536,9898492,5747394,3469058,1655771
300006,combined,0,0,0,1.5309326398372336,0,1.4900000000000004,59,0,0,30208,14592,11024,9336,0,42835947,27060034,10139434
300006,combined,0,0,1,1.5309326398372336,0,1.4900000000000004,59,0,0,30208,14592,10712,8600,0,41084657,23543955,9797715
300006,combined,0,0.34999999999999998,0,1.9324574113431849,0,1.7800000000000005,59,0,0,30208,23040,13920,10752,0,40800403,26586968,13083224
300006,combined,0,0.34999999999999998,1,1.9324574113431849,0,1.7800000000000005,59,0,0,30208,23040,13920,10752,0,40233841,26220213,12363449
300006,combined,0,1,0,2.2518535912878979,0,2.0399999999999996,59,0,0,30208,23232,11424,8520,0,37750622,24187190,9559981
300006,combined,0,1,1,2.2518535912878979,0,2.0399999999999996,59,0,0,30208,23232,11424,8520,0,40974322,24753130,10574319
300006,combined,2,0,0,1.8805987731138543,51.395928531803072,0.99000000000000021,19,0,9728,9728,7552,5496,4640,20222863,12411706,7730108,4918214
300006,combined,2,0,1,12.619315122324624,1234.2916098839953,0.11,19,12,9728,9728,7936,2040,1616,22941028,12261106,7633951,1789812
300006,combined,2,0.34999999999999998,0,1.2485208399956071,148.65922966301866,0.77000000000000013,19,0,9728,9728,8512,5256,3816,21076835,12587125,7887386,4320914
300006,combined,2,0.34999999999999998,1,1.7579646626685206,223.20833826670236,0.95000000000000029,19,1,9728,9728,8768,5400,3832,20753361,12993997,7962279,4019993
300006,combined,2,1,0,1.4567990663551684,122.60125888906791,1.0600000000000001,19,0,9728,9728,8320,4464,2952,20118816,12112456,7199234,3379468
300006,combined,2,1,1,1.2628134864193936,161.02450289802562,0.7300000000000002,19,1,9728,9728,8832,5136,2800,21746464,11916374,7297246,2894211
300006,combined,5,0,0,3.2775802907594085,427.12004549078551,0.76000000000000001,9,0,4608,4608,3776,2872,2728,10332908,6351307,5724601,3920536
300006,combined,5,0,1,6.8941704991577968,1613.4325574111442,0.059999999999999998,9,6,4608,4608,3776,1024,776,9407888,7626372,3807998,896831
300006,combined,5,0.34999999999999998,0,3.2775802907594085,427.12004549078551,0.76000000000000001,9,0,4608,4608,4288,2872,2464,10913672,6251998,3752565,2777790
300006,combined,5,0.34999999999999998,1,6.8941704991577968,1613.4325574111442,0.059999999999999998,9,6,4608,4608,4288,1200,816,10233799,6097203,3488854,814540
300006,combined,5,1,0,4.3086218996663188,714.06328454230913,0.65000000000000002,9,0,4608,4608,4480,2328,1680,9200408,5709879,3428285,1864305
300006,combined,5,1,1,7.2045221206127845,1713.7964985435763,0.089999999999999997,9,6,4608,4608,4480,1304,896,11134577,5860376,3362886,930642
300007,normal,0,0,0,0.12002354678635629,0,0.12,59,0,0,30208,8000,5592,4616,0,41708030,24988937,5591527
300007,normal,0,0,1,0.12002354678635629,0,0.12,59,0,0,30208,8000,5592,4616,0,40448569,23271068,5185794
300007,normal,0,0.34999999999999998,0,0.32002354678635625,0,0.31999999999999995,59,0,0,30208,18048,9424,6144,0,39410177,24006512,7295670
300007,normal,0,0.34999999999999998,1,0.32002354678635625,0,0.31999999999999995,59,0,0,30208,18048,9424,6144,0,39968789,24642036,6999917
300007,normal,0,1,0,0.65002354678635665,0,0.65000000000000036,59,0,0,30208,25152,13408,7624,0,43095878,25026937,8827801
300007,normal,0,1,1,0.65002354678635665,0,0.65000000000000036,59,0,0,30208,25152,13408,7624,0,40876990,25548250,8105366
300007,normal,2,0,0,0.090023546786356295,0,0.089999999999999997,19,0,9728,9728,2944,1944,1656,22144115,13040474,8024802,2089566
300007,normal,2,0,1,0.090023546786356295,0,0.089999999999999997,19,0,9728,9728,2944,1944,1656,19753015,12136910,8113266,1749241
300007,normal,2,0.34999999999999998,0,0.090023546786356295,0,0.089999999999999997,19,0,9728,9728,6592,3392,2016,20102090,12663684,7444348,2046893
300007,normal,2,0.34999999999999998,1,0.090023546786356295,0,0.089999999999999997,19,0,9728,9728,6592,3392,2016,20183205,12321747,8287940,2971713
300007,normal,2,1,0,0.30002354678635623,0,0.30000000000000004,19,0,9728,9728,8704,4960,2824,19563118,12003157,7234858,2764183
300007,normal,2,1,1,0.30002354678635623,0,0.30000000000000004,19,0,9728,9728,8704,4960,2824,20076167,12068867,7398497,2917071
300007,normal,5,0,0,0.090023546786356295,0,0.089999999999999997,9,0,4608,4608,1856,1192,960,8930738,5421413,3377318,958390
300007,normal,5,0,1,0.090023546786356295,0,0.089999999999999997,9,0,4608,4608,1856,1192,960,9326442,5498600,3549120,948173
300007,normal,5,0.34999999999999998,0,0.090023546786356295,0,0.089999999999999997,9,0,4608,4608,3328,1696,1152,8954895,5690500,3684012,1093941
300007,normal,5,0.34999999999999998,1,0.090023546786356295,0,0.089999999999999997,9,0,4608,4608,3328,1696,1152,9143139,5558621,3544718,1117997
300007,normal,5,1,0,0.12002354678635629,0,0.12,9,0,4608,4608,4160,2384,1304,9955865,5759574,3537210,1231679
300007,normal,5,1,1,0.12002354678635629,0,0.12,9,0,4608,4608,4160,2384,1304,10364986,7112245,3555356,1435266
300007,supply,0,0,0,1.2214957836770302,0,1.2200000000000002,59,0,0,30208,11840,8824,7816,0,37589677,22805010,8857201
300007,supply,0,0,1,1.2214957836770302,0,1.2200000000000002,59,0,0,30208,11840,8824,7816,0,41948356,24317293,9548002
300007,supply,0,0.34999999999999998,0,1.31149578367703,0,1.3100000000000001,59,0,0,30208,16064,10328,8200,0,44710579,25300999,9694396
300007,supply,0,0.34999999999999998,1,1.31149578367703,0,1.3100000000000001,59,0,0,30208,16064,10328,8200,0,43989432,24867620,11490386
300007,supply,0,1,0,1.3414763921729753,0,1.3400000000000001,59,0,0,30208,15808,9512,6432,0,41907367,27651078,7429251
300007,supply,0,1,1,1.3414763921729753,0,1.3400000000000001,59,0,0,30208,15808,9512,6432,0,40602094,26302331,7740457
300007,supply,2,0,0,2.1868174988970663,35.714716031717245,0.97000000000000031,19,0,9728,9728,6976,4952,4248,25819698,16255413,8453880,5223294
300007,supply,2,0,1,8.6681789821670279,30.528813111445722,0.22999999999999998,19,12,9728,9728,8384,2264,1944,21692393,12920906,8638157,2056282
300007,supply,2,0.34999999999999998,0,2.1682219633151618,0,1.0700000000000001,19,0,9728,9728,7232,4584,3680,22195939,13997479,8028708,4027957
300007,supply,2,0.34999999999999998,1,8.6681789821670279,30.528813111445722,0.22999999999999998,19,12,9728,9728,9280,2640,2064,22137155,15740068,9212452,2813420
300007,supply,2,1,0,2.1546459883570206,0,1.04,19,0,9728,9728,7552,3720,2608,21013033,14383964,8309986,3308390
300007,supply,2,1,1,8.6777562497860181,0,0.22999999999999998,19,12,9728,9728,9728,2928,2000,23972943,14094153,7662538,2267263
300007,supply,5,0,0,5.548385785375765,247.80462236855888,0.67999999999999994,9,0,4608,4608,3968,3208,3032,10680352,6358889,3629919,3594825
300007,supply,5,0,1,10.402581546279999,434.77920476804286,0.080000000000000002,9,6,4608,4608,3968,984,872,11231181,7119877,4015922,1162943
300007,supply,5,0.34999999999999998,0,5.1358625522335561,76.412066160354328,0.68000000000000005,9,0,4608,4608,4416,2928,2576,10301851,6103144,3567246,3637709
300007,supply,5,0.34999999999999998,1,10.402581546279999,434.77920476804286,0.080000000000000002,9,6,4608,4608,4416,1128,864,9725521,5993407,3520024,896383
300007,supply,5,1,0,5.1358625522335561,76.412066160354328,0.68000000000000005,9,0,4608,4608,4608,2048,1472,9146685,5427240,3626602,1481215
300007,supply,5,1,1,10.402581546279999,434.77920476804286,0.080000000000000002,9,6,4608,4608,4608,1280,856,11099565,5508826,3420021,971528
300007,capacity,0,0,0,4.6607969479067552,1480.8565271385003,0.7300000000000002,59,0,0,30208,18624,14400,12616,0,39219880,22678015,13275124
300007,capacity,0,0,1,10.230761785084342,6007.1786049729571,0.089999999999999997,59,36,0,30208,24128,5776,4688,0,37691683,23107427,4941393
300007,capacity,0,0.34999999999999998,0,6.1863281809724162,2398.0059755296425,0.82000000000000028,59,0,0,30208,26560,18648,15168,0,38287155,23914916,15735387
300007,capacity,0,0.34999999999999998,1,9.6446214113498581,5183.4865758734295,0.16,59,36,0,30208,28672,8008,5288,0,38835405,24545138,5712996
300007,capacity,0,1,0,7.060939580482283,3019.2147839383711,0.7400000000000001,59,0,0,30208,29632,14760,8344,0,39484237,26139731,9000296
300007,capacity,0,1,1,9.7348320668325581,5239.0348420707132,0.25,59,36,0,30208,30144,9376,5448,0,41945806,26693040,5819066
300007,capacity,2,0,0,8.1278815858981535,3701.0173790807216,0.34999999999999998,19,0,9728,9728,7744,6512,6072,20879557,12208406,7861496,6677309
300007,capacity,2,0,1,9.9712723791162414,5257.6312149965552,0.080000000000000002,19,12,9728,9728,8000,1896,1600,22653625,13268051,7889558,1855541
300007,capacity,2,0.34999999999999998,0,8.3296812728196983,3826.0685544175776,0.35999999999999999,19,0,9728,9728,9216,7248,6192,21562600,13746020,7919174,6761456
300007,capacity,2,0.34999999999999998,1,10.015608992196963,5336.4487640441685,0.11,19,12,9728,9728,9344,2584,1760,20221774,12745263,8065855,1880307
300007,capacity,2,1,0,10.015608992196963,5336.4487640441685,0.11,19,0,9728,9728,9728,4720,2536,19909863,12434368,7267361,2863247
300007,capacity,2,1,1,10.015608992196963,5336.4487640441685,0.11,19,12,9728,9728,9728,2936,1776,21514811,12720618,7598516,1793547
300007,capacity,5,0,0,5.8237185158869291,2316.0864057277222,0.17999999999999999,9,0,4608,4608,3456,2928,2776,9398928,5774697,3456668,2705550
300007,capacity,5,0,1,10.275720685460639,6234.2663149666687,0.029999999999999999,9,6,4608,4608,3648,768,704,9432718,5720793,3675166,786796
300007,capacity,5,0.34999999999999998,0,5.8237185158869291,2316.0864057277222,0.17999999999999999,9,0,4608,4608,4416,3280,2800,9088326,5865964,3438639,2796432
300007,capacity,5,0.34999999999999998,1,10.275720685460639,6234.2663149666687,0.029999999999999999,9,6,4608,4608,4480,1192,736,10824228,5813763,3504780,837905
300007,capacity,5,1,0,9.2586932630298726,5000.8746859779931,0.13,9,0,4608,4608,4608,2648,1264,9084983,6013794,3681935,1299332
300007,capacity,5,1,1,10.275720685460639,6234.2663149666687,0.029999999999999999,9,6,4608,4608,4608,1496,744,9388219,5588102,3438721,1117806
300007,demand,0,0,0,1.6274471836661846,70.529683735430964,1.4400000000000004,59,0,0,30208,18048,12824,10536,0,37817466,23136009,10988134
300007,demand,0,0,1,1.7137690677857602,112.14616890640153,1.3200000000000003,59,4,0,30208,18816,11824,9032,0,37240073,23145810,9589245
300007,demand,0,0.34999999999999998,0,1.7431470984549546,65.498062310136376,1.5500000000000005,59,0,0,30208,23936,14240,10344,0,39619330,23881794,11337699
300007,demand,0,0.34999999999999998,1,1.664486835903896,87.879332893439567,1.3500000000000003,59,3,0,30208,24768,13704,9608,0,38554522,23882816,10783740
300007,demand,0,1,0,2.4568756015032944,62.762629756594656,2.0899999999999999,59,0,0,30208,28480,15448,9856,0,37426891,23463358,10388811
300007,demand,0,1,1,2.4466568663715043,73.845894169152203,1.9800000000000006,59,4,0,30208,28480,14392,9424,0,42440055,24811530,11130068
300007,demand,2,0,0,3.5415476092840112,601.93616736931767,1.1400000000000001,19,0,9728,9728,7104,5216,4672,19900078,12639438,8000935,4957090
300007,demand,2,0,1,10.172210971159346,7461.1866521956617,0.059999999999999998,19,13,9728,9728,8064,1744,1496,21148727,12818608,7695736,1523753
300007,demand,2,0.34999999999999998,0,3.5240277002302989,606.44923165502064,1.1100000000000001,19,0,9728,9728,8512,5400,4344,20103082,12274104,7898092,4537928
300007,demand,2,0.34999999999999998,1,10.074164437513405,7340.9008384741192,0.029999999999999999,19,13,9728,9728,8768,1936,1520,22444500,13363589,8756099,1758557
300007,demand,2,1,0,3.5022164607978477,715.89730777431407,1.0500000000000003,19,0,9728,9728,9408,4720,2992,21492899,14438364,8081085,3400435
300007,demand,2,1,1,10.074164437513405,7340.9008384741192,0.029999999999999999,19,13,9728,9728,9408,2136,1568,20905347,12749272,7352397,1947289
300007,demand,5,0,0,10.074164437513405,7340.9008384741192,0.029999999999999999,9,0,4608,4608,3776,3432,3312,9211862,6075882,3633634,3449967
300007,demand,5,0,1,10.074164437513405,7340.9008384741192,0.029999999999999999,9,6,4608,4608,3776,832,712,9375168,6287951,3474954,725212
300007,demand,5,0.34999999999999998,0,10.074164437513405,7340.9008384741192,0.029999999999999999,9,0,4608,4608,4224,3520,3248,9790535,5732113,3633805,3136578
300007,demand,5,0.34999999999999998,1,10.074164437513405,7340.9008384741192,0.029999999999999999,9,6,4608,4608,4224,976,752,9285779,6396934,3561687,776330
300007,demand,5,1,0,10.074164437513405,7340.9008384741192,0.029999999999999999,9,0,4608,4608,4480,1624,1176,9852540,6195482,3440071,1530200
300007,demand,5,1,1,10.074164437513405,7340.9008384741192,0.029999999999999999,9,6,4608,4608,4480,1088,784,9541230,6219992,3536859,787547
300007,combined,0,0,0,1.0221709225140616,3.8208625236326519,0.96000000000000052,59,0,0,30208,15936,11128,8768,0,41952718,24224359,9374722
300007,combined,0,0,1,1.2261995330530786,12.786319252953227,1.0300000000000002,59,3,0,30208,18624,12424,9656,0,41837076,25768073,10869222
300007,combined,0,0.34999999999999998,0,1.3794816549774209,3.8208625236326519,1.2600000000000005,59,0,0,30208,24064,14232,9968,0,39914408,24919573,10969943
300007,combined,0,0.34999999999999998,1,1.1611548182149989,15.520522703902905,1.0400000000000003,59,3,0,30208,24448,13592,8784,0,40620318,24562273,9539550
300007,combined,0,1,0,1.5714440006903696,10.705934868511186,1.4700000000000006,59,0,0,30208,27968,14824,9104,0,38592105,25830206,10971595
300007,combined,0,1,1,1.4162667004156946,46.683961786851825,1.1900000000000004,59,3,0,30208,26816,14408,8032,0,44139551,30564909,8408691
300007,combined,2,0,0,1.4228277610999127,40.487726595720503,0.66000000000000014,19,0,9728,9728,6784,4720,4080,21838811,13618226,7840101,5274241
300007,combined,2,0,1,1.0495910397076578,23.932563888998562,0.62000000000000011,19,1,9728,9728,6144,3624,2944,22154549,14452714,7914038,6861020
300007,combined,2,0.34999999999999998,0,1.1631060276998562,25.84695629365617,0.7400000000000001,19,0,9728,9728,8512,4696,3576,22437045,14785729,8828218,3824761
300007,combined,2,0.34999999999999998,1,1.0495910397076578,23.932563888998562,0.62000000000000011,19,1,9728,9728,8320,4296,3120,20798950,12904298,7507267,3372037
300007,combined,2,1,0,1.1595615468649756,43.838460562790686,0.76000000000000012,19,0,9728,9728,9408,4656,2968,22135243,15482083,9208729,3474455
300007,combined,2,1,1,1.3131554431776287,40.46190830985303,0.76000000000000001,19,1,9728,9728,9472,4600,3032,21219015,13760659,7439160,3223025
300007,combined,5,0,0,1.8071197590052992,158.3639511090721,0.44999999999999996,9,0,4608,4608,3712,2624,2440,9764971,5643597,3683159,2583060
300007,combined,5,0,1,1.8071197590052992,158.3639511090721,0.44999999999999996,9,0,4608,4608,3712,2104,1808,9253407,6076269,3690530,1820299
300007,combined,5,0.34999999999999998,0,1.8071197590052992,158.3639511090721,0.44999999999999996,9,0,4608,4608,4160,2656,2320,10596817,5940859,5894331,3524338
300007,combined,5,0.34999999999999998,1,1.8071197590052992,158.3639511090721,0.44999999999999996,9,0,4608,4608,4160,2216,1808,10685559,6561683,3691300,1920137
300007,combined,5,1,0,1.9371108883381032,175.58906853850527,0.55000000000000004,9,0,4608,4608,4416,2112,1680,9583475,5913725,3669829,1863715
300007,combined,5,1,1,1.9371108883381032,175.58906853850527,0.55000000000000004,9,0,4608,4608,4416,1880,1504,10110602,6020847,3519050,1789973
300008,normal,0,0,0,0.23349402852487178,0,0.22999999999999998,59,0,0,30208,6272,5104,4848,0,44734101,26601944,6401663
300008,normal,0,0,1,0.23349402852487178,0,0.22999999999999998,59,0,0,30208,6272,5104,4848,0,39568513,23153686,5134476
300008,normal,0,0.34999999999999998,0,0.26079324701823636,0,0.26000000000000001,59,0,0,30208,10304,6208,5208,0,36692374,22015207,5467803
300008,normal,0,0.34999999999999998,1,0.26079324701823636,0,0.26000000000000001,59,0,0,30208,10304,6208,5208,0,38504639,22273038,5592310
300008,normal,0,1,0,0.56079057387671261,0.58172590349086306,0.56000000000000005,59,0,0,30208,13952,7584,6104,0,39568033,23364003,6317415
300008,normal,0,1,1,0.56079057387671261,0.58172590349086306,0.56000000000000005,59,0,0,30208,13952,7584,6104,0,37480140,22711404,6466253
300008,normal,2,0,0,0.20879374844464735,0,0.20000000000000001,19,0,9728,9728,1984,1800,1744,20324409,12789133,7327739,1892147
300008,normal,2,0,1,0.20879374844464735,0,0.20000000000000001,19,0,9728,9728,1984,1800,1744,19178434,11721394,7167347,1837991
300008,normal,2,0.34999999999999998,0,0.24040470406314612,0,0.22999999999999998,19,0,9728,9728,2880,2176,1824,19808331,11840008,7199968,2041964
300008,normal,2,0.34999999999999998,1,0.24040470406314612,0,0.22999999999999998,19,0,9728,9728,2880,2176,1824,19475116,12015427,7239390,1925798
300008,normal,2,1,0,0.29079324701823639,0,0.29000000000000004,19,0,9728,9728,4608,2640,2128,19545032,12114404,7205044,2183331
300008,normal,2,1,1,0.29079324701823639,0,0.29000000000000004,19,0,9728,9728,4608,2640,2128,18743480,11640920,7219028,2124919
300008,normal,5,0,0,0.20879374844464735,0,0.20000000000000001,9,0,4608,4608,1216,1112,1048,9276864,5748015,3392839,1103867
300008,normal,5,0,1,0.20879374844464735,0,0.20000000000000001,9,0,4608,4608,1216,1112,1048,9146066,5679331,3339502,1103937
300008,normal,5,0.34999999999999998,0,0.20879374844464735,0,0.20000000000000001,9,0,4608,4608,1664,1264,1128,9055298,5688755,3297409,1142986
300008,normal,5,0.34999999999999998,1,0.20879374844464735,0,0.20000000000000001,9,0,4608,4608,1664,1264,1128,9215098,5947887,3954138,2184840
300008,normal,5,1,0,0.26879374844464737,0,0.26000000000000001,9,0,4608,4608,2048,1264,1080,9670095,6013296,3488808,1162165
300008,normal,5,1,1,0.26879374844464737,0,0.26000000000000001,9,0,4608,4608,2048,1264,1080,9035581,5535325,3508538,1157777
300008,supply,0,0,0,0.97013469412253706,0,0.95000000000000029,59,0,0,30208,13376,9072,7368,0,38347565,23235090,7821491
300008,supply,0,0,1,0.97013469412253706,0,0.95000000000000029,59,0,0,30208,13376,9072,7368,0,41886765,26628391,10026468
300008,supply,0,0.34999999999999998,0,1.0583419911707372,0,1.0400000000000003,59,0,0,30208,21760,12752,8048,0,39164551,42271370,8145933
300008,supply,0,0.34999999999999998,1,1.0583419911707372,0,1.0400000000000003,59,0,0,30208,21760,12752,8048,0,37850748,22914672,8277306
300008,supply,0,1,0,1.3818205349582993,3.8718143345759977,1.3600000000000003,59,0,0,30208,24576,13608,8056,0,38975808,22987605,8423315
300008,supply,0,1,1,1.3818205349582993,3.8718143345759977,1.3600000000000003,59,0,0,30208,24576,13608,8056,0,36951571,22376978,8372287
300008,supply,2,0,0,0.70145694299532046,0,0.69000000000000017,19,0,9728,9728,6144,4576,3760,18932195,11764254,7191785,3932529
300008,supply,2,0,1,0.99670015349077401,10.339288121511416,0.64000000000000001,19,1,9728,9728,7040,4664,3680,21758219,14583979,7134210,3876336
300008,supply,2,0.34999999999999998,0,0.79473174728786045,5.3171034674402335,0.76000000000000001,19,0,9728,9728,8384,5296,3632,20142340,12170236,7365929,3693448
300008,supply,2,0.34999999999999998,1,0.88386757033478602,5.3171034674402335,0.71000000000000019,19,1,9728,9728,8832,5000,3288,19740685,11845145,7425476,3463813
300008,supply,2,1,0,0.88289033589389021,5.3171034674402335,0.84999999999999998,19,0,9728,9728,9216,5376,3032,19488642,12249509,7395574,3163123
300008,supply,2,1,1,0.91192717839652604,5.3171034674402335,0.85000000000000009,19,1,9728,9728,9472,5384,3064,20687764,12477034,7393637,3130991
300008,supply,5,0,0,1.3038789419796375,41.590860309542506,0.42999999999999994,9,0,4608,4608,3456,2632,2232,9499649,5859684,3358039,2399991
300008,supply,5,0,1,1.3038789419796375,41.590860309542506,0.42999999999999994,9,0,4608,4608,3456,2616,2184,9489267,5530490,3656539,2210227
300008,supply,5,0.34999999999999998,0,1.4942073604127182,17.216537277917858,0.42999999999999999,9,0,4608,4608,4288,2672,1928,9081796,5764952,3409557,1924786
300008,supply,5,0.34999999999999998,1,1.4942073604127182,17.216537277917858,0.42999999999999999,9,0,4608,4608,4288,2672,1912,9733794,5434099,3709199,2145042
300008,supply,5,1,0,1.4942073604127182,17.216537277917858,0.42999999999999999,9,0,4608,4608,4544,2432,1520,9932621,6186275,3720498,1649939
300008,supply,5,1,1,1.4942073604127182,17.216537277917858,0.42999999999999999,9,0,4608,4608,4544,2432,1520,10288461,6415702,3642928,1808470
300008,capacity,0,0,0,3.7057058067277566,529.64361712377945,1.4500000000000006,59,0,0,30208,19008,14576,11984,0,39772798,23733968,13066339
300008,capacity,0,0,1,4.397624224426159,1134.3495059213437,0.90000000000000036,59,10,0,30208,19968,10888,8408,0,40202337,23090848,10969098
300008,capacity,0,0.34999999999999998,0,3.7250834940770572,586.17836262503602,1.3500000000000008,59,0,0,30208,25408,16720,12000,0,39476885,22690418,13055551
300008,capacity,0,0.34999999999999998,1,5.4099456437300582,1703.8209412785443,0.63,59,15,0,30208,26304,12336,8160,0,39591751,23517738,9126371
300008,capacity,0,1,0,3.8261268756995275,619.3912333539771,1.2700000000000005,59,0,0,30208,27776,16296,8672,0,39289150,23567892,9145722
300008,capacity,0,1,1,4.6087100716237579,1092.492573624276,1.0600000000000003,59,10,0,30208,27456,13616,7688,0,38099987,22840316,7877418
300008,capacity,2,0,0,3.7686382178766733,910.21916645797853,0.52999999999999992,19,0,9728,9728,6656,5024,4376,19590828,12099305,7441422,4494373
300008,capacity,2,0,1,5.9592734574749615,2170.2037213860726,0.26000000000000001,19,6,9728,9728,6976,2752,2208,19880797,11915164,8124823,2418254
300008,capacity,2,0.34999999999999998,0,3.8471107354503364,927.02002134549548,0.59000000000000008,19,0,9728,9728,8704,5800,4368,19361384,12336390,7082680,4609706
300008,capacity,2,0.34999999999999998,1,6.0712138167235334,2186.9745391029146,0.35000000000000009,19,6,9728,9728,8640,3352,2160,20744200,12109462,7673882,2280742
300008,capacity,2,1,0,4.1842814162227606,1018.9010037128494,0.55999999999999994,19,0,9728,9728,9344,5192,3336,21992870,12927713,8301572,3465792
300008,capacity,2,1,1,6.1837942049762882,2223.6973974748839,0.37,19,6,9728,9728,9344,4008,2512,24041564,14876496,7916920,3192881
300008,capacity,5,0,0,4.5802658773398077,1506.6104064749707,0.18000000000000002,9,0,4608,4608,2816,2368,2096,10095047,6016510,3562829,2552022
300008,capacity,5,0,1,10.626575313155655,5272.7255932161916,0,9,6,4608,4608,3904,1016,800,9406637,5884912,3632656,915903
300008,capacity,5,0.34999999999999998,0,4.5738064025216421,1484.3270559960936,0.20999999999999999,9,0,4608,4608,3456,2624,2192,10792740,6325488,4944025,2625344
300008,capacity,5,0.34999999999999998,1,10.582557538639422,5166.3823076773442,0.029999999999999999,9,6,4608,4608,4416,1280,880,9730508,5901887,3577590,884816
300008,capacity,5,1,0,8.0823719944964889,3339.760218000541,0.16,9,0,4608,4608,4416,2232,1336,9367009,5919665,3776049,1554506
300008,capacity,5,1,1,10.592158196662192,5068.1488463943933,0.059999999999999998,9,6,4608,4608,4544,1456,904,10359769,5735244,3835659,1038611
300008,demand,0,0,0,0.65950068125041028,0,0.55000000000000004,59,0,0,30208,12416,8592,7344,0,39005945,26413258,7892692
300008,demand,0,0,1,0.65950068125041028,0,0.55000000000000004,59,0,0,30208,12416,8592,7344,0,38466589,23845757,8267031
300008,demand,0,0.34999999999999998,0,0.6827032098412873,0,0.57000000000000006,59,0,0,30208,16320,9352,7224,0,39635256,26469405,7843188
300008,demand,0,0.34999999999999998,1,0.6827032098412873,0,0.57000000000000006,59,0,0,30208,16320,9352,7224,0,38096925,23677272,7611233
300008,demand,0,1,0,1.0433926135719571,0,0.93000000000000016,59,0,0,30208,19264,9968,7320,0,38576522,23796289,8598467
300008,demand,0,1,1,1.0433926135719571,0,0.93000000000000016,59,0,0,30208,19264,9968,7320,0,37616316,22416968,7541530
300008,demand,2,0,0,0.49567659189626306,0,0.37999999999999995,19,0,9728,9728,4928,3408,2960,20384856,12584316,7531000,3102770
300008,demand,2,0,1,0.49567659189626306,0,0.37999999999999995,19,0,9728,9728,4928,3408,2960,19764811,12190659,7616596,2956755
300008,demand,2,0.34999999999999998,0,0.47528047451127764,0.044512352020138479,0.35999999999999999,19,0,9728,9728,7488,4080,3040,19667945,11984869,7488082,3228055
300008,demand,2,0.34999999999999998,1,0.47528047451127764,0.044512352020138479,0.35999999999999999,19,0,9728,9728,7488,4080,3040,20532926,11654162,7225698,3016286
300008,demand,2,1,0,0.6250823901184992,0,0.51000000000000001,19,0,9728,9728,8704,4296,3048,20275811,13074581,7702138,3079875
300008,demand,2,1,1,0.6250823901184992,0,0.51000000000000001,19,0,9728,9728,8704,4296,3048,19455353,11859942,7452556,3209374
300008,demand,5,0,0,0.44932840233349158,20.020818209325057,0.23000000000000001,9,0,4608,4608,2368,1872,1736,9105622,5723431,3615909,1741265
300008,demand,5,0,1,0.44932840233349158,20.020818209325057,0.23000000000000001,9,0,4608,4608,2368,1608,1472,9193024,5563075,3443119,1725487
300008,demand,5,0.34999999999999998,0,0.44511575600112807,9.3429323161643545,0.26000000000000001,9,0,4608,4608,3520,2224,1888,10464153,6080610,4499301,1924122
300008,demand,5,0.34999999999999998,1,0.44511575600112807,9.3429323161643545,0.26000000000000001,9,0,4608,4608,3520,1984,1664,10960352,6835877,3435875,1834047
300008,demand,5,1,0,0.53511575600112815,9.3429323161643545,0.34999999999999998,9,0,4608,4608,4288,2152,1632,10411515,6604428,3807055,1780769
300008,demand,5,1,1,0.53511575600112815,9.3429323161643545,0.34999999999999998,9,0,4608,4608,4288,2032,1576,10454058,6040307,3751031,1720889
300008,combined,0,0,0,0.86053835062237316,0.35703224625849828,0.83000000000000018,59,0,0,30208,10240,8400,7464,0,42258039,25351483,9699243
300008,combined,0,0,1,2.834992137375123,493.45942809889317,0.88000000000000023,59,12,0,30208,15616,8312,7032,0,39813344,26108946,8105449
300008,combined,0,0.34999999999999998,0,1.3193392060754077,2.1908283422263715,1.2200000000000004,59,0,0,30208,20672,13232,9840,0,38778311,25170320,11080848
300008,combined,0,0.34999999999999998,1,8.9252927541403615,65.976314568080085,0.11,59,34,0,30208,23808,5864,4760,0,39962328,23695132,5804267
300008,combined,0,1,0,1.8211692000288697,2.1022898757027377,1.6999999999999997,59,0,0,30208,21568,11280,8136,0,41540311,26614164,9619512
300008,combined,0,1,1,2.1930601287516542,2.1022898757027377,1.6999999999999997,59,4,0,30208,22144,10456,7680,0,44768046,29396852,9064402
300008,combined,2,0,0,2.0024941301411565,228.91426229291341,0.72999999999999998,19,0,9728,9728,6144,4848,4312,20323285,14213997,7931825,4533460
300008,combined,2,0,1,5.4139342443240999,823.76632867939588,0.5,19,7,9728,9728,6592,2760,2256,21778619,12963878,8146818,2342140
300008,combined,2,0.34999999999999998,0,1.9897105682772429,306.58115840835347,0.83000000000000018,19,0,9728,9728,7488,4480,3384,20716388,14779681,7752679,3741647
300008,combined,2,0.34999999999999998,1,5.4139342443240999,823.76632867939588,0.5,19,7,9728,9728,8000,3296,2264,22111945,13256481,7988949,2887708
300008,combined,2,1,0,1.7671489502548738,18.78594915526368,0.92000000000000037,19,0,9728,9728,8768,4488,2784,21611240,14106874,7474309,2849530
300008,combined,2,1,1,8.3267651883398113,2.1022898757027377,0.14000000000000001,19,11,9728,9728,8768,2544,1880,20379185,12295958,7824951,2040757
300008,combined,5,0,0,3.5055540751098908,457.36661343783987,0.44999999999999996,9,0,4608,4608,3264,2424,2248,10199346,5977444,3718642,2315854
300008,combined,5,0,1,5.6430363022033907,945.59049550357759,0.29999999999999999,9,3,4608,4608,3264,1456,984,9275400,6399969,3449037,1032399
300008,combined,5,0.34999999999999998,0,3.5055540751098908,457.36661343783987,0.44999999999999996,9,0,4608,4608,3776,2624,2192,11500957,7415492,3990401,2375165
300008,combined,5,0.34999999999999998,1,5.6430363022033907,945.59049550357759,0.29999999999999999,9,3,4608,4608,3776,1768,1088,11365825,6348981,3635498,1197880
300008,combined,5,1,0,3.3418665782193737,171.77464269547357,0.56000000000000005,9,0,4608,4608,4032,1952,1344,10324052,5588977,3438933,1442388
300008,combined,5,1,1,8.30351125984863,0,0.11,9,5,4608,4608,4032,1320,1008,9611666,5425810,3535428,1020421
300009,normal,0,0,0,0.03252776342726247,0,0.029999999999999999,59,0,0,30208,4288,3984,3896,0,39729675,23580001,4876789
300009,normal,0,0,1,0.03252776342726247,0,0.029999999999999999,59,0,0,30208,4288,3984,3896,0,39644145,23098324,4578285
300009,normal,0,0.34999999999999998,0,0.092527763427262461,0,0.089999999999999997,59,0,0,30208,9600,6272,4672,0,40936020,23815095,4761244
300009,normal,0,0.34999999999999998,1,0.092527763427262461,0,0.089999999999999997,59,0,0,30208,9600,6272,4672,0,39627653,24917441,5083916
300009,normal,0,1,0,0.45252776342726264,0,0.45000000000000018,59,0,0,30208,15872,9312,6136,0,38763212,22660144,6344614
300009,normal,0,1,1,0.45252776342726264,0,0.45000000000000018,59,0,0,30208,15872,9312,6136,0,44953107,24075679,6798744
300009,normal,2,0,0,0.0025277634272624677,0,0,19,0,9728,9728,1600,1376,1280,19281747,11982337,7025985,1405038
300009,normal,2,0,1,0.0025277634272624677,0,0,19,0,9728,9728,1600,1376,1280,18719156,11678614,7049369,1410679
300009,normal,2,0.34999999999999998,0,0.062527763427262462,0,0.059999999999999998,19,0,9728,9728,3264,2056,1584,19091312,11785745,7115969,1699116
300009,normal,2,0.34999999999999998,1,0.062527763427262462,0,0.059999999999999998,19,0,9728,9728,3264,2056,1584,18691826,11486661,7016379,1597181
300009,normal,2,1,0,0.18252776342726246,0,0.17999999999999999,19,0,9728,9728,4672,2816,1984,23585303,13330322,10155068,5032323
300009,normal,2,1,1,0.18252776342726246,0,0.17999999999999999,19,0,9728,9728,4672,2816,1984,20692390,13445355,7817983,1952355
300009,normal,5,0,0,0.0025277634272624677,0,0,9,0,4608,4608,832,664,624,9370385,5901478,3461636,717293
300009,normal,5,0,1,0.0025277634272624677,0,0,9,0,4608,4608,832,664,624,9913062,5570177,3521274,619786
300009,normal,5,0.34999999999999998,0,0.062527763427262462,0,0.059999999999999998,9,0,4608,4608,1600,1072,872,8822246,5857170,3410146,911124
300009,normal,5,0.34999999999999998,1,0.062527763427262462,0,0.059999999999999998,9,0,4608,4608,1600,1072,872,9340079,5805742,3623770,1150628
300009,normal,5,1,0,0.15252776342726246,0,0.14999999999999999,9,0,4608,4608,2496,1528,1096,8876247,5793363,3369798,1193011
300009,normal,5,1,1,0.15252776342726246,0,0.14999999999999999,9,0,4608,4608,2496,1528,1096,9272037,5557518,3534666,1064759
300009,supply,0,0,0,0.75000000000000011,0,0.75000000000000011,59,0,0,30208,8064,6328,5752,0,38101442,22279343,6000925
300009,supply,0,0,1,0.75000000000000011,0,0.75000000000000011,59,0,0,30208,8064,6328,5752,0,38011102,23254711,6133447
300009,supply,0,0.34999999999999998,0,0.81000000000000016,0,0.81000000000000016,59,0,0,30208,15296,9280,6528,0,39908652,22959296,6857517
300009,supply,0,0.34999999999999998,1,0.81000000000000016,0,0.81000000000000016,59,0,0,30208,15296,9280,6528,0,42844103,23332109,7379934
300009,supply,0,1,0,1.0200000000000002,0,1.0200000000000002,59,0,0,30208,20160,11840,6944,0,42382807,28987721,8137970
300009,supply,0,1,1,1.0200000000000002,0,1.0200000000000002,59,0,0,30208,20160,11840,6944,0,40407085,24240587,7653719
300009,supply,2,0,0,0.71990911630515531,21.005563138564941,0.71000000000000019,19,0,9728,9728,6272,4016,3376,24071966,16202993,11754431,4289643
300009,supply,2,0,1,0.75474397964740259,21.005563138564941,0.71000000000000019,19,1,9728,9728,6656,4136,3400,21007372,13314109,8034411,3602717
300009,supply,2,0.34999999999999998,0,0.45319033314492174,0,0.45000000000000007,19,0,9728,9728,6144,3544,2576,20571920,13821339,8055271,2721250
300009,supply,2,0.34999999999999998,1,0.45319033314492174,0,0.45000000000000007,19,0,9728,9728,6144,3432,2344,21743626,13015945,7796766,2599401
300009,supply,2,1,0,0.63000000000000012,0,0.63000000000000012,19,0,9728,9728,7104,3848,2472,21883441,14312652,8479551,2692395
300009,supply,2,1,1,0.63000000000000012,0,0.63000000000000012,19,0,9728,9728,7104,3848,2472,22072826,13245442,7967243,2578525
300009,supply,5,0,0,0.77789030166727913,68.353103286708972,0.51000000000000001,9,0,4608,4608,3264,2160,1928,10387998,6039936,3764143,1959339
300009,supply,5,0,1,0.77789030166727913,68.353103286708972,0.51000000000000001,9,0,4608,4608,3264,2160,1896,10260335,6349427,3544350,2122661
300009,supply,5,0.34999999999999998,0,0.52958226964771382,0,0.42000000000000004,9,0,4608,4608,3264,2024,1712,11596683,6494173,3754317,2545602
300009,supply,5,0.34999999999999998,1,0.52958226964771382,0,0.42000000000000004,9,0,4608,4608,3264,2024,1712,9368778,5797331,3952847,1720595
300009,supply,5,1,0,0.52958226964771382,0,0.42000000000000004,9,0,4608,4608,3712,2056,1456,9792971,6266317,3418699,1532855
300009,supply,5,1,1,0.52958226964771382,0,0.42000000000000004,9,0,4608,4608,3712,2056,1456,10501392,5640443,3477448,1486784
300009,capacity,0,0,0,4.1875938319268027,1149.4519338875714,0.87000000000000033,59,0,0,30208,18304,13816,11904,0,40662905,24244438,13198541
300009,capacity,0,0,1,8.3474899660541091,3928.1999907743234,0.46999999999999992,59,26,0,30208,23040,8520,7008,0,39933044,24238047,7886999
300009,capacity,0,0.34999999999999998,0,4.3055688486730217,1048.7851818800516,1.1200000000000003,59,0,0,30208,25664,16408,12880,0,43011337,24627770,14129233
300009,capacity,0,0.34999999999999998,1,8.1637756378787874,3665.6793208451145,0.6100000000000001,59,26,0,30208,26880,9648,7184,0,40658854,23695194,7642040
300009,capacity,0,1,0,5.28354920812993,1607.9935412679583,1.2100000000000004,59,0,0,30208,27840,14464,8752,0,39967903,25835785,9339461
300009,capacity,0,1,1,8.2070150480169239,3459.1550229893842,1.0600000000000003,59,24,0,30208,29248,10504,7144,0,39901057,25480129,8100620
300009,capacity,2,0,0,4.6208418356048488,1482.0493290007817,0.54999999999999993,19,0,9728,9728,6784,5128,4672,20828345,14330397,7959029,4864843
300009,capacity,2,0,1,7.7694019524350857,3510.6835268975715,0.39999999999999997,19,7,9728,9728,7616,3040,2560,21190943,13425094,8415191,3616817
300009,capacity,2,0.34999999999999998,0,5.3921182196684256,1964.4430827524711,0.63,19,0,9728,9728,8448,5608,4896,21290511,13264800,7711588,4934948
300009,capacity,2,0.34999999999999998,1,7.7694019524350857,3510.6835268975715,0.39999999999999997,19,7,9728,9728,8576,3320,2584,22250662,12843176,9260828,3270115
300009,capacity,2,1,0,7.1483400260802821,3085.2954186584052,0.49999999999999994,19,0,9728,9728,8896,4424,2728,19225330,11994503,7451293,2718978
300009,capacity,2,1,1,7.8328862432836273,3510.6835268975715,0.46999999999999997,19,7,9728,9728,8832,3184,2184,19567867,11976867,7446699,3212939
300009,capacity,5,0,0,5.5185427818324833,2056.7347882909362,0.34999999999999998,9,0,4608,4608,3392,2728,2480,8979492,5525017,3425570,2409389
300009,capacity,5,0,1,7.8604690540026549,3574.6670124025177,0.29999999999999999,9,3,4608,4608,4032,1600,1240,8985019,5531801,3393073,1292170
300009,capacity,5,0.34999999999999998,0,5.5185427818324833,2056.7347882909362,0.34999999999999998,9,0,4608,4608,3904,2672,2384,9001899,5656256,3358710,2358421
300009,capacity,5,0.34999999999999998,1,7.8604690540026549,3574.6670124025177,0.29999999999999999,9,3,4608,4608,4416,1632,1216,9062530,5574032,3364228,1229025
300009,capacity,5,1,0,7.8604690540026549,3574.6670124025177,0.29999999999999999,9,0,4608,4608,4416,2056,1360,9041049,5831400,3625102,1392312
300009,capacity,5,1,1,7.8604690540026549,3574.6670124025177,0.29999999999999999,9,3,4608,4608,4416,1648,1184,8951661,5589766,3455137,1266201
300009,demand,0,0,0,0.69094337456046762,4.0898249425408437,0.65000000000000013,59,0,0,30208,11264,8080,6928,0,38184909,25322615,7555859
300009,demand,0,0,1,0.69094337456046762,4.0898249425408437,0.65000000000000013,59,0,0,30208,11264,7856,6488,0,37671849,22924525,7198786
300009,demand,0,0.34999999999999998,0,0.5892150547393028,0,0.54000000000000004,59,0,0,30208,14848,9448,6880,0,38847436,23092211,7133300
300009,demand,0,0.34999999999999998,1,0.5892150547393028,0,0.54000000000000004,59,0,0,30208,14848,9232,6416,0,38827272,21991672,6649809
300009,demand,0,1,0,1.4496895598109085,5.6289880765405158,1.3300000000000005,59,0,0,30208,25088,14288,8248,0,41860376,23982775,9041640
300009,demand,0,1,1,1.4496895598109085,5.6289880765405158,1.3300000000000005,59,0,0,30208,25088,14128,8192,0,41012229,26468776,10207106
300009,demand,2,0,0,0.55963228253818431,5.794024288623433,0.44,19,0,9728,9728,6144,3912,3288,20652001,14645531,7866217,3811050
300009,demand,2,0,1,0.53261993055286971,5.8228353920984013,0.40999999999999998,19,1,9728,9728,6144,3504,2640,20897676,12981843,7729541,3128532
300009,demand,2,0.34999999999999998,0,0.55614727960363564,0,0.46999999999999997,19,0,9728,9728,6272,3792,3040,24746950,13399558,7667648,3573255
300009,demand,2,0.34999999999999998,1,0.56091700710755243,0.30794414688609351,0.44,19,1,9728,9728,7872,4056,2816,20671323,13845465,9792261,3498353
300009,demand,2,1,0,0.97959380942790319,16.403524729082058,0.81000000000000028,19,0,9728,9728,8448,4624,2880,20978856,13760589,8527081,3366487
300009,demand,2,1,1,0.67294435593057234,0.23687326401475062,0.56000000000000005,19,1,9728,9728,7296,3808,2368,20896566,12300436,7610819,2499188
300009,demand,5,0,0,1.3983320791946787,274.58329573797289,0.32999999999999996,9,0,4608,4608,3200,2120,1896,9997807,6161631,3608993,2311618
300009,demand,5,0,1,2.0142008664762749,622.30785390779954,0.27999999999999997,9,1,4608,4608,3392,1824,1560,9741092,6841826,4611631,1624271
300009,demand,5,0.34999999999999998,0,1.3897308523505985,259.67555677883661,0.35999999999999999,9,0,4608,4608,3904,2176,1928,10771770,6400241,3453784,2289333
300009,demand,5,0.34999999999999998,1,1.8708803518010526,502.8135526524278,0.40999999999999998,9,1,4608,4608,3840,1920,1768,10469424,6953063,4135703,1887268
300009,demand,5,1,0,2.1155491860937574,470.89563215028556,0.51000000000000001,9,0,4608,4608,4160,1752,1400,10223202,6191624,3602027,1473737
300009,demand,5,1,1,2.1155491860937574,470.89563215028556,0.51000000000000001,9,1,4608,4608,4160,1568,1344,9819431,6149882,4438601,1443929
300009,combined,0,0,0,0.87909095734346077,0,0.8600000000000001,59,0,0,30208,11136,8704,7800,0,43156348,25195780,9422132
300009,combined,0,0,1,1.0543330439338854,0,0.81000000000000005,59,2,0,30208,12096,8656,7656,0,41250069,25357024,8593683
300009,combined,0,0.34999999999999998,0,1.2221937841310107,0,1.1900000000000004,59,0,0,30208,16640,10832,8288,0,41971888,26884349,8903533
300009,combined,0,0.34999999999999998,1,1.2221937841310107,0,1.1900000000000004,59,0,0,30208,16640,10720,7976,0,38944040,23860950,9056560
300009,combined,0,1,0,1.5068265472568478,0,1.4599999999999997,59,0,0,30208,17344,9344,7128,0,42281865,25041003,8659465
300009,combined,0,1,1,1.5068265472568478,0,1.4599999999999997,59,0,0,30208,17344,9344,7128,0,40948658,24335189,7957303
300009,combined,2,0,0,0.95677765123622094,134.12512203329842,0.53000000000000003,19,0,9728,9728,4288,3424,2928,21598591,13029091,7706811,3512804
300009,combined,2,0,1,1.4981949188363508,160.3291838017185,0.68000000000000005,19,1,9728,9728,5248,3152,2544,21036950,12774413,7657473,2659356
300009,combined,2,0.34999999999999998,0,0.98149397883648193,144.63179479280328,0.56000000000000005,19,0,9728,9728,5632,3832,3040,21485672,12838857,7493300,3438712
300009,combined,2,0.34999999999999998,1,1.670881252441313,159.12527318620084,0.83000000000000007,19,1,9728,9728,6144,3392,2648,19585691,12540357,7814044,2877359
300009,combined,2,1,0,2.0412822943839721,0,1.3099999999999998,19,0,9728,9728,6720,2952,2368,20162255,12240497,7453610,2471980
300009,combined,2,1,1,2.3195999357093084,4.2715971636357821,0.76000000000000023,19,1,9728,9728,7424,3192,2104,19659039,12046985,7461473,2102837
300009,combined,5,0,0,1.782849076696648,257.51180366781028,0.47999999999999993,9,0,4608,4608,3200,2520,2296,9265234,5578350,3376389,2218158
300009,combined,5,0,1,2.8677342994657686,257.51180366781028,0.32999999999999996,9,1,4608,4608,3264,2112,1512,10283230,5983873,3426470,1579271
300009,combined,5,0.34999999999999998,0,1.782849076696648,257.51180366781028,0.47999999999999993,9,0,4608,4608,3264,2360,2064,9230585,5951542,3452430,1989364
300009,combined,5,0.34999999999999998,1,2.0796001352063826,319.312289167367,0.42999999999999994,9,1,4608,4608,3264,2056,1544,9309594,6017572,3384077,1601105
300009,combined,5,1,0,3.6281698311893353,3.1047054512235484,0.53000000000000003,9,0,4608,4608,3648,1832,1520,9126194,5628566,3373261,1600527
300009,combined,5,1,1,7.2311470588312492,0,0.22999999999999998,9,4,4608,4608,3648,1216,904,10739189,6049439,4900018,1210779
300010,normal,0,0,0,0.50505203576955859,0,0.5,59,0,0,30208,12416,8400,6456,0,39031185,23799832,6913808
300010,normal,0,0,1,0.50505203576955859,0,0.5,59,0,0,30208,12416,8400,6456,0,37143446,23934226,6756970
300010,normal,0,0.34999999999999998,0,0.43154849393474048,0,0.4300000000000001,59,0,0,30208,12096,7400,5712,0,37652707,22707258,5917863
300010,normal,0,0.34999999999999998,1,0.43154849393474048,0,0.4300000000000001,59,0,0,30208,12096,7400,5712,0,38798785,23020145,7039423
300010,normal,0,1,0,0.41176015069016902,0,0.41000000000000014,59,0,0,30208,12800,8000,5656,0,37106449,22296365,6066343
300010,normal,0,1,1,0.41176015069016902,0,0.41000000000000014,59,0,0,30208,12800,8000,5656,0,40437334,24982531,6063320
300010,normal,2,0,0,0.34458831515560734,0.68544286788039344,0.33999999999999997,19,0,9728,9728,4416,2984,2456,19911009,12417472,7491011,3326194
300010,normal,2,0,1,0.34458831515560734,0.68544286788039344,0.33999999999999997,19,0,9728,9728,4416,2984,2456,19539281,13909542,7707382,2692605
300010,normal,2,0.34999999999999998,0,0.35491880577106616,0.68544286788039344,0.34999999999999998,19,0,9728,9728,6912,3608,2536,23452289,12850689,8136691,2542386
300010,normal,2,0.34999999999999998,1,0.35491880577106616,0.68544286788039344,0.34999999999999998,19,0,9728,9728,6912,3608,2536,19875449,12455298,7634090,2671842
300010,normal,2,1,0,0.43154849393474048,0,0.4300000000000001,19,0,9728,9728,6592,3400,2512,21359527,12493309,7481713,2711140
300010,normal,2,1,1,0.43154849393474048,0,0.4300000000000001,19,0,9728,9728,6592,3400,2512,19710554,12158014,7786774,2528039
300010,normal,5,0,0,0.31776942589052548,22.18978663769256,0.30999999999999994,9,0,4608,4608,2880,1984,1656,8959063,5657401,3369225,1847396
300010,normal,5,0,1,0.31776942589052548,22.18978663769256,0.30999999999999994,9,0,4608,4608,2880,1984,1656,9524998,5944563,3582259,1868708
300010,normal,5,0.34999999999999998,0,0.31776942589052548,16.770228490175061,0.30999999999999994,9,0,4608,4608,3968,1984,1552,9240204,5974876,3650470,1909715
300010,normal,5,0.34999999999999998,1,0.31776942589052548,16.770228490175061,0.30999999999999994,9,0,4608,4608,3968,1984,1552,10075751,6261548,4196603,2058888
300010,normal,5,1,0,0.28165892909022816,13.646783980931879,0.27000000000000002,9,0,4608,4608,4480,1984,1344,12561913,7334090,6087350,1509801
300010,normal,5,1,1,0.28165892909022816,13.646783980931879,0.27000000000000002,9,0,4608,4608,4480,1984,1344,11992882,6420231,4232321,1657280
300010,supply,0,0,0,0.78000000000000003,0,0.78000000000000003,59,0,0,30208,6528,6104,6000,0,47581577,25270461,7632604
300010,supply,0,0,1,0.78000000000000003,0,0.78000000000000003,59,0,0,30208,6528,6088,5840,0,42796762,25154342,7109045
300010,supply,0,0.34999999999999998,0,0.96000000000000019,0,0.96000000000000019,59,0,0,30208,12416,8216,6960,0,41692450,26562528,8310787
300010,supply,0,0.34999999999999998,1,0.96000000000000019,0,0.96000000000000019,59,0,0,30208,12416,8208,6816,0,39784786,24230837,7417641
300010,supply,0,1,0,1.0800000000000001,0,1.0800000000000001,59,0,0,30208,15552,8856,6168,0,39746342,24150467,7285714
300010,supply,0,1,1,1.0800000000000001,0,1.0800000000000001,59,0,0,30208,15552,8856,6168,0,41404290,24188179,6747518
300010,supply,2,0,0,1.4887544272190671,10.202875726123278,0.79000000000000015,19,0,9728,9728,5504,3928,3400,21127436,12538082,8524067,3820718
300010,supply,2,0,1,2.4783591882197507,0,0.59999999999999998,19,2,9728,9728,4288,2440,2288,21866942,12573829,7891688,2447573
300010,supply,2,0.34999999999999998,0,1.3650163960036179,0,0.69000000000000006,19,0,9728,9728,4544,2960,2568,22171242,15846001,7624147,2705403
300010,supply,2,0.34999999999999998,1,2.5383591882197507,0,0.66000000000000003,19,2,9728,9728,5120,2552,2216,21703773,12552498,8267882,2493982
300010,supply,2,1,0,1.3950163960036179,0,0.72000000000000008,19,0,9728,9728,6080,2872,2288,21233688,12343221,7837189,2240369
300010,supply,2,1,1,2.6039147437753063,0,0.72000000000000008,19,2,9728,9728,6464,2504,2160,20011741,13521767,7974876,2098729
300010,supply,5,0,0,1.9783591882197491,0,0.59999999999999998,9,0,4608,4608,2304,1872,1856,9310705,5821657,3439533,1798107
300010,supply,5,0,1,3.037425327767985,0,0.44999999999999996,9,1,4608,4608,2880,1536,1392,9063200,5530097,3375151,1642989
300010,supply,5,0.34999999999999998,0,1.9783591882197491,0,0.59999999999999998,9,0,4608,4608,2688,1696,1544,9031333,5616775,3347271,1549020
300010,supply,5,0.34999999999999998,1,3.1038866687075832,0,0.59999999999999998,9,1,4608,4608,3136,1496,1272,9423931,5619883,3398109,1220590
300010,supply,5,1,0,2.0013221511827122,0,0.66000000000000003,9,0,4608,4608,3200,1392,1128,9429131,5922539,3384498,1176275
300010,supply,5,1,1,3.1157385205594341,0,0.66000000000000003,9,1,4608,4608,3648,1224,1088,9975606,6035741,3437838,1356315
300010,capacity,0,0,0,2.4213680344557096,302.76129697033753,0.92000000000000037,59,0,0,30208,15232,11264,9576,0,37314570,23146603,10388446
300010,capacity,0,0,1,2.5650749157090895,479.49722140806563,0.56000000000000016,59,5,0,30208,16576,9888,7856,0,38283945,23133387,8256502
300010,capacity,0,0.34999999999999998,0,2.5203620003023492,289.70073363785428,0.99000000000000044,59,0,0,30208,22976,13440,10368,0,37945325,23570263,11749197
300010,capacity,0,0.34999999999999998,1,2.586762111760661,436.82222154999999,0.60000000000000009,59,5,0,30208,23680,11888,8616,0,36894148,23078746,8842835
300010,capacity,0,1,0,2.49522944807243,289.62792878591353,0.97000000000000042,59,0,0,30208,26432,13312,8208,0,37330068,23067195,8904758
300010,capacity,0,1,1,2.7118377359716122,391.22660389166037,0.85000000000000031,59,5,0,30208,26880,12520,7848,0,39521580,23092654,8615709
300010,capacity,2,0,0,4.1520019606934948,1132.7276848542326,0.73000000000000009,19,0,9728,9728,6912,4960,4624,19243186,12078532,7323374,4854545
300010,capacity,2,0,1,10.200882227839999,4604.1098020027785,0.10000000000000001,19,13,9728,9728,8512,1992,1616,19532515,12519836,7484395,1795543
300010,capacity,2,0.34999999999999998,0,3.6863131485911742,1018.9514930558706,0.48999999999999994,19,0,9728,9728,9024,5392,4304,23922189,12225918,7261591,4285759
300010,capacity,2,0.34999999999999998,1,5.3293512019853102,2051.7029003188122,0.23999999999999999,19,5,9728,9728,8960,3608,2784,21172955,13466224,7304809,2855405
300010,capacity,2,1,0,3.6410028946708146,1019.8253086235426,0.51000000000000001,19,0,9728,9728,9728,4376,2904,23151081,13528622,7564356,3225841
300010,capacity,2,1,1,5.6404480796167515,2028.8619169521157,0.39999999999999997,19,5,9728,9728,9600,3408,2576,19823532,12436453,7321671,2798973
300010,capacity,5,0,0,4.3124548947790533,1448.4838342509679,0.20000000000000001,9,0,4608,4608,3520,2424,2248,8942156,5588346,3404197,2235293
300010,capacity,5,0,1,5.3581873501891293,2045.529981944193,0.15000000000000002,9,2,4608,4608,3648,1536,1368,9420828,5619941,3500454,1540305
300010,capacity,5,0.34999999999999998,0,4.3124548947790533,1448.4838342509679,0.20000000000000001,9,0,4608,4608,4288,2440,2176,10087156,6376513,3758413,2140482
300010,capacity,5,0.34999999999999998,1,5.5304946318269854,2045.529981944193,0.10000000000000001,9,2,4608,4608,4224,1768,1480,9132034,5505848,3550651,1469951
300010,capacity,5,1,0,4.6080020860801678,1422.5344129092716,0.29999999999999999,9,0,4608,4608,4544,1944,1536,10361189,6027678,3545201,1505775
300010,capacity,5,1,1,5.5304946318269854,2045.529981944193,0.10000000000000001,9,2,4608,4608,4544,1568,1200,9705059,8735446,3545310,1200980
300010,demand,0,0,0,0.71595242529044489,6.8065763297954867,0.65000000000000002,59,0,0,30208,16640,11216,8712,0,38848044,22894763,9973168
300010,demand,0,0,1,0.71595242529044489,6.8065763297954867,0.65000000000000002,59,0,0,30208,16640,11048,8448,0,38936069,24776198,8994829
300010,demand,0,0.34999999999999998,0,0.94229102410301735,3.3192868431413984,0.85000000000000031,59,0,0,30208,23936,13624,9280,0,42076144,27198245,10334887
300010,demand,0,0.34999999999999998,1,0.94229102410301735,3.3192868431413984,0.85000000000000031,59,0,0,30208,23936,13432,9056,0,41103845,25318430,10516298
300010,demand,0,1,0,1.5721683848161445,8.548224237573038,1.4400000000000004,59,0,0,30208,28160,15800,9000,0,43948033,25255777,9599482
300010,demand,0,1,1,1.5721683848161445,8.548224237573038,1.4400000000000004,59,0,0,30208,28160,15640,8944,0,38920193,24194826,10598225
300010,demand,2,0,0,0.55954895626345347,30.748875379844552,0.46000000000000002,19,0,9728,9728,6528,4168,3424,20430859,12855005,8196764,3522624
300010,demand,2,0,1,0.55954895626345347,30.748875379844552,0.46000000000000002,19,0,9728,9728,6528,3952,3168,20607382,11947331,7684720,3146363
300010,demand,2,0.34999999999999998,0,0.58954895626345349,32.256220327053342,0.49000000000000005,19,0,9728,9728,8640,4840,3664,20252494,12367558,7510063,4074450
300010,demand,2,0.34999999999999998,1,0.58954895626345349,32.256220327053342,0.49000000000000005,19,0,9728,9728,8640,4648,3440,20541726,12870354,7953255,3562280
300010,demand,2,1,0,0.83143327323589655,32.112325136945827,0.65000000000000013,19,0,9728,9728,9280,4920,3200,20754591,12574710,7618008,3250583
300010,demand,2,1,1,0.83143327323589655,32.112325136945827,0.65000000000000013,19,0,9728,9728,9280,4760,3144,20775608,13905568,8131234,3393543
300010,demand,5,0,0,1.3950512028411888,351.5751288838411,0.23000000000000001,9,0,4608,4608,3264,2160,1864,9390281,5671171,3366350,2001025
300010,demand,5,0,1,2.31152134014203,857.31356121969361,0.23000000000000001,9,1,4608,4608,3456,1488,1304,9443524,5714526,3445960,1310316
300010,demand,5,0.34999999999999998,0,1.3950512028411888,351.5751288838411,0.23000000000000001,9,0,4608,4608,4096,2440,1904,9239906,5948158,3663940,1997777
300010,demand,5,0.34999999999999998,1,2.2938700944700749,759.37281802595851,0.20000000000000001,9,1,4608,4608,4032,1560,1224,9662096,5722035,3827575,1266731
300010,demand,5,1,0,1.676426405618455,420.20618959763169,0.29000000000000004,9,0,4608,4608,4416,2320,1688,9084191,5641278,3328393,1750769
300010,demand,5,1,1,2.3648442273211883,759.37281802595851,0.40999999999999998,9,1,4608,4608,4416,1920,1376,9641174,5677071,3629709,1462657
300010,combined,0,0,0,0.8752113353733314,0,0.83000000000000029,59,0,0,30208,11456,8440,7288,0,39474193,23236120,12176653
300010,combined,0,0,1,0.8752113353733314,0,0.83000000000000029,59,0,0,30208,11456,8400,7072,0,38087677,23912467,7812472
300010,combined,0,0.34999999999999998,0,1.0436920600456574,8.7940389629252351,0.98000000000000032,59,0,0,30208,21824,13120,9200,0,38206431,22538828,9908425
300010,combined,0,0.34999999999999998,1,1.0436920600456574,8.7940389629252351,0.98000000000000032,59,0,0,30208,21824,13104,9048,0,38711941,24171694,9633686
300010,combined,0,1,0,1.6289324098314486,18.707178421084119,1.5200000000000005,59,0,0,30208,24704,13856,8592,0,39227547,26321647,9157461
300010,combined,0,1,1,1.6289324098314486,18.707178421084119,1.5200000000000005,59,0,0,30208,24704,13856,8592,0,39302685,24640105,9029338
300010,combined,2,0,0,1.4949836253991782,35.093452933814291,0.70999999999999996,19,0,9728,9728,6720,5008,4408,20337215,13144978,8356851,4991285
300010,combined,2,0,1,1.9828360585449567,35.093452933814291,0.71000000000000008,19,1,9728,9728,6912,4424,3656,21270771,12757276,8053765,3781257
300010,combined,2,0.34999999999999998,0,1.5505740999331032,31.801620275270039,0.77000000000000013,19,0,9728,9728,8256,4896,3888,20552930,12204011,7559773,4141534
300010,combined,2,0.34999999999999998,1,2.0112642523820288,35.093452933814291,0.7400000000000001,19,1,9728,9728,8256,4528,3368,20597891,11738639,7626418,3577202
300010,combined,2,1,0,1.2605052568456214,31.801620275270054,0.86000000000000021,19,0,9728,9728,9024,4368,2992,20624599,13474038,8375592,3062987
300010,combined,2,1,1,2.0580335722380099,49.084421475401328,0.92000000000000015,19,1,9728,9728,9088,4248,2896,19889470,12663015,7993905,3231045
300010,combined,5,0,0,2.582038257753553,163.85795635165684,0.55000000000000004,9,0,4608,4608,3584,2656,2528,9419637,5714294,3690880,2775488
300010,combined,5,0,1,2.582038257753553,163.85795635165684,0.55000000000000004,9,0,4608,4608,3584,1904,1360,10099978,6128459,3510970,1703636
300010,combined,5,0.34999999999999998,0,2.582038257753553,163.85795635165684,0.55000000000000004,9,0,4608,4608,3904,2336,2000,9481578,5782125,3464821,2041942
300010,combined,5,0.34999999999999998,1,2.582038257753553,163.85795635165684,0.55000000000000004,9,0,4608,4608,3904,1856,1312,9558536,5697690,4047671,1403056
300010,combined,5,1,0,2.6366788085786763,167.59110624290557,0.58000000000000007,9,0,4608,4608,4352,1728,1496,9951318,6002389,3335055,1572628
300010,combined,5,1,1,2.6366788085786763,167.59110624290557,0.58000000000000007,9,0,4608,4608,4352,1600,1280,10262901,5554226,3663048,1621537
300011,normal,0,0,0,0.059999999999999998,0,0.059999999999999998,59,0,0,30208,4800,4264,4032,0,37765316,22953986,4420226
300011,normal,0,0,1,0.059999999999999998,0,0.059999999999999998,59,0,0,30208,4800,4264,4032,0,38502501,23352503,4444301
300011,normal,0,0.34999999999999998,0,0.089999999999999997,0,0.089999999999999997,59,0,0,30208,8832,5760,4576,0,38468956,23390318,4930705
300011,normal,0,0.34999999999999998,1,0.089999999999999997,0,0.089999999999999997,59,0,0,30208,8832,5760,4576,0,43417982,27038723,5462564
300011,normal,0,1,0,0.12,0,0.12,59,0,0,30208,12032,6968,5032,0,43325373,24673694,5601716
300011,normal,0,1,1,0.12,0,0.12,59,0,0,30208,12032,6968,5032,0,43462850,27232698,5701902
300011,normal,2,0,0,0.059999999999999998,0,0.059999999999999998,19,0,9728,9728,1856,1504,1408,19994176,12572055,7280787,1484709
300011,normal,2,0,1,0.059999999999999998,0,0.059999999999999998,19,0,9728,9728,1856,1504,1408,20985407,12370800,7345610,1574626
300011,normal,2,0.34999999999999998,0,0.089999999999999997,0,0.089999999999999997,19,0,9728,9728,4096,2368,1856,21226820,14419085,7541834,3289763
300011,normal,2,0.34999999999999998,1,0.089999999999999997,0,0.089999999999999997,19,0,9728,9728,4096,2368,1856,21355385,15201488,7609514,1886868
300011,normal,2,1,0,0.12,0,0.12,19,0,9728,9728,4288,2504,1768,20771878,13672684,7230223,1777133
300011,normal,2,1,1,0.12,0,0.12,19,0,9728,9728,4288,2504,1768,20333264,13136023,7307236,2035233
300011,normal,5,0,0,0.029999999999999999,0,0.029999999999999999,9,0,4608,4608,832,672,664,9217311,6048128,3555818,746499
300011,normal,5,0,1,0.029999999999999999,0,0.029999999999999999,9,0,4608,4608,832,672,664,9632729,6084142,3593394,686268
300011,normal,5,0.34999999999999998,0,0.059999999999999998,0,0.059999999999999998,9,0,4608,4608,1856,944,824,11683581,5778104,3554563,847395
300011,normal,5,0.34999999999999998,1,0.059999999999999998,0,0.059999999999999998,9,0,4608,4608,1856,944,824,9243182,8803237,3452923,836642
300011,normal,5,1,0,0.089999999999999997,0,0.089999999999999997,9,0,4608,4608,1920,1024,912,11583577,5775427,3490038,1095545
300011,normal,5,1,1,0.089999999999999997,0,0.089999999999999997,9,0,4608,4608,1920,1024,912,11384745,5959987,3784251,884663
300011,supply,0,0,0,0.849388004871934,0,0.84000000000000019,59,0,0,30208,11584,8248,6968,0,43480860,25255559,9353294
300011,supply,0,0,1,0.849388004871934,0,0.84000000000000019,59,0,0,30208,11584,8248,6968,0,45318851,25061356,7827099
300011,supply,0,0.34999999999999998,0,1.1693880048719343,0,1.1600000000000004,59,0,0,30208,19392,11288,8112,0,41088503,25031212,10857078
300011,supply,0,0.34999999999999998,1,1.1693880048719343,0,1.1600000000000004,59,0,0,30208,19392,11288,8112,0,49415024,24284466,10427653
300011,supply,0,1,0,1.3089082824444522,0,1.3000000000000005,59,0,0,30208,24128,13208,7944,0,37848608,22457113,7715577
300011,supply,0,1,1,1.3089082824444522,0,1.3000000000000005,59,0,0,30208,24128,13208,7944,0,37250195,22348633,7850659
300011,supply,2,0,0,0.57364992236897472,5.8357091569573427,0.52000000000000013,19,0,9728,9728,4800,3296,2864,19626284,12039433,7241864,3023194
300011,supply,2,0,1,0.82232472190097672,5.8357091569573427,0.52000000000000013,19,1,9728,9728,5376,3288,2840,19254042,12180151,7095693,3012929
300011,supply,2,0.34999999999999998,0,0.50778053564918835,10.650912998791728,0.45999999999999996,19,0,9728,9728,6592,3680,2760,22587149,15870615,8659109,3091998
300011,supply,2,0.34999999999999998,1,0.74534422407007894,10.650912998791728,0.45999999999999996,19,1,9728,9728,7104,3608,2640,20168594,11951689,8105673,2925158
300011,supply,2,1,0,0.62235576783112989,0,0.57000000000000017,19,0,9728,9728,8256,4248,2632,19021573,12873533,7243095,2740838
300011,supply,2,1,1,0.62235576783112989,0,0.57000000000000017,19,0,9728,9728,8256,4248,2632,21693041,12690553,7205226,2720232
300011,supply,5,0,0,0.82016471675930958,12.462283633973612,0.39999999999999997,9,0,4608,4608,2432,1640,1536,9654744,5607535,3358237,1988681
300011,supply,5,0,1,1.4096596247588518,12.462283633973612,0.39999999999999997,9,1,4608,4608,2752,1480,1392,10168890,5828886,3765774,1380112
300011,supply,5,0.34999999999999998,0,0.81260807468328777,5.8275122345173358,0.42999999999999994,9,0,4608,4608,3712,1856,1456,10131863,5863701,3576669,1483489
300011,supply,5,0.34999999999999998,1,1.3909918715717191,5.8275122345173358,0.42999999999999994,9,1,4608,4608,3904,1584,1216,9134687,5512059,3453993,1236357
300011,supply,5,1,0,0.8426080746832878,5.8275122345173358,0.45999999999999996,9,0,4608,4608,4288,1912,1328,9124941,5810130,4356525,1364140
300011,supply,5,1,1,1.4209918715717191,5.8275122345173358,0.45999999999999996,9,1,4608,4608,4352,1592,1160,9184492,5721255,3432363,1154214
300011,capacity,0,0,0,2.5352077672800144,345.03886372386154,0.90000000000000036,59,0,0,30208,16000,11744,10112,0,37502425,22563933,10711426
300011,capacity,0,0,1,2.5053532476455755,526.25323775487095,0.39000000000000001,59,6,0,30208,12928,7552,6344,0,39504053,24001201,6884909
300011,capacity,0,0.34999999999999998,0,2.873296763211671,311.47798410407967,1.2100000000000002,59,0,0,30208,21056,12848,10912,0,38358751,24153540,11614751
300011,capacity,0,0.34999999999999998,1,2.5412555628859681,483.8037209339742,0.50000000000000011,59,6,0,30208,20992,10664,7344,0,37664416,22755846,7534000
300011,capacity,0,1,0,2.8102210305715696,334.25568720748487,1.1700000000000006,59,0,0,30208,25344,13200,8328,0,39097713,24151021,8794160
300011,capacity,0,1,1,2.8833593516573779,375.20511998150903,1.0700000000000005,59,4,0,30208,25408,12208,7936,0,37166937,22682095,8341695
300011,capacity,2,0,0,3.0261286457942167,688.12469222367326,0.59999999999999998,19,0,9728,9728,6784,4952,4320,19235813,11781782,7405637,4356266
300011,capacity,2,0,1,6.2606452729426847,2312.0446575794654,0.10000000000000001,19,8,9728,9728,7232,2384,1920,20219275,12160906,7618620,2259925
300011,capacity,2,0.34999999999999998,0,3.1656245605073967,724.20209683594987,0.55999999999999994,19,0,9728,9728,8384,5432,4480,20318692,12294185,7110653,4479573
300011,capacity,2,0.34999999999999998,1,6.4298259993552653,2400.9131518847603,0.16,19,8,9728,9728,8256,3000,2136,20339967,12141708,7323106,2213628
300011,capacity,2,1,0,3.219591204724281,719.28795251093163,0.51000000000000001,19,0,9728,9728,9408,4648,2976,20710590,12433909,8076701,3092873
300011,capacity,2,1,1,6.3949978660445952,2388.7953480460469,0.17999999999999999,19,8,9728,9728,9152,3504,2096,19313051,12161356,7870273,2604852
300011,capacity,5,0,0,3.4657601082878169,1059.0505752993165,0.20999999999999999,9,0,4608,4608,2880,2248,2072,9513708,7150871,3380774,2044998
300011,capacity,5,0,1,10.205377192791792,5170.4442389996184,0.029999999999999999,9,6,4608,4608,3904,848,712,9441643,6622817,3515236,709794
300011,capacity,5,0.34999999999999998,0,3.7764687665824992,1082.9755197377463,0.27999999999999997,9,0,4608,4608,4352,2560,2208,10727181,5885134,4089313,2164810
300011,capacity,5,0.34999999999999998,1,10.205377192791792,5170.4442389996184,0.029999999999999999,9,6,4608,4608,4416,1064,776,8911892,6136875,3472401,887858
300011,capacity,5,1,0,5.5797368185732488,2029.7472284363257,0.27000000000000002,9,0,4608,4608,4544,2224,1584,9142803,5599169,3526545,1562291
300011,capacity,5,1,1,10.16225822723648,5058.6417402500938,0.059999999999999998,9,6,4608,4608,4608,1232,856,9569425,5724201,3559302,871745
300011,demand,0,0,0,1.8471897749604274,159.90799500637007,1.3600000000000003,59,0,0,30208,19840,14832,12040,0,40529815,23977132,12808463
300011,demand,0,0,1,2.1085696256713726,317.04500133167852,1.1000000000000003,59,6,0,30208,18432,11528,9200,0,39931121,24120105,10003420
300011,demand,0,0.34999999999999998,0,1.9286998787898044,119.99452600978978,1.4900000000000002,59,0,0,30208,25280,15304,11256,0,37967056,23097993,12124956
300011,demand,0,0.34999999999999998,1,2.1325993757321733,266.62868497321307,1.2000000000000004,59,6,0,30208,25792,13664,9072,0,37954498,22434483,9191142
300011,demand,0,1,0,2.6392350393643018,203.69705166408937,1.8100000000000003,59,0,0,30208,28416,15400,8992,0,39743168,23350144,9585752
300011,demand,0,1,1,11.663998061916613,1727.4434458627538,0.19999999999999998,59,34,0,30208,29376,9216,5408,0,43475871,26866141,5858937
300011,demand,2,0,0,2.3315389018360109,374.42090143800465,0.94000000000000017,19,0,9728,9728,7424,5232,4600,22110696,14995227,7937298,5774114
300011,demand,2,0,1,11.766917409659944,1792.1305593105692,0.080000000000000002,19,11,9728,9728,7808,2000,1704,23231811,13805625,8368141,2238523
300011,demand,2,0.34999999999999998,0,2.3325446065505204,361.08530030162024,0.9700000000000002,19,0,9728,9728,8960,5416,4176,24201006,17953098,8571128,4889995
300011,demand,2,0.34999999999999998,1,12.150988600423926,2021.4087806579428,0.11,19,11,9728,9728,9024,2536,1904,21624329,12356759,7583577,1933351
300011,demand,2,1,0,2.0969566081967956,371.50404527311792,0.95000000000000018,19,0,9728,9728,9472,4976,3112,21161889,13422391,7803751,3602686
300011,demand,2,1,1,12.897223494447957,2525.2082637175572,0.14000000000000001,19,11,9728,9728,9600,3040,1984,20877710,12420392,7426923,2220031
300011,demand,5,0,0,4.513681866841706,501.73620035840611,0.52999999999999992,9,0,4608,4608,3968,3184,2944,10209210,6159779,3880306,3077213
300011,demand,5,0,1,11.766917409659944,1792.1305593105692,0.080000000000000002,9,5,4608,4608,3968,1232,1000,12613046,6546990,4410627,1274466
300011,demand,5,0.34999999999999998,0,4.5307763364290752,489.31602874955826,0.55999999999999994,9,0,4608,4608,4416,3272,2824,9766608,6401893,3715118,2989897
300011,demand,5,0.34999999999999998,1,12.150988600423926,2021.4087806579428,0.11,9,5,4608,4608,4416,1472,1104,10553238,5824722,3532273,1387814
300011,demand,5,1,0,4.5101212616414825,787.03935299460227,0.59000000000000008,9,0,4608,4608,4608,2504,1640,11502152,6117283,3520914,1901198
300011,demand,5,1,1,12.897223494447957,2525.2082637175558,0.14000000000000001,9,5,4608,4608,4608,1696,1024,9182652,5598731,3465261,1145519
300011,combined,0,0,0,1.3663393835371289,8.2055083239446844,1.2900000000000003,59,0,0,30208,12416,9792,8680,0,38951271,23873537,9411913
300011,combined,0,0,1,9.1637238911336052,158.08144752181408,0.22999999999999998,59,35,0,30208,21376,5312,4640,0,37284053,23409243,5246187
300011,combined,0,0.34999999999999998,0,1.6576995415855347,6.482492795328298,1.5400000000000005,59,0,0,30208,22656,13704,9704,0,38100729,23452381,9754357
300011,combined,0,0.34999999999999998,1,9.1637238911336052,158.08144752181408,0.22999999999999998,59,35,0,30208,25408,6760,5008,0,37693904,23153350,5605883
300011,combined,0,1,0,2.4856237458576484,6.4824927953283193,2.2399999999999993,59,0,0,30208,23296,11704,8488,0,40951745,23215462,8994550
300011,combined,0,1,1,9.2237238911336057,158.08144752181457,0.29000000000000004,59,35,0,30208,27008,7520,5112,0,41964735,24626360,5320479
300011,combined,2,0,0,3.0885759994659403,42.175168384193626,0.98000000000000009,19,0,9728,9728,6080,4720,4336,19609603,12633530,7404166,4606993
300011,combined,2,0,1,13.552452792404315,1432.207654439296,0.080000000000000002,19,11,9728,9728,6976,1520,1384,19842522,13328509,7755326,1456490
300011,combined,2,0.34999999999999998,0,3.0885759994659403,42.175168384193626,0.98000000000000009,19,0,9728,9728,8064,5416,4120,20013437,12307587,8104185,4371367
300011,combined,2,0.34999999999999998,1,13.552452792404315,1432.207654439296,0.080000000000000002,19,11,9728,9728,8256,2032,1536,21176651,12567847,7985481,2739504
300011,combined,2,1,0,3.3124450949474262,133.30741206373875,1.01,19,0,9728,9728,8960,4568,2496,20514824,12651546,7511325,2708099
300011,combined,2,1,1,13.552452792404315,1432.207654439296,0.080000000000000002,19,11,9728,9728,8960,2400,1680,19866446,11860009,7631619,1764474
300011,combined,5,0,0,7.1159951088860618,60.297260585195588,0.72999999999999998,9,0,4608,4608,3520,3112,3024,9357134,5720795,3539795,3053740
300011,combined,5,0,1,13.552452792404315,1432.207654439296,0.080000000000000002,9,5,4608,4608,3520,840,728,9223281,5919636,3578392,755241
300011,combined,5,0.34999999999999998,0,7.1159951088860618,60.297260585195588,0.72999999999999998,9,0,4608,4608,4032,3136,2848,9357461,6042248,3467183,3026709
300011,combined,5,0.34999999999999998,1,13.552452792404315,1432.207654439296,0.080000000000000002,9,5,4608,4608,4032,1040,784,9912823,5784602,3728488,829923
300011,combined,5,1,0,7.1159951088860618,60.297260585195588,0.72999999999999998,9,0,4608,4608,4352,1912,1224,9517766,5973866,3452861,1225830
300011,combined,5,1,1,13.552452792404315,1432.207654439296,0.080000000000000002,9,5,4608,4608,4352,1176,824,9382195,5575141,3559014,921862
300012,normal,0,0,0,0.51659347128633992,0,0.5,59,0,0,30208,10112,7000,6592,0,38830859,24644620,7229061
300012,normal,0,0,1,0.51659347128633992,0,0.5,59,0,0,30208,10112,7000,6592,0,37943630,23298282,7109011
300012,normal,0,0.34999999999999998,0,0.54659347128633995,0,0.53000000000000003,59,0,0,30208,13632,7760,6760,0,38504960,23220538,7397859
300012,normal,0,0.34999999999999998,1,0.54659347128633995,0,0.53000000000000003,59,0,0,30208,13632,7760,6760,0,37220744,24043048,7444862
300012,normal,0,1,0,0.78682539388357697,0,0.77000000000000002,59,0,0,30208,12992,7192,6040,0,39211714,26827974,7140640
300012,normal,0,1,1,0.78682539388357697,0,0.77000000000000002,59,0,0,30208,12992,7192,6040,0,39282942,25141607,6378423
300012,normal,2,0,0,0.52428148740013669,0,0.5,19,0,9728,9728,3840,2984,2856,23080227,12480256,7600131,3018792
300012,normal,2,0,1,0.52428148740013669,0,0.5,19,0,9728,9728,3840,2984,2856,19995703,11988747,7142668,3010231
300012,normal,2,0.34999999999999998,0,0.52027671873278725,0,0.5,19,0,9728,9728,4672,3016,2600,19376811,11965390,7346169,2659313
300012,normal,2,0.34999999999999998,1,0.52027671873278725,0,0.5,19,0,9728,9728,4672,3016,2600,20788966,13228229,7653562,4234125
300012,normal,2,1,0,0.54841150286375273,0,0.53000000000000003,19,0,9728,9728,6208,3168,2616,20879407,14069705,8969059,3298442
300012,normal,2,1,1,0.54841150286375273,0,0.53000000000000003,19,0,9728,9728,6208,3168,2616,23554285,17750661,8660292,3051825
300012,normal,5,0,0,0.060391600502980987,0.61598163126267735,0.059999999999999998,9,0,4608,4608,2368,1520,1048,11525905,6710249,3935634,1228794
300012,normal,5,0,1,0.060391600502980987,0.61598163126267735,0.059999999999999998,9,0,4608,4608,2368,1520,1048,10036106,5755137,3950114,1594726
300012,normal,5,0.34999999999999998,0,0.00039160050298099011,2.2022085986007447,0,9,0,4608,4608,4032,2272,1128,9672989,6011794,3567315,1171208
300012,normal,5,0.34999999999999998,1,0.00039160050298099011,2.2022085986007447,0,9,0,4608,4608,4032,2272,1128,9805773,6097542,3718292,1264539
300012,normal,5,1,0,0.84774170846166608,199.77990114181432,0.31,9,0,4608,4608,4608,2376,1528,9025133,5594334,3473832,1620696
300012,normal,5,1,1,0.84774170846166608,199.77990114181432,0.31,9,0,4608,4608,4608,2376,1528,10129979,5833184,4216224,1696191
300012,supply,0,0,0,1.0200000000000002,0,1.0200000000000002,59,0,0,30208,11136,8696,7448,0,41214184,25210153,9053948
300012,supply,0,0,1,1.0200000000000002,0,1.0200000000000002,59,0,0,30208,11136,8696,7424,0,40400288,23688019,7856739
300012,supply,0,0.34999999999999998,0,1.2800000000000002,0,1.2800000000000002,59,0,0,30208,17792,10896,7888,0,39912742,23100148,8630336
300012,supply,0,0.34999999999999998,1,1.2800000000000002,0,1.2800000000000002,59,0,0,30208,17792,10896,7888,0,38847351,24611591,8659015
300012,supply,0,1,0,1.4800000000000004,0.33516236327922044,1.4800000000000004,59,0,0,30208,22464,12816,7568,0,36814137,22356830,7932024
300012,supply,0,1,1,1.4800000000000004,0.33516236327922044,1.4800000000000004,59,0,0,30208,22464,12816,7568,0,36348840,22276045,7807257
300012,supply,2,0,0,1.0203414351267999,13.019223311721817,0.64000000000000001,19,0,9728,9728,5760,4264,3672,19094522,11747274,7189110,3715963
300012,supply,2,0,1,1.3142840228896695,2.3138221169993827,0.7200000000000002,19,1,9728,9728,5952,4304,3720,19362911,11849787,7641080,3781209
300012,supply,2,0.34999999999999998,0,1.160802523737029,8.2783137100938831,0.7200000000000002,19,0,9728,9728,7360,4784,3808,18926712,11664284,7082141,3819027
300012,supply,2,0.34999999999999998,1,1.3219136348481386,10.592135827093266,0.7200000000000002,19,1,9728,9728,7360,4544,3584,19150443,11577413,7360167,3589450
300012,supply,2,1,0,1.0237403938519463,36.398576367131653,0.76000000000000023,19,0,9728,9728,8320,4352,2608,19143949,11877987,7165876,2616739
300012,supply,2,1,1,1.4283690094325638,39.253834694253555,0.7300000000000002,19,1,9728,9728,8384,4432,2784,22045218,12372326,7532280,3052306
300012,supply,5,0,0,1.3759315497762479,157.75559413417449,0.44999999999999996,9,0,4608,4608,2880,1944,1808,9180098,5886736,3407124,1886888
300012,supply,5,0,1,1.3759315497762479,157.75559413417449,0.44999999999999996,9,0,4608,4608,2880,1912,1776,9264246,5695065,4650912,1935990
300012,supply,5,0.34999999999999998,0,1.1822528376168335,27.02743447949031,0.45999999999999996,9,0,4608,4608,3520,2048,1784,11177922,5882238,7817930,1850422
300012,supply,5,0.34999999999999998,1,1.1822528376168335,27.02743447949031,0.45999999999999996,9,0,4608,4608,3520,2048,1784,10741443,7834181,4920776,1850294
300012,supply,5,1,0,1.1822528376168335,27.02743447949031,0.45999999999999996,9,0,4608,4608,4032,1936,1568,11015417,8593259,3813405,2450700
300012,supply,5,1,1,1.1822528376168335,27.02743447949031,0.45999999999999996,9,0,4608,4608,4032,1936,1568,9348397,5822698,3542646,1745183
300012,capacity,0,0,0,2.7780217429133161,500.52008262153896,0.97000000000000042,59,0,0,30208,14592,10856,9656,0,38434654,23150593,10458068
300012,capacity,0,0,1,10.223620672528256,6021.7763191379145,0.029999999999999999,59,39,0,30208,22016,4168,3928,0,37624108,23775308,4509832
300012,capacity,0,0.34999999999999998,0,2.803864012417868,512.63769088584013,1.0000000000000002,59,0,0,30208,21312,13624,10464,0,39374930,24109503,12066163
300012,capacity,0,0.34999999999999998,1,10.314470993614744,6137.6903993048591,0.059999999999999998,59,39,0,30208,26112,5736,4496,0,38907656,24270703,4702669
300012,capacity,0,1,0,3.2550544893842899,528.35292943223101,1.3300000000000005,59,0,0,30208,25728,13536,8472,0,37863766,22622639,8591522
300012,capacity,0,1,1,10.374470993614745,6137.6903993048591,0.12,59,39,0,30208,28224,7080,4872,0,37360116,24055508,5092930
300012,capacity,2,0,0,3.103657844467032,769.55550153800073,0.56000000000000005,19,0,9728,9728,5632,4488,4168,19316042,12050669,7267099,4196307
300012,capacity,2,0,1,10.168842890168115,5951.2637774933592,0,19,13,9728,9728,7168,1416,1232,19827055,12430900,7285926,1482346
300012,capacity,2,0.34999999999999998,0,3.1702156291353414,777.47982592748053,0.55999999999999994,19,0,9728,9728,7808,4832,3872,20648049,14013433,7713054,4346123
300012,capacity,2,0.34999999999999998,1,10.244648097450494,6059.3726833458641,0.029999999999999999,19,13,9728,9728,8576,2032,1408,22871921,12038794,7564016,1426102
300012,capacity,2,1,0,3.2213524347146905,832.44147892879971,0.45999999999999996,19,0,9728,9728,8832,4768,2736,19725265,12137480,7652460,2984555
300012,capacity,2,1,1,10.244648097450494,6059.3726833458641,0.029999999999999999,19,13,9728,9728,9216,2592,1488,19163878,11807320,7686279,1452080
300012,capacity,5,0,0,4.1087492169618125,1379.8210423444064,0.28000000000000003,9,0,4608,4608,2944,2280,2128,8918377,5726682,3432983,2093419
300012,capacity,5,0,1,10.168842890168115,5951.2637774933592,0,9,6,4608,4608,3264,576,576,9618940,5988177,3565173,683123
300012,capacity,5,0.34999999999999998,0,4.1878592648474653,1332.1712702652571,0.31,9,0,4608,4608,3776,2584,2264,9649747,5806504,3784652,2334043
300012,capacity,5,0.34999999999999998,1,10.244648097450494,6059.3726833458641,0.029999999999999999,9,6,4608,4608,4032,952,728,9826480,5691409,3425832,723270
300012,capacity,5,1,0,8.672759533618521,4465.9149347213679,0.13,9,0,4608,4608,4416,2064,1240,9379197,5523947,3400522,1200241
300012,capacity,5,1,1,10.244648097450494,6059.3726833458641,0.029999999999999999,9,6,4608,4608,4416,1224,776,9227877,5730557,3360740,814751
300012,demand,0,0,0,0.80479549725991339,0.36008135106229489,0.7300000000000002,59,0,0,30208,14400,10264,8104,0,38351644,22984372,8854500
300012,demand,0,0,1,0.80479549725991339,0.36008135106229489,0.7300000000000002,59,0,0,30208,14400,10264,8104,0,38487507,22849015,8671611
300012,demand,0,0.34999999999999998,0,1.0809503868368369,1.4486885055880734,1.0100000000000005,59,0,0,30208,22720,13400,9288,0,38699200,23001808,9662598
300012,demand,0,0.34999999999999998,1,1.0809503868368369,1.4486885055880734,1.0100000000000005,59,0,0,30208,22720,13400,9288,0,41055758,23463356,10093582
300012,demand,0,1,0,1.3550780604356421,2.7654542536961806,1.2900000000000005,59,0,0,30208,26176,14576,8704,0,42646177,26826199,9625365
300012,demand,0,1,1,1.3550780604356421,2.7654542536961806,1.2900000000000005,59,0,0,30208,26176,14576,8704,0,40122800,24265245,9325481
300012,demand,2,0,0,0.73772442056918597,41.875365886202282,0.59000000000000008,19,0,9728,9728,6976,4720,3944,20168471,12616362,7482104,4361674
300012,demand,2,0,1,0.77460389048371647,66.630093354497816,0.56000000000000005,19,1,9728,9728,6720,4640,3560,19444064,12839319,7392665,4266322
300012,demand,2,0.34999999999999998,0,0.80476736003472193,65.894854940639476,0.56999999999999995,19,0,9728,9728,7936,4728,3776,20716677,11853599,7862443,3782999
300012,demand,2,0.34999999999999998,1,0.79867735555316455,73.691002481003167,0.54000000000000004,19,1,9728,9728,7936,4360,3176,19473238,12074014,7314198,3286730
300012,demand,2,1,0,1.2466933488779302,32.869031063485401,0.98000000000000032,19,0,9728,9728,9216,4776,3256,20306242,12325915,7348481,3435003
300012,demand,2,1,1,1.2241228699822864,32.280334486181474,0.95000000000000029,19,1,9728,9728,9216,4760,3032,25331055,13075346,9910261,3147690
300012,demand,5,0,0,0.91665481967896234,154.3055461036025,0.45999999999999996,9,0,4608,4608,3584,2760,2368,10117748,6309482,3864874,2949691
300012,demand,5,0,1,0.91665481967896234,154.3055461036025,0.45999999999999996,9,0,4608,4608,3584,2576,2152,9222741,5679043,3551859,2207891
300012,demand,5,0.34999999999999998,0,0.89519253498837603,107.06511842119284,0.42999999999999999,9,0,4608,4608,4416,2688,2224,10021344,5836251,3984305,2457357
300012,demand,5,0.34999999999999998,1,0.89519253498837603,107.06511842119284,0.42999999999999999,9,0,4608,4608,4416,2512,2016,9383392,5817933,3375237,2085395
300012,demand,5,1,0,0.95515238769067501,108.62901271269979,0.48999999999999999,9,0,4608,4608,4608,2376,1712,9825613,6006384,3573764,1717856
300012,demand,5,1,1,0.95515238769067501,108.62901271269979,0.48999999999999999,9,0,4608,4608,4608,2272,1600,10098404,6391026,3517632,1926660
300012,combined,0,0,0,0.99895831476803953,0,0.95000000000000029,59,0,0,30208,11200,8736,7704,0,40578063,25823913,8970178
300012,combined,0,0,1,0.99895831476803953,0,0.95000000000000029,59,0,0,30208,11200,8736,7704,0,37872488,23660281,8214263
300012,combined,0,0.34999999999999998,0,1.2633837349215449,0,1.2300000000000004,59,0,0,30208,19008,11432,8240,0,38939580,23798163,8570215
300012,combined,0,0.34999999999999998,1,1.2633837349215449,0,1.2300000000000004,59,0,0,30208,19008,11432,8240,0,38843774,22696333,8675941
300012,combined,0,1,0,1.9650931869240611,0,1.8499999999999996,59,0,0,30208,22016,10656,7648,0,37232146,23579636,8063897
300012,combined,0,1,1,1.9650931869240611,0,1.8499999999999996,59,0,0,30208,22016,10656,7648,0,38375151,24356529,8096651
300012,combined,2,0,0,0.761700408656795,6.1073957991657757,0.68000000000000016,19,0,9728,9728,5632,4024,3600,18808877,11821205,7118735,3609766
300012,combined,2,0,1,1.2703944483563678,33.201873482739025,0.75,19,1,9728,9728,5952,3480,3120,19031715,11976457,7099646,3197455
300012,combined,2,0.34999999999999998,0,0.89032665314353998,7.8306809182508736,0.84000000000000008,19,0,9728,9728,7296,4152,3288,21825501,13084008,7805993,3462338
300012,combined,2,0.34999999999999998,1,1.0578836664791176,16.313601397009553,0.64000000000000012,19,1,9728,9728,7872,4120,3104,19692648,11689753,7224783,3040327
300012,combined,2,1,0,0.94061689110620439,13.686150117150799,0.88000000000000023,19,0,9728,9728,8512,3808,2800,19360450,13468095,7318984,2883931
300012,combined,2,1,1,1.4339437228721075,43.75259838580272,0.85000000000000009,19,1,9728,9728,8512,3744,2640,21966472,14666798,8619940,3152760
300012,combined,5,0,0,3.0465500261013903,21.298552216207792,0.40000000000000002,9,0,4608,4608,3392,2664,2584,9523823,5842027,3963823,2717612
300012,combined,5,0,1,3.1157743861721534,203.40374085845585,0.34999999999999998,9,1,4608,4608,3392,1896,1560,9593390,6419770,3473893,1591341
300012,combined,5,0.34999999999999998,0,3.0809971817013446,23.852876788122359,0.42999999999999994,9,0,4608,4608,4160,2856,2456,9106645,5741226,3405349,2374394
300012,combined,5,0.34999999999999998,1,3.1480904802734528,207.70106744451894,0.38,9,1,4608,4608,4160,2208,1648,8971001,5598079,3385991,1622248
300012,combined,5,1,0,2.4988285327219506,0.31073818377455353,0.52999999999999992,9,0,4608,4608,4352,2048,1440,9920844,5534803,3474025,1432422
300012,combined,5,1,1,2.4988285327219506,0.31073818377455353,0.52999999999999992,9,0,4608,4608,4352,2048,1440,9316431,6012767,3542947,1497421
300013,normal,0,0,0,0.40991592387593001,0,0.40000000000000002,59,0,0,30208,10240,6928,5832,0,37433235,23437259,8113709
300013,normal,0,0,1,0.40991592387593001,0,0.40000000000000002,59,0,0,30208,10240,6928,5832,0,42678206,24904942,8166561
300013,normal,0,0.34999999999999998,0,0.55000000000000016,1.3498679899294643,0.55000000000000016,59,0,0,30208,13632,8200,6184,0,41612674,25901407,6458173
300013,normal,0,0.34999999999999998,1,0.55000000000000016,1.3498679899294643,0.55000000000000016,59,0,0,30208,13632,8200,6184,0,37779158,22994517,6793739
300013,normal,0,1,0,0.61000000000000021,1.3498679899294643,0.61000000000000021,59,0,0,30208,16448,9568,6504,0,38354928,23609766,6876871
300013,normal,0,1,1,0.61000000000000021,1.3498679899294643,0.61000000000000021,59,0,0,30208,16448,9568,6504,0,38974463,23053093,6892010
300013,normal,2,0,0,0.35848623105080568,0,0.34999999999999998,19,0,9728,9728,4288,2784,2408,20318094,12599786,7230232,2657582
300013,normal,2,0,1,0.35848623105080568,0,0.34999999999999998,19,0,9728,9728,4288,2784,2408,19209145,11602021,7120875,2601621
300013,normal,2,0.34999999999999998,0,0.41301242997119902,0,0.41000000000000003,19,0,9728,9728,5760,3128,2432,19092626,11717672,7131322,2507415
300013,normal,2,0.34999999999999998,1,0.41301242997119902,0,0.41000000000000003,19,0,9728,9728,5760,3128,2432,23705617,11742172,7751646,2474275
300013,normal,2,1,0,0.4402755294313957,0,0.44000000000000006,19,0,9728,9728,6976,3552,2496,19755504,12594311,7860864,2709641
300013,normal,2,1,1,0.4402755294313957,0,0.44000000000000006,19,0,9728,9728,6976,3552,2496,22537585,13652779,10334059,3200857
300013,normal,5,0,0,0.26890239142935202,0,0.26000000000000001,9,0,4608,4608,2048,1648,1440,9223782,5863089,3653575,1601369
300013,normal,5,0,1,0.26890239142935202,0,0.26000000000000001,9,0,4608,4608,2048,1648,1440,9481410,6131757,3454836,1992478
300013,normal,5,0.34999999999999998,0,0.29650134342079892,0,0.29000000000000004,9,0,4608,4608,2944,1752,1344,9785408,7002678,4059686,1510102
300013,normal,5,0.34999999999999998,1,0.29650134342079892,0,0.29000000000000004,9,0,4608,4608,2944,1752,1344,11341362,7209141,3834596,1564431
300013,normal,5,1,0,0.32410029541224583,0,0.32000000000000001,9,0,4608,4608,3456,1928,1288,10520993,6215782,3654997,3683721
300013,normal,5,1,1,0.32410029541224583,0,0.32000000000000001,9,0,4608,4608,3456,1928,1288,10839522,6406221,3559231,1526300
300013,supply,0,0,0,1.444320110959838,0.40836933222794158,1.4000000000000004,59,0,0,30208,15872,11520,9480,0,40678805,25205205,10834790
300013,supply,0,0,1,1.444320110959838,0.40836933222794158,1.4000000000000004,59,0,0,30208,15872,10976,8568,0,40243972,26046841,9930133
300013,supply,0,0.34999999999999998,0,1.5371788233449732,2.2688668251642987,1.49,59,0,0,30208,19968,12664,9648,0,41893397,26990749,11830789
300013,supply,0,0.34999999999999998,1,1.5371788233449732,2.2688668251642987,1.49,59,0,0,30208,19968,12216,8936,0,39886270,26240168,12409988
300013,supply,0,1,0,1.8199426167794726,0,1.72,59,0,0,30208,21504,12400,7904,0,41263811,24504175,8516068
300013,supply,0,1,1,1.8480915545190504,0,1.72,59,1,0,30208,21568,11856,7472,0,42429021,24943004,8972852
300013,supply,2,0,0,2.4438351421492501,0,1.1900000000000002,19,0,9728,9728,6464,4832,4496,20913923,12385510,7429482,5230724
300013,supply,2,0,1,7.8031574463621061,22.559725824203838,0.43000000000000005,19,10,9728,9728,7744,2384,2256,20874877,12128508,8186727,2319754
300013,supply,2,0.34999999999999998,0,2.7630324437865061,6.5072250444916655,1.0800000000000001,19,0,9728,9728,7808,5104,4200,19702118,12601423,7156670,4243597
300013,supply,2,0.34999999999999998,1,11.607822706515881,1107.0494951445046,0.22999999999999998,19,11,9728,9728,8832,2664,2152,20616052,12796264,8035701,2251321
300013,supply,2,1,0,2.8868850356380973,6.5072250444916655,1.1200000000000001,19,0,9728,9728,9280,4008,2616,22375531,12979391,8283664,3111848
300013,supply,2,1,1,11.607822706515881,1107.0494951445046,0.22999999999999998,19,11,9728,9728,9536,2784,1864,22731171,13135296,9559617,2663860
300013,supply,5,0,0,6.4206166523175838,1130.7644224666446,0.71000000000000008,9,0,4608,4608,4096,3232,3072,10312048,7066274,3482466,3143257
300013,supply,5,0,1,9.537127753726697,1992.0640400669522,0.16,9,5,4608,4608,4096,1328,1072,9452974,5801407,3503237,1151669
300013,supply,5,0.34999999999999998,0,3.9435656411852604,273.23957310508001,0.83000000000000007,9,0,4608,4608,4544,3096,2608,9421118,5914849,3673554,2492231
300013,supply,5,0.34999999999999998,1,8.2535526803391086,358.1768179132892,0.17999999999999999,9,5,4608,4608,4544,1608,1280,10543001,6146178,4257007,2418660
300013,supply,5,1,0,3.9435656411852604,273.23957310508001,0.83000000000000007,9,0,4608,4608,4608,2216,1360,10758829,6133336,4097562,2123235
300013,supply,5,1,1,8.2535526803391086,358.1768179132892,0.17999999999999999,9,5,4608,4608,4608,1592,1080,11997707,5956890,3354613,1075575
300013,capacity,0,0,0,2.512126770367658,273.82428410306176,1.2500000000000004,59,0,0,30208,15808,11528,9944,0,38812633,24119374,10733788
300013,capacity,0,0,1,2.3920336879597768,450.26058440576293,0.66000000000000014,59,5,0,30208,16128,9664,7752,0,40284520,26075983,8642049
300013,capacity,0,0.34999999999999998,0,2.5542679438936413,309.67268824003963,1.1700000000000004,59,0,0,30208,22144,13128,10344,0,40988303,28377614,13090271
300013,capacity,0,0.34999999999999998,1,2.5670520049310714,449.22083680713979,0.82000000000000028,59,5,0,30208,22400,11384,8376,0,41449872,27027397,10414228
300013,capacity,0,1,0,2.7640306677530178,292.70296826824278,1.3600000000000005,59,0,0,30208,27136,13904,8816,0,39916692,23242210,9287522
300013,capacity,0,1,1,2.7661550131626562,369.00130329422194,1.1900000000000006,59,4,0,30208,26304,12544,8296,0,38111625,22843652,8840984
300013,capacity,2,0,0,2.7051955784660615,600.35801843477441,0.5,19,0,9728,9728,6272,4232,3776,19075326,11685530,7191645,4020508
300013,capacity,2,0,1,2.7712402297166006,663.4156077639866,0.42000000000000004,19,2,9728,9728,6336,3128,2736,19404459,12035014,7463384,2689827
300013,capacity,2,0.34999999999999998,0,2.5935530471852601,522.9243727556119,0.60000000000000009,19,0,9728,9728,7808,4416,3848,19083852,11731044,7002911,3865406
300013,capacity,2,0.34999999999999998,1,2.7161649403010801,635.89060081835839,0.42999999999999994,19,2,9728,9728,7872,3480,2864,23961318,11521047,7889909,2997935
300013,capacity,2,1,0,2.6826382292296684,551.46907729390603,0.6100000000000001,19,0,9728,9728,9024,4312,3240,19024264,11604142,7537750,3226494
300013,capacity,2,1,1,2.815249563883834,632.36291608702709,0.53999999999999992,19,2,9728,9728,9152,3728,2824,19493626,11705547,7154700,3013782
300013,capacity,5,0,0,2.7933333290606033,631.51966546908284,0.31,9,0,4608,4608,3456,2376,2200,8895577,5714817,3515887,2101751
300013,capacity,5,0,1,2.7965588307492224,663.4156077639866,0.26000000000000001,9,1,4608,4608,3456,1640,1464,9042868,5667772,3368524,1462248
300013,capacity,5,0.34999999999999998,0,2.7933333290606033,631.51966546908284,0.31,9,0,4608,4608,3776,2352,2200,9377709,5501233,3382817,2342106
300013,capacity,5,0.34999999999999998,1,2.7965588307492224,663.4156077639866,0.26000000000000001,9,1,4608,4608,3776,1720,1544,8819173,5567043,3354173,1555154
300013,capacity,5,1,0,2.7385393943270362,621.3938387977305,0.31,9,0,4608,4608,4096,1808,1472,8845192,5445276,3374594,1431690
300013,capacity,5,1,1,2.7965588307492224,663.4156077639866,0.26000000000000001,9,1,4608,4608,4096,1536,1304,8814436,5479071,3392840,1318550
300013,demand,0,0,0,0.59764180698715075,2.7038510979833674,0.55000000000000004,59,0,0,30208,15424,10088,7792,0,36608443,22539607,8017821
300013,demand,0,0,1,0.59764180698715075,2.7038510979833674,0.55000000000000004,59,0,0,30208,15424,9976,7560,0,36670000,22429030,7612509
300013,demand,0,0.34999999999999998,0,0.49707539567154913,2.6069511986689378,0.43000000000000005,59,0,0,30208,19136,10664,7232,0,36412488,22326426,7270462
300013,demand,0,0.34999999999999998,1,0.49707539567154913,2.6069511986689378,0.43000000000000005,59,0,0,30208,19136,10560,7024,0,36419588,22225542,7095834
300013,demand,0,1,0,1.1053868752653631,3.6198054250503944,1.0300000000000005,59,0,0,30208,26304,14448,8272,0,36844345,22576180,9197983
300013,demand,0,1,1,1.1053868752653631,3.6198054250503944,1.0300000000000005,59,0,0,30208,26304,14448,8272,0,36397768,22393571,8515931
300013,demand,2,0,0,0.51698085056674881,30.131957200052245,0.38000000000000006,19,0,9728,9728,5888,4000,3208,20666576,13678574,7253528,3541925
300013,demand,2,0,1,0.51698085056674881,30.131957200052245,0.38000000000000006,19,0,9728,9728,5888,3832,2960,21498038,12606809,7563097,3082309
300013,demand,2,0.34999999999999998,0,0.54719717320761441,11.455747763928599,0.46000000000000002,19,0,9728,9728,8704,4928,3464,20599702,12634311,7480198,3743578
300013,demand,2,0.34999999999999998,1,0.54719717320761441,11.455747763928599,0.46000000000000002,19,0,9728,9728,8704,4824,3256,22667566,12642505,8931229,3435967
300013,demand,2,1,0,1.2931301928466916,49.7248549987128,0.89000000000000035,19,0,9728,9728,9536,4600,2968,20940868,13495701,7662585,3829658
300013,demand,2,1,1,1.2931301928466916,49.7248549987128,0.89000000000000035,19,0,9728,9728,9536,4528,2904,20079197,12334008,7580980,3020859
300013,demand,5,0,0,0.59246017327778233,100.4174395516572,0.29999999999999999,9,0,4608,4608,3136,2264,2008,11824886,7608742,4857703,3036784
300013,demand,5,0,1,0.59246017327778233,100.4174395516572,0.29999999999999999,9,0,4608,4608,3136,2096,1760,9850547,5918991,3745113,1931096
300013,demand,5,0.34999999999999998,0,0.52457615497222765,79.084905881510707,0.27999999999999997,9,0,4608,4608,4288,2648,2008,9371326,5902938,3929223,2340842
300013,demand,5,0.34999999999999998,1,0.52457615497222765,79.084905881510707,0.27999999999999997,9,0,4608,4608,4288,2528,1800,9603003,6071895,3607195,1893007
300013,demand,5,1,0,0.80509100385022514,85.999809871698972,0.42999999999999994,9,0,4608,4608,4544,2344,1584,9260727,5828949,3619883,1637090
300013,demand,5,1,1,0.80509100385022514,85.999809871698972,0.42999999999999994,9,0,4608,4608,4544,2248,1472,9437104,5610228,3710920,1598514
300013,combined,0,0,0,1.2848218697900484,0,1.2200000000000004,59,0,0,30208,13632,9624,8240,0,40077382,23895981,8868120
300013,combined,0,0,1,1.2848218697900484,0,1.2200000000000004,59,0,0,30208,13632,9624,8240,0,39691698,24743369,8722732
300013,combined,0,0.34999999999999998,0,1.389350650459523,0,1.3000000000000005,59,0,0,30208,21440,12728,9072,0,39017570,29435570,11571013
300013,combined,0,0.34999999999999998,1,1.389350650459523,0,1.3000000000000005,59,0,0,30208,21440,12728,9072,0,39197134,23997745,10048097
300013,combined,0,1,0,1.6688253385808498,2.3572181546601918,1.5200000000000005,59,0,0,30208,25728,13928,8472,0,37999180,25627356,9131874
300013,combined,0,1,1,1.6688253385808498,2.3572181546601918,1.5200000000000005,59,0,0,30208,25728,13928,8472,0,39118321,23941005,9395106
300013,combined,2,0,0,0.77831768254954214,37.737944211748143,0.68000000000000005,19,0,9728,9728,6336,4040,3304,20022174,12326734,8218824,3826437
300013,combined,2,0,1,1.1412420482983447,27.533465849786644,0.51000000000000001,19,1,9728,9728,7168,4704,3776,19600758,11890164,7294820,3743490
300013,combined,2,0.34999999999999998,0,1.0832000684283887,0,0.99000000000000032,19,0,9728,9728,8128,4704,3712,20478157,12141154,7717801,3893390
300013,combined,2,0.34999999999999998,1,1.2538212320216311,25.735670973757898,0.55000000000000004,19,1,9728,9728,8832,5112,3928,20172668,12296006,7755628,4909094
300013,combined,2,1,0,1.3052100374764246,0,1.1800000000000004,19,0,9728,9728,9216,4456,3048,19558155,12663923,7799252,3109951
300013,combined,2,1,1,1.248506137829454,32.963972937432445,0.76000000000000012,19,1,9728,9728,9536,4296,2704,19909232,12659537,7499319,2766147
300013,combined,5,0,0,1.8608192842021618,475.9388203859678,0.37999999999999995,9,0,4608,4608,3136,2280,2032,9641570,5671210,3708158,2087453
300013,combined,5,0,1,1.873257204966434,475.9388203859678,0.37999999999999995,9,1,4608,4608,3264,1944,1720,9692680,5724129,3473291,1827000
300013,combined,5,0.34999999999999998,0,1.767992354335078,450.83709105151434,0.34999999999999998,9,0,4608,4608,4032,2424,2072,10048967,5891795,3776178,2074672
300013,combined,5,0.34999999999999998,1,1.7814203737268699,450.83709105151434,0.34999999999999998,9,1,4608,4608,4096,2192,1832,9629504,5869801,3668616,2008169
300013,combined,5,1,0,1.792581412125696,430.96242299673833,0.40999999999999998,9,0,4608,4608,4544,2192,1544,9624778,5877768,3488376,1519474
300013,combined,5,1,1,1.7942948654396502,430.96242299673833,0.37999999999999995,9,1,4608,4608,4544,2168,1592,9488452,6002254,3737020,2587436
300014,normal,0,0,0,0.41924193992534997,0,0.41000000000000003,59,0,0,30208,8384,6216,5680,0,39462136,24542012,6429540
300014,normal,0,0,1,0.41924193992534997,0,0.41000000000000003,59,0,0,30208,8384,6216,5680,0,38998523,26008118,6241661
300014,normal,0,0.34999999999999998,0,0.47762134875915696,0,0.46999999999999997,59,0,0,30208,12416,7272,5952,0,42057654,24709826,6506115
300014,normal,0,0.34999999999999998,1,0.47762134875915696,0,0.46999999999999997,59,0,0,30208,12416,7272,5952,0,41056748,24630919,7330533
300014,normal,0,1,0,0.71762134875915695,0,0.71000000000000008,59,0,0,30208,16064,8696,6344,0,39782705,23924169,7138347
300014,normal,0,1,1,0.71762134875915695,0,0.71000000000000008,59,0,0,30208,16064,8696,6344,0,38771014,26439476,7080651
300014,normal,2,0,0,0.44028713019753946,18.621033413262836,0.27999999999999997,19,0,9728,9728,4608,2976,2536,20709258,12544978,7548362,2900849
300014,normal,2,0,1,0.44028713019753946,18.621033413262836,0.27999999999999997,19,0,9728,9728,4608,2976,2536,19891559,12383582,8361298,2920836
300014,normal,2,0.34999999999999998,0,0.62625318079351544,15.319883269005345,0.59000000000000008,19,0,9728,9728,6336,3592,2888,23187152,14080332,7993976,3630881
300014,normal,2,0.34999999999999998,1,0.62625318079351544,15.319883269005345,0.59000000000000008,19,0,9728,9728,6336,3592,2888,22061768,13409467,7865934,3420612
300014,normal,2,1,0,0.64241741240339989,15.319883269005345,0.62000000000000011,19,0,9728,9728,7040,3720,2600,21841778,13735043,8316673,3166537
300014,normal,2,1,1,0.64241741240339989,15.319883269005345,0.62000000000000011,19,0,9728,9728,7040,3720,2600,20275249,12067200,8053293,2644320
300014,normal,5,0,0,0.59822560131709879,15.319883269005345,0.38,9,0,4608,4608,2240,1768,1672,9782602,6360790,3615718,1929632
300014,normal,5,0,1,0.59822560131709879,15.319883269005345,0.38,9,0,4608,4608,2240,1768,1672,11070345,6885602,4749439,1882120
300014,normal,5,0.34999999999999998,0,0.591547545865173,15.319883269005345,0.41000000000000003,9,0,4608,4608,3264,2032,1784,11229451,6410500,3829792,2197707
300014,normal,5,0.34999999999999998,1,0.591547545865173,15.319883269005345,0.41000000000000003,9,0,4608,4608,3264,2032,1784,9946002,7004432,4058575,2300511
300014,normal,5,1,0,0.5883171454859244,15.319883269005345,0.44000000000000006,9,0,4608,4608,3584,1912,1488,12402333,6493442,4062794,1774270
300014,normal,5,1,1,0.5883171454859244,15.319883269005345,0.44000000000000006,9,0,4608,4608,3584,1912,1488,8926194,6523215,3519060,1898046
300014,supply,0,0,0,0.71278459349213774,0,0.71000000000000008,59,0,0,30208,10752,7400,6304,0,43919133,27110306,7550169
300014,supply,0,0,1,0.71278459349213774,0,0.71000000000000008,59,0,0,30208,10752,7400,6304,0,39771751,23918179,7467986
300014,supply,0,0.34999999999999998,0,0.80284261996672723,0,0.80000000000000016,59,0,0,30208,17088,10024,7024,0,43699101,25584465,8016068
300014,supply,0,0.34999999999999998,1,0.80284261996672723,0,0.80000000000000016,59,0,0,30208,17088,10024,7024,0,40586359,24653678,7963615
300014,supply,0,1,0,1.0641219933136599,0,1.0600000000000003,59,0,0,30208,20416,11656,7032,0,39321691,24147531,8280434
300014,supply,0,1,1,1.0641219933136599,0,1.0600000000000003,59,0,0,30208,20416,11656,7032,0,42477566,24131615,7901430
300014,supply,2,0,0,0.44309197454405624,0,0.38,19,0,9728,9728,4160,2816,2352,21684834,13340214,8033795,2402081
300014,supply,2,0,1,0.44309197454405624,0,0.38,19,0,9728,9728,4160,2816,2352,20743469,12183610,7578100,2719266
300014,supply,2,0.34999999999999998,0,0.52944629731494197,0,0.46999999999999997,19,0,9728,9728,6336,3632,2544,20301474,14318821,8101708,2721990
300014,supply,2,0.34999999999999998,1,0.52944629731494197,0,0.46999999999999997,19,0,9728,9728,6336,3632,2544,23331089,13994552,8264493,3002668
300014,supply,2,1,0,0.61944629731494194,0,0.56000000000000005,19,0,9728,9728,7552,4040,2360,21257559,12628072,7437376,2646342
300014,supply,2,1,1,0.61944629731494194,0,0.56000000000000005,19,0,9728,9728,7552,4040,2360,22302222,12591377,7519479,2571269
300014,supply,5,0,0,0.57955574623976736,0,0.32999999999999996,9,0,4608,4608,2624,2008,1776,9680971,5683728,3660756,1983705
300014,supply,5,0,1,0.57955574623976736,0,0.32999999999999996,9,0,4608,4608,2624,2008,1776,9645239,5905487,3788639,1945418
300014,supply,5,0.34999999999999998,0,0.66391717442517584,0,0.41000000000000003,9,0,4608,4608,3136,2040,1728,9117489,5596569,3357526,1811385
300014,supply,5,0.34999999999999998,1,0.66391717442517584,0,0.41000000000000003,9,0,4608,4608,3136,2040,1728,8950179,5798262,3416578,1876934
300014,supply,5,1,0,0.74849664317840525,17.017320621234667,0.47000000000000008,9,0,4608,4608,3840,2272,1664,9158070,5822629,3359391,1889401
300014,supply,5,1,1,0.74849664317840525,17.017320621234667,0.47000000000000008,9,0,4608,4608,3840,2272,1664,9090798,6193468,3577048,1805506
300014,capacity,0,0,0,2.5449454079400193,410.61283466717157,1.0200000000000005,59,0,0,30208,20416,14328,11064,0,37244312,23627145,11430551
300014,capacity,0,0,1,2.9345830399438628,691.60478181515077,0.80000000000000027,59,6,0,30208,21056,12088,8976,0,37866610,23162928,9191296
300014,capacity,0,0.34999999999999998,0,2.5014861591905935,423.42683264198638,0.92000000000000037,59,0,0,30208,26752,16192,10976,0,38512847,23536236,11645743
300014,capacity,0,0.34999999999999998,1,2.8223162321490567,671.70077858771515,0.73000000000000009,59,6,0,30208,27072,13936,8816,0,37190012,23668704,9248191
300014,capacity,0,1,0,2.6381359957912358,459.03149960826528,0.99000000000000044,59,0,0,30208,29568,15816,8928,0,37942352,23568073,9297597
300014,capacity,0,1,1,3.2390937527383796,636.03536769248683,1.1300000000000006,59,6,0,30208,29184,14248,8384,0,38490950,22838345,9173386
300014,capacity,2,0,0,2.6910440785697611,681.55623835410847,0.47999999999999998,19,0,9728,9728,7680,4688,3928,19506289,11896414,7464917,3893234
300014,capacity,2,0,1,2.7760417384060014,752.35255633683437,0.44999999999999996,19,2,9728,9728,7680,3680,2944,19498099,11856026,7508994,2859837
300014,capacity,2,0.34999999999999998,0,2.8023500734706674,679.09659458713918,0.59000000000000008,19,0,9728,9728,9024,4736,3696,19161790,12315057,7402585,3780021
300014,capacity,2,0.34999999999999998,1,2.7760417384060014,752.35255633683437,0.44999999999999996,19,2,9728,9728,9024,3640,2656,20313559,12196380,7400980,2892689
300014,capacity,2,1,0,2.774155065528209,727.45957287475733,0.46999999999999997,19,0,9728,9728,9536,3864,2840,18897824,11971599,7330493,2820099
300014,capacity,2,1,1,2.8209873527549689,767.26135997767813,0.42000000000000004,19,2,9728,9728,9600,3560,2632,20839757,12459158,7569234,2888227
300014,capacity,5,0,0,2.6584719633482381,663.04291428494616,0.36999999999999994,9,0,4608,4608,3840,2552,2304,9400550,6074058,3425350,2408333
300014,capacity,5,0,1,2.7379084953763724,745.79880504058906,0.25,9,1,4608,4608,3840,1720,1432,11431064,6043041,3550169,1483851
300014,capacity,5,0.34999999999999998,0,2.6584719633482381,663.04291428494616,0.36999999999999994,9,0,4608,4608,4352,2256,1944,9171282,5541324,3596871,1939094
300014,capacity,5,0.34999999999999998,1,2.7379084953763724,745.79880504058906,0.25,9,1,4608,4608,4352,1616,1328,9389331,6175764,3444829,1570656
300014,capacity,5,1,0,2.6894385885958285,704.37979857444498,0.29999999999999999,9,0,4608,4608,4544,1960,1512,9877970,5816390,4077075,1595437
300014,capacity,5,1,1,2.7379084953763724,745.79880504058906,0.25,9,1,4608,4608,4608,1592,1264,9629042,5835678,3750390,1400112
300014,demand,0,0,0,0.74866906117423315,20.962027483779018,0.67000000000000015,59,0,0,30208,12672,9000,7440,0,38840273,23725767,8151588
300014,demand,0,0,1,0.74866906117423315,20.962027483779018,0.67000000000000015,59,0,0,30208,12672,8632,6784,0,38563475,23257897,7708668
300014,demand,0,0.34999999999999998,0,0.86141516914286786,1.0383817857233524,0.81000000000000016,59,0,0,30208,20096,11728,8192,0,40075054,23754330,9022368
300014,demand,0,0.34999999999999998,1,0.86141516914286786,1.0383817857233524,0.81000000000000016,59,0,0,30208,20096,11496,7704,0,39189874,23871450,8434338
300014,demand,0,1,0,1.6532568117510305,12.889124293994279,1.5300000000000007,59,0,0,30208,26880,14880,8800,0,39221557,23474943,9033217
300014,demand,0,1,1,1.6532568117510305,12.889124293994279,1.5300000000000007,59,0,0,30208,26880,14776,8632,0,38567243,23142969,8806335
300014,demand,2,0,0,0.7085132969124831,61.233590876845042,0.47999999999999998,19,0,9728,9728,6080,3816,3208,19644166,12380043,7678632,3258691
300014,demand,2,0,1,0.7085132969124831,61.233590876845042,0.47999999999999998,19,0,9728,9728,6080,3648,3048,24699417,14068946,8168551,3552655
300014,demand,2,0.34999999999999998,0,0.5593730676486981,21.252610728944749,0.47999999999999998,19,0,9728,9728,8192,4648,3544,19560994,13958327,7692830,3674986
300014,demand,2,0.34999999999999998,1,0.5593730676486981,21.252610728944749,0.47999999999999998,19,0,9728,9728,8192,4488,3368,22099549,12529691,7869757,3332170
300014,demand,2,1,0,0.59970334745644172,21.252610728944749,0.52999999999999992,19,0,9728,9728,9152,4816,2840,20162301,12718659,8157195,3140229
300014,demand,2,1,1,0.59970334745644172,21.252610728944749,0.52999999999999992,19,0,9728,9728,9152,4816,2848,21323348,12820607,7706661,3476119
300014,demand,5,0,0,0.74144275926159597,157.23097376613271,0.20000000000000001,9,0,4608,4608,2624,1896,1712,9419636,5432701,3784392,1982372
300014,demand,5,0,1,9.5169839132707388,7278.7510936031358,0.10000000000000001,9,6,4608,4608,3968,1104,1000,9662562,6191293,3691183,1146408
300014,demand,5,0.34999999999999998,0,0.74144275926159597,157.23097376613271,0.20000000000000001,9,0,4608,4608,4032,2584,1912,9444729,6553371,4085196,2161174
300014,demand,5,0.34999999999999998,1,9.5169839132707388,7278.7510936031358,0.10000000000000001,9,6,4608,4608,4416,1216,976,10218895,7103720,3423185,1084717
300014,demand,5,1,0,0.37095292728701401,16.18518809082628,0.28999999999999998,9,0,4608,4608,4544,2656,1520,9739008,7082159,3443505,1638825
300014,demand,5,1,1,0.37095292728701401,16.18518809082628,0.28999999999999998,9,0,4608,4608,4544,2496,1408,11914494,6265024,4098968,2066988
300014,combined,0,0,0,1.5261331673393983,8.2852225602548373,1.4600000000000002,59,0,0,30208,16448,11680,9552,0,38640107,25066095,10741998
300014,combined,0,0,1,1.5261331673393983,8.2852225602548373,1.4600000000000002,59,0,0,30208,16448,11680,9552,0,40862308,24668475,11255226
300014,combined,0,0.34999999999999998,0,1.7573365815130719,5.4622809326312911,1.6900000000000006,59,0,0,30208,23232,14672,10496,0,40071431,26124806,12244894
300014,combined,0,0.34999999999999998,1,1.7573365815130719,5.4622809326312911,1.6900000000000006,59,0,0,30208,23232,14672,10496,0,40607623,24890343,12297002
300014,combined,0,1,0,1.8536323888438924,10.441462313867639,1.7700000000000005,59,0,0,30208,27072,15728,8688,0,41210375,24252946,9760693
300014,combined,0,1,1,1.8536323888438924,10.441462313867639,1.7700000000000005,59,0,0,30208,27072,15728,8688,0,39821331,25614096,9320315
300014,combined,2,0,0,2.3104676562311575,71.964521741722677,1.3,19,0,9728,9728,7552,4960,4440,20423397,12612230,7478829,4515615
300014,combined,2,0,1,9.5471755905734383,175.67653982903755,0.15000000000000002,19,11,9728,9728,7680,1984,1704,20524527,12480443,7644069,2018074
300014,combined,2,0.34999999999999998,0,2.0094354690879914,25.767715619533156,1.2,19,0,9728,9728,8000,4488,3640,21735630,13978758,7541542,3905706
300014,combined,2,0.34999999999999998,1,9.5816669293454915,268.38957170928711,0.14000000000000001,19,11,9728,9728,8000,2120,1808,21625889,13399884,7586212,1852287
300014,combined,2,1,0,2.0316557762868861,27.141483833660423,1.23,19,0,9728,9728,8768,3800,2608,20553784,12792409,7796599,4213478
300014,combined,2,1,1,9.3110959381890979,173.77880771192247,0.16999999999999998,19,11,9728,9728,8768,2336,1824,19709693,11942162,7670447,1895652
300014,combined,5,0,0,5.9791997267205375,485.28433000474234,0.66000000000000003,9,0,4608,4608,3776,3072,2952,9468482,6307719,4177656,5242178
300014,combined,5,0,1,9.8555967806384697,371.54402682134685,0.11,9,5,4608,4608,3776,1120,1032,15909201,6025035,4769330,1965114
300014,combined,5,0.34999999999999998,0,6.0067148298669641,485.40711971762437,0.69000000000000006,9,0,4608,4608,4032,2912,2752,9825688,6291538,3555015,3408556
300014,combined,5,0.34999999999999998,1,9.5816669293454915,268.38957170928728,0.14000000000000001,9,5,4608,4608,4032,1152,1080,9502974,6134046,3512682,1125840
300014,combined,5,1,0,6.0067148298669641,485.40711971762437,0.69000000000000006,9,0,4608,4608,4288,1592,1328,9369373,5638270,3417117,1384582
300014,combined,5,1,1,9.5816669293454915,268.38957170928728,0.14000000000000001,9,5,4608,4608,4288,1144,936,9043026,5976760,3490278,977924
300015,normal,0,0,0,0.73348880606920508,0,0.72000000000000008,59,0,0,30208,12672,8952,6952,0,39100386,24313226,8459878
300015,normal,0,0,1,0.73348880606920508,0,0.72000000000000008,59,0,0,30208,12672,8952,6952,0,40254899,25264981,7737494
300015,normal,0,0.34999999999999998,0,1.0388711437798126,0,1.03,59,0,0,30208,15744,9224,7624,0,39092016,25329909,11389710
300015,normal,0,0.34999999999999998,1,1.0388711437798126,0,1.03,59,0,0,30208,15744,9224,7624,0,39183159,24795698,8886994
300015,normal,0,1,0,0.89924905197903382,15.491038921360389,0.85000000000000031,59,0,0,30208,23104,12840,7416,0,40735686,25162810,8224433
300015,normal,0,1,1,0.89924905197903382,15.491038921360389,0.85000000000000031,59,0,0,30208,23104,12840,7416,0,41031838,23070564,7763175
300015,normal,2,0,0,0.53499626022927249,0.78170191413624579,0.51000000000000001,19,0,9728,9728,5504,3720,3112,21194568,12865735,7536376,3274813
300015,normal,2,0,1,0.53499626022927249,0.78170191413624579,0.51000000000000001,19,0,9728,9728,5504,3720,3112,19833888,12352227,7523476,3247571
300015,normal,2,0.34999999999999998,0,0.5411043451356129,12.945137834775313,0.51000000000000001,19,0,9728,9728,7360,4096,3152,21445720,13193113,7819044,3272116
300015,normal,2,0.34999999999999998,1,0.5411043451356129,12.945137834775313,0.51000000000000001,19,0,9728,9728,7360,4096,3152,20039727,12149461,7637765,3223655
300015,normal,2,1,0,0.99046860761198874,0,0.98000000000000009,19,0,9728,9728,6528,2528,2224,21752857,12479153,7479099,2671779
300015,normal,2,1,1,0.99046860761198874,0,0.98000000000000009,19,0,9728,9728,6528,2528,2224,20189362,13165070,7475602,2275996
300015,normal,5,0,0,0.99712328462656263,31.60261289009209,0.34999999999999998,9,0,4608,4608,3008,2136,2024,10211064,6784399,4497739,2115051
300015,normal,5,0,1,0.99712328462656263,31.60261289009209,0.34999999999999998,9,0,4608,4608,3008,2104,1880,9702631,5837792,3503598,2038337
300015,normal,5,0.34999999999999998,0,1.0583448802618638,28.270933154897893,0.37999999999999995,9,0,4608,4608,3968,2152,1992,9498728,5699352,3400401,1956270
300015,normal,5,0.34999999999999998,1,1.0583448802618638,28.270933154897893,0.37999999999999995,9,0,4608,4608,3968,2136,1816,9236342,5936401,3582678,2026770
300015,normal,5,1,0,1.1900580848160351,0,0.73000000000000009,9,0,4608,4608,3712,1768,1544,9445214,5766422,3684854,1700518
300015,normal,5,1,1,1.1900580848160351,0,0.73000000000000009,9,0,4608,4608,3712,1768,1544,9283791,5719892,3777703,1764784
300015,supply,0,0,0,0.66316615974673532,0,0.66000000000000014,59,0,0,30208,10816,8336,6920,0,39034457,23610505,7564672
300015,supply,0,0,1,0.66316615974673532,0,0.66000000000000014,59,0,0,30208,10816,8272,6648,0,38174857,23802162,7427774
300015,supply,0,0.34999999999999998,0,0.72000000000000008,0,0.72000000000000008,59,0,0,30208,9472,7104,5896,0,39210349,23777507,6486469
300015,supply,0,0.34999999999999998,1,0.72000000000000008,0,0.72000000000000008,59,0,0,30208,9472,7104,5896,0,39184352,25588376,7000167
300015,supply,0,1,0,0.81000000000000016,0,0.81000000000000016,59,0,0,30208,11392,7704,5464,0,37918816,24053314,5543213
300015,supply,0,1,1,0.81000000000000016,0,0.81000000000000016,59,0,0,30208,11392,7704,5464,0,39765340,24488804,5601995
300015,supply,2,0,0,0.51636345743274581,2.4175834723636349,0.42999999999999999,19,0,9728,9728,5120,3224,2728,21045296,13127224,8304334,3371127
300015,supply,2,0,1,0.51636345743274581,2.4175834723636349,0.42999999999999999,19,0,9728,9728,5120,3248,2712,19372278,12503782,7305728,2784168
300015,supply,2,0.34999999999999998,0,0.51080092330943727,17.420149462541229,0.42999999999999994,19,0,9728,9728,7104,4040,2768,20882979,13950237,8078544,3119438
300015,supply,2,0.34999999999999998,1,0.51080092330943727,17.420149462541229,0.42999999999999994,19,0,9728,9728,7104,4040,2768,21539792,12724080,8803227,3783826
300015,supply,2,1,0,0.54861489324411028,0,0.51000000000000012,19,0,9728,9728,5312,3224,2056,22856943,13105547,9753262,3102196
300015,supply,2,1,1,0.54861489324411028,0,0.51000000000000012,19,0,9728,9728,5312,3224,2056,22242910,13356768,9461827,3119812
300015,supply,5,0,0,0.60926646966815678,16.759614689654562,0.34999999999999998,9,0,4608,4608,2560,1688,1624,11066982,6371574,4647704,2447576
300015,supply,5,0,1,0.60926646966815678,16.759614689654562,0.34999999999999998,9,0,4608,4608,2560,1688,1624,10842847,6168539,4564381,2312970
300015,supply,5,0.34999999999999998,0,0.60926646966815678,16.759614689654562,0.34999999999999998,9,0,4608,4608,3264,1776,1464,10237210,6102210,4188712,1737443
300015,supply,5,0.34999999999999998,1,0.60926646966815678,16.759614689654562,0.34999999999999998,9,0,4608,4608,3264,1776,1464,9725187,5929312,4896810,1524291
300015,supply,5,1,0,0.66926646966815684,16.759614689654562,0.40999999999999998,9,0,4608,4608,3968,1920,1352,9455534,5855878,3459261,1348215
300015,supply,5,1,1,0.66926646966815684,16.759614689654562,0.40999999999999998,9,0,4608,4608,3968,1920,1352,9134068,5945834,3514615,1395055
300015,capacity,0,0,0,3.9952921424295242,830.49324120861934,1.2100000000000004,59,0,0,30208,18432,14264,12176,0,40398084,24836205,13678449
300015,capacity,0,0,1,11.03831697629859,6254.1800408581212,0.14999999999999999,59,41,0,30208,24256,5024,4360,0,42931444,27601628,4938927
300015,capacity,0,0.34999999999999998,0,4.2475854027464885,837.75584318138306,1.3900000000000006,59,0,0,30208,25152,16736,12728,0,42503199,25391098,13421069
300015,capacity,0,0.34999999999999998,1,11.038316976298589,6254.1800408581203,0.14999999999999999,59,41,0,30208,27520,6736,4744,0,38309543,23232084,4905826
300015,capacity,0,1,0,5.4893199469513956,1430.2415938896734,1.4800000000000004,59,0,0,30208,28480,15616,9424,0,38350944,23801569,10006937
300015,capacity,0,1,1,11.255995255246598,6422.3478071786039,0.20000000000000001,59,41,0,30208,29632,7864,5064,0,39739649,23493875,5509805
300015,capacity,2,0,0,4.8358152197445428,1471.7036919892207,0.59999999999999998,19,0,9728,9728,6656,5416,5056,21146764,13735780,8209208,5322172
300015,capacity,2,0,1,11.06535360328386,6379.5335888431036,0.12,19,13,9728,9728,8000,1672,1560,21840408,13265602,7372770,2031548
300015,capacity,2,0.34999999999999998,0,4.8129207760210786,1437.6343273471941,0.6100000000000001,19,0,9728,9728,8320,5648,4912,21552675,13292142,8009948,5844209
300015,capacity,2,0.34999999999999998,1,11.03831697629859,6254.1800408581212,0.14999999999999999,19,13,9728,9728,9024,2240,1808,21063854,13205859,9528334,1794381
300015,capacity,2,1,0,11.072687272333143,6136.1800408581203,0.23999999999999999,19,0,9728,9728,9600,4008,2768,21189190,13064460,7901589,3044704
300015,capacity,2,1,1,11.072687272333143,6136.1800408581203,0.23999999999999999,19,13,9728,9728,9600,2504,1872,19901839,12254144,7871704,1918797
300015,capacity,5,0,0,6.3751717938921519,2308.9298967388809,0.34999999999999998,9,0,4608,4608,3712,2928,2760,9790454,6134909,3709308,2739536
300015,capacity,5,0,1,11.06535360328386,6379.5335888431036,0.12,9,6,4608,4608,3968,944,832,9467522,6282555,3509530,814278
300015,capacity,5,0.34999999999999998,0,8.5552948807936744,3965.7165030045585,0.24999999999999997,9,0,4608,4608,4352,3464,3136,14000770,5798570,3505600,3303447
300015,capacity,5,0.34999999999999998,1,11.06535360328386,6379.5335888431036,0.12,9,6,4608,4608,4416,1192,888,12317250,7145485,3989713,979910
300015,capacity,5,1,0,11.135995255246598,6422.3478071786039,0.080000000000000002,9,0,4608,4608,4608,1960,1312,9664497,8094580,4659693,1380511
300015,capacity,5,1,1,11.135995255246598,6422.3478071786039,0.080000000000000002,9,6,4608,4608,4608,1304,920,9707060,6138205,3608678,1114602
300015,demand,0,0,0,0.80845236637769791,14.097727872250992,0.71000000000000019,59,0,0,30208,11584,8672,7688,0,39355250,23739128,8872355
300015,demand,0,0,1,0.80845236637769791,14.097727872250992,0.71000000000000019,59,0,0,30208,11584,8520,7440,0,42063216,23011927,7924546
300015,demand,0,0.34999999999999998,0,1.0567861938402985,7.6279195589808957,0.93000000000000027,59,0,0,30208,20416,12496,8688,0,38192276,23496861,9213814
300015,demand,0,0.34999999999999998,1,1.0567861938402985,7.6279195589808957,0.93000000000000027,59,0,0,30208,20416,12336,8448,0,39597160,24894508,9537142
300015,demand,0,1,0,1.3749663834781023,1.3427579267074776,1.2600000000000005,59,0,0,30208,25152,14512,8264,0,39586422,24330724,8583322
300015,demand,0,1,1,1.3749663834781023,1.3427579267074776,1.2600000000000005,59,0,0,30208,25152,14448,8208,0,41743382,24212783,8912913
300015,demand,2,0,0,0.72641948431715531,24.617161421899251,0.54999999999999993,19,0,9728,9728,4992,3672,3216,21028859,14800287,7740033,3804365
300015,demand,2,0,1,0.72641948431715531,24.617161421899251,0.54999999999999993,19,0,9728,9728,4992,3520,2880,23600238,13640927,7990934,3648987
300015,demand,2,0.34999999999999998,0,0.72438468676875178,12.124201242270125,0.58999999999999997,19,0,9728,9728,6720,4160,3296,20967585,12810196,7437987,3577360
300015,demand,2,0.34999999999999998,1,0.72438468676875178,12.124201242270125,0.58999999999999997,19,0,9728,9728,6720,3936,2856,20207159,12537002,7643087,3126308
300015,demand,2,1,0,0.72757533290543419,4.2714219753479128,0.62,19,0,9728,9728,7936,4344,2728,20712402,13008220,8321729,2948052
300015,demand,2,1,1,0.72757533290543419,4.2714219753479128,0.62,19,0,9728,9728,7936,4280,2672,20131350,12298002,7842059,2871135
300015,demand,5,0,0,1.4255045548607708,273.57554165099509,0.40000000000000002,9,0,4608,4608,3072,2528,2312,10049859,5872444,4630199,2302424
300015,demand,5,0,1,7.5205759805890455,3631.563246719084,0,9,6,4608,4608,3520,688,608,9919611,6195462,3444139,1068361
300015,demand,5,0.34999999999999998,0,1.5406537375614324,263.66506785226534,0.53000000000000003,9,0,4608,4608,3904,2808,2576,10952479,6144382,3689548,2641860
300015,demand,5,0.34999999999999998,1,7.6247709101558137,3726.6856133203132,0.029999999999999999,9,6,4608,4608,4096,920,736,12572304,6369411,3881791,771346
300015,demand,5,1,0,2.6321995450140672,854.8919110236094,0.38,9,0,4608,4608,4416,2136,1544,10106649,6107647,3807294,1557369
300015,demand,5,1,1,7.6247709101558137,3726.6856133203132,0.029999999999999999,9,6,4608,4608,4416,1104,776,9427441,6087287,3431128,776985
300015,combined,0,0,0,1.5347878080013433,40.278367103155603,1.3500000000000003,59,0,0,30208,13248,10208,8632,0,40299995,25257327,9638935
300015,combined,0,0,1,10.391755311721788,377.55794830907234,0.22999999999999998,59,35,0,30208,22272,5232,4296,0,44613215,28838401,6330361
300015,combined,0,0.34999999999999998,0,1.6848663073748169,37.488453858278035,1.4600000000000002,59,0,0,30208,22208,13696,9752,0,69921430,37224712,14148377
300015,combined,0,0.34999999999999998,1,10.391755311721788,377.55794830907234,0.22999999999999998,59,35,0,30208,26240,7112,4728,0,41154878,24664754,4973992
300015,combined,0,1,0,2.4032249942296309,37.48845385827822,2.0699999999999998,59,0,0,30208,27200,15144,8928,0,41498726,25759290,10144088
300015,combined,0,1,1,10.511755311721787,377.55794830907189,0.34999999999999998,59,35,0,30208,28352,8480,5176,0,39809789,28145121,6071186
300015,combined,2,0,0,3.7721173481322792,222.97635422439026,0.9900000000000001,19,0,9728,9728,7104,5216,4704,22537161,12449310,8426329,5682429
300015,combined,2,0,1,9.6528277625616372,3500.8779885234881,0.029999999999999999,19,12,9728,9728,7488,1656,1432,21030497,13241988,7349163,1469493
300015,combined,2,0.34999999999999998,0,2.9022002057470484,159.50730383219275,0.88000000000000012,19,0,9728,9728,8576,5544,4112,20819635,13306584,9223902,4179453
300015,combined,2,0.34999999999999998,1,9.6528277625616372,3500.8779885234881,0.029999999999999999,19,12,9728,9728,8640,2128,1640,20709175,12982676,8149051,1888432
300015,combined,2,1,0,5.7463142766975199,2162.3254868105801,0.93000000000000016,19,0,9728,9728,9472,4104,2600,20218675,12458784,7790230,2610470
300015,combined,2,1,1,9.77282776256164,3500.8779885234894,0.14999999999999999,19,12,9728,9728,9472,2624,1752,19893176,13152454,8120857,2264044
300015,combined,5,0,0,6.2961988579604675,267.20097221043807,0.49999999999999994,9,0,4608,4608,3520,2888,2752,9865433,5846293,3691530,2843480
300015,combined,5,0,1,9.7970142268300311,3615.4195321887933,0,9,6,4608,4608,3520,688,608,9333898,6213938,3793075,702581
300015,combined,5,0.34999999999999998,0,6.2961988579604675,267.20097221043807,0.49999999999999994,9,0,4608,4608,3776,2944,2680,9586147,5894328,3996073,2859876
300015,combined,5,0.34999999999999998,1,9.7970142268300311,3615.4195321887933,0,9,6,4608,4608,3776,880,696,9168484,5697350,3396615,658351
300015,combined,5,1,0,6.356198857960468,267.20097221043807,0.56000000000000005,9,0,4608,4608,4288,1968,1376,10005287,5793475,3954991,1391249
300015,combined,5,1,1,9.8570142268300316,3615.4195321887933,0.059999999999999998,9,6,4608,4608,4288,1112,760,9219604,5611639,3419822,710052
300016,normal,0,0,0,0.10000000000000001,0,0.10000000000000001,59,0,0,30208,6784,5248,4536,0,40187985,23259646,5180867
300016,normal,0,0,1,0.10000000000000001,0,0.10000000000000001,59,0,0,30208,6784,5248,4536,0,39944950,24360186,5028435
300016,normal,0,0.34999999999999998,0,0.20000000000000001,0,0.20000000000000001,59,0,0,30208,13952,8496,5528,0,38938222,23892461,5905379
300016,normal,0,0.34999999999999998,1,0.20000000000000001,0,0.20000000000000001,59,0,0,30208,13952,8496,5528,0,40099974,24119291,6364070
300016,normal,0,1,0,0.44000000000000006,0.63898781056079557,0.44000000000000006,59,0,0,30208,16192,10080,6112,0,40400784,24350648,7104918
300016,normal,0,1,1,0.44000000000000006,0.63898781056079557,0.44000000000000006,59,0,0,30208,16192,10080,6112,0,40323816,25176756,6687666
300016,normal,2,0,0,0.080000000000000002,0,0.080000000000000002,19,0,9728,9728,2560,1872,1512,20496813,12659989,8009969,1566453
300016,normal,2,0,1,0.080000000000000002,0,0.080000000000000002,19,0,9728,9728,2560,1872,1512,22231968,13443180,10128274,1874289
300016,normal,2,0.34999999999999998,0,0.17000000000000001,0,0.17000000000000001,19,0,9728,9728,4992,2984,2112,22794507,13463840,9044128,2471582
300016,normal,2,0.34999999999999998,1,0.17000000000000001,0,0.17000000000000001,19,0,9728,9728,4992,2984,2112,21180031,13898919,8115266,2186160
300016,normal,2,1,0,0.20000000000000001,0,0.20000000000000001,19,0,9728,9728,5376,3328,2240,22452423,13304663,8956918,2553487
300016,normal,2,1,1,0.20000000000000001,0,0.20000000000000001,19,0,9728,9728,5376,3328,2240,24096332,14572596,9596738,2757000
300016,normal,5,0,0,0.050000000000000003,0,0.050000000000000003,9,0,4608,4608,1024,856,744,9670979,6309834,3819245,838216
300016,normal,5,0,1,0.050000000000000003,0,0.050000000000000003,9,0,4608,4608,1024,856,744,10406799,6468334,3954740,818276
300016,normal,5,0.34999999999999998,0,0.080000000000000002,0,0.080000000000000002,9,0,4608,4608,2496,1448,1064,10998483,6209430,5005718,1191930
300016,normal,5,0.34999999999999998,1,0.080000000000000002,0,0.080000000000000002,9,0,4608,4608,2496,1448,1064,9729425,5657848,3731102,1115423
300016,normal,5,1,0,0.14000000000000001,0,0.14000000000000001,9,0,4608,4608,2688,1672,1120,9857860,6163564,3523589,1155591
300016,normal,5,1,1,0.14000000000000001,0,0.14000000000000001,9,0,4608,4608,2688,1672,1120,9402809,6955405,3507415,1195546
300016,supply,0,0,0,2.1414226226634283,3.8872433643855402,1.9400000000000004,59,0,0,30208,17664,13464,11288,0,38053958,24438667,13527291
300016,supply,0,0,1,14.407282426504434,5304.866757955846,0.17999999999999999,59,38,0,30208,23040,5064,4496,0,38870788,24023671,5254555
300016,supply,0,0.34999999999999998,0,2.1539079029076817,0.7416787102828728,1.8300000000000003,59,0,0,30208,23360,15216,10960,0,40762112,24408443,12431658
300016,supply,0,0.34999999999999998,1,10.658817924936246,3965.9587179222781,0.48000000000000004,59,36,0,30208,25408,6200,5016,0,39885727,24541203,6330472
300016,supply,0,1,0,2.413206216642771,0,2.1600000000000001,59,0,0,30208,26048,15496,8872,0,38379060,23779696,9374350
300016,supply,0,1,1,2.6019420833515143,0,1.8000000000000003,59,3,0,30208,25984,14504,7856,0,42449186,26354887,9991443
300016,supply,2,0,0,5.2556339386763149,173.8574297253052,1.4000000000000001,19,0,9728,9728,7616,5784,5328,20451884,13020443,8365958,6674374
300016,supply,2,0,1,14.312763916883929,5381.3892009802503,0.10000000000000001,19,12,9728,9728,7744,1760,1568,24405705,13329990,8354591,1636900
300016,supply,2,0.34999999999999998,0,5.3234981838656248,16.552611918952849,1.3300000000000001,19,0,9728,9728,8384,5984,5216,20365345,12270156,7653349,5406013
300016,supply,2,0.34999999999999998,1,13.254656515771551,912.94086862105246,0.20000000000000001,19,12,9728,9728,8384,1936,1632,21472209,12961404,8363716,1787486
300016,supply,2,1,0,5.4828461659431253,32.018842827116551,1.4900000000000002,19,0,9728,9728,8896,4000,2600,20597998,12436311,7511995,2825223
300016,supply,2,1,1,12.839014692104897,732.18533311074316,0.29000000000000004,19,12,9728,9728,8896,2152,1696,20835835,12909596,8147085,1968793
300016,supply,5,0,0,8.5637167362497184,239.95563049211773,0.78000000000000014,9,0,4608,4608,4160,3592,3280,9761422,5668034,3343264,3351118
300016,supply,5,0,1,15.904024515122275,2588.3510913315558,0.080000000000000002,9,6,4608,4608,4160,1112,848,9471196,6066835,3371190,901315
300016,supply,5,0.34999999999999998,0,8.5637167362497184,239.95563049211773,0.78000000000000014,9,0,4608,4608,4480,3464,3072,9986932,6003912,3895863,3134011
300016,supply,5,0.34999999999999998,1,15.904024515122275,2588.3510913315558,0.080000000000000002,9,6,4608,4608,4480,1168,832,10798008,6309893,3575086,825146
300016,supply,5,1,0,9.7054625931037872,225.02943413145343,0.81000000000000005,9,0,4608,4608,4608,1880,1248,9660141,5826152,3471369,1274452
300016,supply,5,1,1,16.467880615494462,3007.1889264912502,0.11,9,6,4608,4608,4608,1112,744,9339595,6114528,3623278,813527
300016,capacity,0,0,0,1.7320720524152531,119.62860670230251,0.95000000000000029,59,0,0,30208,12544,9136,7688,0,37855675,23344095,8242982
300016,capacity,0,0,1,1.8258763545028163,259.24818172125623,0.47999999999999998,59,4,0,30208,13376,8352,6792,0,38065861,24569575,8425796
300016,capacity,0,0.34999999999999998,0,1.7739771202018346,117.30908670895923,1.0100000000000002,59,0,0,30208,20352,12152,8584,0,38691486,23421883,8847277
300016,capacity,0,0.34999999999999998,1,2.2758902900841829,255.85700492839266,0.90000000000000002,59,4,0,30208,19968,10496,7792,0,40428502,24232437,8509584
300016,capacity,0,1,0,2.1109561036611777,153.67248168022826,1.2000000000000004,59,0,0,30208,21888,12280,7864,0,39123669,24168658,8585529
300016,capacity,0,1,1,2.4050112594791195,262.65229225963412,0.9900000000000001,59,4,0,30208,23296,10976,7264,0,44775375,25165498,8189706
300016,capacity,2,0,0,1.8043235896805543,284.91249509019468,0.36999999999999994,19,0,9728,9728,5248,3280,2832,21797960,12357422,7882336,3110556
300016,capacity,2,0,1,1.9530599901670902,330.32182638783382,0.34999999999999998,19,1,9728,9728,5568,3176,2672,19869236,12452332,7900595,3086364
300016,capacity,2,0.34999999999999998,0,1.9384214891754832,269.03657175818375,0.56000000000000005,19,0,9728,9728,7680,4352,3456,20728903,12426706,7780103,3633659
300016,capacity,2,0.34999999999999998,1,1.921705078602143,314.28386969478589,0.35999999999999999,19,1,9728,9728,7616,3720,2824,20007504,12393063,7349329,2991289
300016,capacity,2,1,0,2.4829881827497369,298.10743336319547,0.92000000000000004,19,0,9728,9728,8256,3992,3040,19401090,11741762,7145975,3123759
300016,capacity,2,1,1,2.0382781058893902,323.61620002096743,0.44999999999999996,19,1,9728,9728,8448,3744,2728,18989839,11874240,7184155,2802933
300016,capacity,5,0,0,2.6580085084873173,724.76275592933473,0.15000000000000002,9,0,4608,4608,2560,2008,1816,9040724,5526280,3358348,1884997
300016,capacity,5,0,1,3.8884224488842603,1178.5718131988212,0.20000000000000001,9,2,4608,4608,3648,1480,1208,8901519,5481374,3443166,1339293
300016,capacity,5,0.34999999999999998,0,2.5948125405119797,650.79039028721968,0.23000000000000001,9,0,4608,4608,3328,2168,1816,9374700,6205213,3785574,3183574
300016,capacity,5,0.34999999999999998,1,2.6358690302469219,689.21812894687571,0.18000000000000002,9,1,4608,4608,3328,1440,1112,9288240,5788267,3307903,1190735
300016,capacity,5,1,0,2.5750319462907107,638.01387041925636,0.26000000000000001,9,0,4608,4608,3840,1792,1328,9168198,5675638,3426482,1310046
300016,capacity,5,1,1,2.6041460772659546,672.32990270022344,0.20999999999999999,9,1,4608,4608,3904,1512,1112,9573928,5802529,3408754,1131458
300016,demand,0,0,0,0.92457709523008924,33.951394571260117,0.79000000000000026,59,0,0,30208,14976,10576,8344,0,36501850,22264614,8692234
300016,demand,0,0,1,0.72077588733757969,31.771315854773331,0.58000000000000007,59,3,0,30208,18048,11464,8512,0,37001307,23121843,9043060
300016,demand,0,0.34999999999999998,0,1.0872343598715697,7.0965460973636034,0.99000000000000032,59,0,0,30208,20096,12568,8872,0,38411753,23008715,8998022
300016,demand,0,0.34999999999999998,1,1.0042195008626427,15.45522557053582,0.90000000000000024,59,3,0,30208,23232,13136,8592,0,37624720,23056749,8922634
300016,demand,0,1,0,1.6486134112857216,3.934804813615969,1.4700000000000006,59,0,0,30208,24640,14096,8688,0,39093425,23912421,9686160
300016,demand,0,1,1,1.7751780656593779,9.4250687867417398,1.5500000000000005,59,3,0,30208,26048,14072,8632,0,41223305,26898517,9627644
300016,demand,2,0,0,0.74111898485304761,40.271416393560884,0.55999999999999994,19,0,9728,9728,6656,4808,3880,20127397,12435878,7702285,4587712
300016,demand,2,0,1,0.74800482186654615,58.359802818714506,0.53000000000000003,19,1,9728,9728,6720,4184,3320,20485838,13090539,7946133,4059035
300016,demand,2,0.34999999999999998,0,0.73238587891400053,29.412651958209217,0.59000000000000008,19,0,9728,9728,8256,4968,3792,20303823,14114553,7987087,4503773
300016,demand,2,0.34999999999999998,1,0.72126311920526009,39.002473176181894,0.55999999999999994,19,1,9728,9728,8256,4480,3280,19965316,12979790,7495672,3414271
300016,demand,2,1,0,0.95672394338716193,6.2266216498709923,0.79000000000000015,19,0,9728,9728,8960,4608,2968,19890155,13139320,10370382,3151586
300016,demand,2,1,1,0.97347714172288446,58.742116154087633,0.71000000000000008,19,1,9728,9728,9088,4240,2784,21347029,14007831,8159305,3340676
300016,demand,5,0,0,0.62028139812565719,96.466426215160837,0.29999999999999999,9,0,4608,4608,3520,2384,2104,9641554,5711655,4056181,2154923
300016,demand,5,0,1,0.62028139812565719,96.466426215160837,0.29999999999999999,9,0,4608,4608,3520,2096,1840,9544406,6079465,3584128,1940117
300016,demand,5,0.34999999999999998,0,0.68974946379328828,89.744396341032143,0.34999999999999998,9,0,4608,4608,3712,2232,1888,9281678,5481456,3497970,1871121
300016,demand,5,0.34999999999999998,1,0.68974946379328828,89.744396341032143,0.34999999999999998,9,0,4608,4608,3712,1984,1656,9910807,6165976,5321071,1768178
300016,demand,5,1,0,0.73705258686331632,107.88398315796915,0.38,9,0,4608,4608,4416,2256,1568,9461873,6908981,3611662,1800336
300016,demand,5,1,1,0.73705258686331632,107.88398315796915,0.38,9,0,4608,4608,4416,2128,1512,9976749,5999272,3892735,1775129
300016,combined,0,0,0,1.3553485413652813,2.8238223822499151,1.2800000000000002,59,0,0,30208,14848,10584,8648,0,41474562,25208125,9306711
300016,combined,0,0,1,1.3553485413652813,2.8238223822499151,1.2800000000000002,59,0,0,30208,14848,10584,8648,0,38449131,23757509,9362057
300016,combined,0,0.34999999999999998,0,1.4101382069850177,7.0836585504243779,1.3100000000000003,59,0,0,30208,23232,13744,9512,0,39142940,24069691,9961688
300016,combined,0,0.34999999999999998,1,1.4101382069850177,7.0836585504243779,1.3100000000000003,59,0,0,30208,23232,13744,9512,0,38487287,23672678,10038858
300016,combined,0,1,0,1.9778815209302629,0,1.8200000000000003,59,0,0,30208,25856,14184,8576,0,40847687,24844381,10303391
300016,combined,0,1,1,1.9778815209302629,0,1.8200000000000003,59,0,0,30208,25856,14184,8576,0,39880645,23901692,8896275
300016,combined,2,0,0,1.3336474153355165,20.043428115381079,0.71000000000000008,19,0,9728,9728,6464,4784,3952,19717838,11826900,7317762,3996445
300016,combined,2,0,1,7.7051148009987953,45.659300638611164,0.22999999999999998,19,10,9728,9728,7168,2008,1720,19302593,11781954,7292568,1759726
300016,combined,2,0.34999999999999998,0,1.533293628663619,28.079114381040672,0.7300000000000002,19,0,9728,9728,8384,5224,3896,19387885,11606823,7429634,3971953
300016,combined,2,0.34999999999999998,1,7.7051148009987953,45.659300638611164,0.22999999999999998,19,10,9728,9728,8512,2576,1920,19756408,12248966,7540614,1922858
300016,combined,2,1,0,1.7833417059444006,19.000946653194951,0.9600000000000003,19,0,9728,9728,9280,4880,2952,21258221,14146432,7698977,3153218
300016,combined,2,1,1,8.1984341886154777,183.13137718547787,0.26000000000000001,19,10,9728,9728,9280,2848,1776,19482744,12677257,8701913,1940615
300016,combined,5,0,0,4.4144494917193011,70.081795432008533,0.52999999999999992,9,0,4608,4608,3712,2920,2728,9129980,5724878,3499031,2698485
300016,combined,5,0,1,9.145153586038381,317.83267348586082,0.080000000000000002,9,5,4608,4608,3712,1088,944,9340437,5637238,3510537,1023416
300016,combined,5,0.34999999999999998,0,4.4144494917193011,70.081795432008533,0.52999999999999992,9,0,4608,4608,4160,2904,2520,9250304,5891634,3397251,2659665
300016,combined,5,0.34999999999999998,1,9.145153586038381,317.83267348586082,0.080000000000000002,9,5,4608,4608,4160,1240,976,9849428,5895098,3541566,965117
300016,combined,5,1,0,4.4494222852531466,70.609523519861057,0.55999999999999994,9,0,4608,4608,4416,1888,1392,10232990,6518559,3648278,1872308
300016,combined,5,1,1,9.8033704897766221,540.95312963500442,0.11,9,5,4608,4608,4416,1352,944,9553747,5406149,3514555,1116804
300017,normal,0,0,0,0.042056831176111843,0,0.029999999999999999,59,0,0,30208,5568,4344,4112,0,38500171,23267301,4674769
300017,normal,0,0,1,0.042056831176111843,0,0.029999999999999999,59,0,0,30208,5568,4344,4112,0,40630515,25172142,4706076
300017,normal,0,0.34999999999999998,0,0.16205683117611183,0,0.14999999999999999,59,0,0,30208,9984,6472,4840,0,62722064,28022056,5422351
300017,normal,0,0.34999999999999998,1,0.16205683117611183,0,0.14999999999999999,59,0,0,30208,9984,6472,4840,0,37436009,22712132,5129367
300017,normal,0,1,0,0.34205683117611185,0,0.33000000000000007,59,0,0,30208,14464,8664,5728,0,38333655,23127050,6045937
300017,normal,0,1,1,0.34205683117611185,0,0.33000000000000007,59,0,0,30208,14464,8664,5728,0,37346972,22317324,5838261
300017,normal,2,0,0,0.042056831176111843,0,0.029999999999999999,19,0,9728,9728,2368,1616,1456,19328413,11589451,7314791,1531162
300017,normal,2,0,1,0.042056831176111843,0,0.029999999999999999,19,0,9728,9728,2368,1616,1456,19926718,12292615,8057521,1708966
300017,normal,2,0.34999999999999998,0,0.13205683117611183,0,0.12,19,0,9728,9728,4736,2720,1936,20758487,12286485,7870349,2091425
300017,normal,2,0.34999999999999998,1,0.13205683117611183,0,0.12,19,0,9728,9728,4736,2720,1936,19745584,12375659,7943753,2410298
300017,normal,2,1,0,0.22205683117611183,0,0.20999999999999999,19,0,9728,9728,5504,3136,2032,19958082,11914313,7626900,2081510
300017,normal,2,1,1,0.22205683117611183,0,0.20999999999999999,19,0,9728,9728,5504,3136,2032,19058898,11927312,7223341,2259218
300017,normal,5,0,0,0.24799734539739465,1.9917277409642367,0.23999999999999999,9,0,4608,4608,2432,1752,1456,14649916,5521602,3358820,1580869
300017,normal,5,0,1,0.24799734539739465,1.9917277409642367,0.23999999999999999,9,0,4608,4608,2432,1752,1456,10311330,6798622,3459290,1507064
300017,normal,5,0.34999999999999998,0,0.072056831176111835,0,0.059999999999999998,9,0,4608,4608,1856,1208,800,10004621,6029602,3655706,802359
300017,normal,5,0.34999999999999998,1,0.072056831176111835,0,0.059999999999999998,9,0,4608,4608,1856,1208,800,9406008,5689207,3350396,852776
300017,normal,5,1,0,0.16205683117611183,0,0.14999999999999999,9,0,4608,4608,2624,1536,832,9949367,7062429,3829231,885937
300017,normal,5,1,1,0.16205683117611183,0,0.14999999999999999,9,0,4608,4608,2624,1536,832,10130041,7198224,3729200,911849
300017,supply,0,0,0,1.1400000000000003,0,1.1400000000000003,59,0,0,30208,13056,9688,7976,0,38790247,24292461,9322277
300017,supply,0,0,1,1.1400000000000003,0,1.1400000000000003,59,0,0,30208,13056,9608,7816,0,37714606,23560033,8534133
300017,supply,0,0.34999999999999998,0,1.1700000000000004,0,1.1700000000000004,59,0,0,30208,18176,11096,7928,0,38410609,23770405,8243210
300017,supply,0,0.34999999999999998,1,1.1700000000000004,0,1.1700000000000004,59,0,0,30208,18176,11096,7928,0,38332320,22987205,9247881
300017,supply,0,1,0,1.4700000000000006,0.52670741063480975,1.4700000000000006,59,0,0,30208,22208,12720,7992,0,39587041,26425291,9183904
300017,supply,0,1,1,1.4700000000000006,0.52670741063480975,1.4700000000000006,59,0,0,30208,22208,12720,7992,0,39288507,26109256,8469632
300017,supply,2,0,0,0.68594433741875904,0,0.58000000000000007,19,0,9728,9728,4864,3648,3184,21157333,13310547,7728534,4114411
300017,supply,2,0,1,0.95221576357778415,0,0.58000000000000007,19,1,9728,9728,5056,3480,3064,26014407,13907423,8002810,3398529
300017,supply,2,0.34999999999999998,0,0.68594433741875904,0,0.58000000000000007,19,0,9728,9728,6784,4096,2888,22069119,12577817,7544384,3149758
300017,supply,2,0.34999999999999998,1,0.95221576357778415,0,0.58000000000000007,19,1,9728,9728,6848,3832,2768,20692508,12536072,7985162,2954470
300017,supply,2,1,0,0.85760103814067412,3.309307474079116,0.7300000000000002,19,0,9728,9728,8192,4008,2424,20249806,12617105,7576316,2475595
300017,supply,2,1,1,1.1294280198552547,3.3093074740791693,0.7300000000000002,19,1,9728,9728,8192,3832,2424,21758430,12546897,7715754,3561957
300017,supply,5,0,0,1.3706983764065412,9.1416908638827366,0.54999999999999993,9,0,4608,4608,2688,2064,1960,10247354,6269473,3897782,2112708
300017,supply,5,0,1,6.1268519019492906,349.7331249294254,0,9,6,4608,4608,3264,832,576,9638089,5897272,3870224,560005
300017,supply,5,0.34999999999999998,0,1.3706983764065412,9.1416908638827366,0.54999999999999993,9,0,4608,4608,3392,2232,1808,9473439,6118446,3862470,1827865
300017,supply,5,0.34999999999999998,1,6.1268519019492906,349.7331249294254,0,9,6,4608,4608,3648,968,624,9682795,6223375,4124085,659614
300017,supply,5,1,0,1.3706983764065412,9.1416908638827366,0.54999999999999993,9,0,4608,4608,4032,2248,1464,9253109,6225008,3849662,1528938
300017,supply,5,1,1,6.1268519019492906,349.7331249294254,0,9,6,4608,4608,4096,1200,688,9836521,5950772,3473723,904899
300017,capacity,0,0,0,2.3936976475676839,211.78242887220833,0.97000000000000042,59,0,0,30208,14784,11008,9400,0,38613338,24137584,10480069
300017,capacity,0,0,1,2.3912086265549775,314.62452745707026,0.65000000000000002,59,4,0,30208,15936,9784,8080,0,43375242,27384221,9371154
300017,capacity,0,0.34999999999999998,0,2.3768567747360709,199.12421341123206,0.97000000000000042,59,0,0,30208,20160,12608,9720,0,47475224,29285264,11741991
300017,capacity,0,0.34999999999999998,1,2.4038374172116916,263.60031801913942,0.7200000000000002,59,4,0,30208,20224,11200,8160,0,41306128,25628638,12026030
300017,capacity,0,1,0,2.4578681279110057,175.81488341592552,1.1500000000000004,59,0,0,30208,22784,12288,7904,0,50191229,30636580,9502501
300017,capacity,0,1,1,2.7089038098061859,237.86074335198387,1.1300000000000003,59,4,0,30208,23424,11600,7704,0,41637519,27048812,9592942
300017,capacity,2,0,0,3.7931420660551276,1032.942623622987,0.47000000000000003,19,0,9728,9728,6656,4920,4416,21608265,13719004,8921436,5453797
300017,capacity,2,0,1,9.1942273228494038,4829.4350200681183,0.059999999999999998,19,12,9728,9728,7360,1680,1504,24645175,14575249,9016049,1750531
300017,capacity,2,0.34999999999999998,0,3.8747360045782901,1020.1224532359241,0.48999999999999999,19,0,9728,9728,7744,5008,4216,22971614,14314827,8005256,4982922
300017,capacity,2,0.34999999999999998,1,9.1942273228494038,4829.4350200681183,0.059999999999999998,19,12,9728,9728,8000,1864,1520,22419076,13337040,7526580,1688148
300017,capacity,2,1,0,3.4946132742139051,711.92005236284206,0.75000000000000022,19,0,9728,9728,7936,3856,2856,21067120,12447066,7905380,3183767
300017,capacity,2,1,1,7.9529250295390304,3265.9571219345539,0.19,19,11,9728,9728,8000,2168,1688,20791527,13305733,7552139,1928338
300017,capacity,5,0,0,3.811623976734515,1071.9031307910543,0.27999999999999997,9,0,4608,4608,3008,2224,2072,10879901,8419709,4298839,2491710
300017,capacity,5,0,1,9.1216521115826428,4732.0519237124008,0.029999999999999999,9,6,4608,4608,3520,768,688,10812102,6436816,4484219,770453
300017,capacity,5,0.34999999999999998,0,3.811623976734515,1071.9031307910543,0.27999999999999997,9,0,4608,4608,3392,2320,2104,9979994,6024404,3680944,2210266
300017,capacity,5,0.34999999999999998,1,9.1216521115826428,4732.0519237124008,0.029999999999999999,9,6,4608,4608,3712,848,696,9644909,5894345,3586004,753039
300017,capacity,5,1,0,9.1062677414800444,4690.2739944572104,0.11,9,0,4608,4608,3968,1936,1344,9393055,5802838,3596848,1396379
300017,capacity,5,1,1,9.1942273228494038,4829.4350200681183,0.059999999999999998,9,6,4608,4608,3968,1072,776,9170283,6898513,4649286,779598
300017,demand,0,0,0,0.56204266264207203,0,0.4900000000000001,59,0,0,30208,11840,8536,7208,0,39678531,24678239,8421561
300017,demand,0,0,1,0.56204266264207203,0,0.4900000000000001,59,0,0,30208,11840,8496,7136,0,42196630,26026321,8209683
300017,demand,0,0.34999999999999998,0,0.70182942912328872,0,0.63,59,0,0,30208,18944,10888,7752,0,40939563,24343670,10471272
300017,demand,0,0.34999999999999998,1,0.70182942912328872,0,0.63,59,0,0,30208,18944,10856,7696,0,42853337,26540995,10702953
300017,demand,0,1,0,1.2219527189990964,0,1.0500000000000005,59,0,0,30208,21376,12208,7696,0,40671619,24531087,9210649
300017,demand,0,1,1,1.2219527189990964,0,1.0500000000000005,59,0,0,30208,21376,12208,7696,0,42973184,24191900,9895832
300017,demand,2,0,0,0.63418427378012787,4.570420351134544,0.5,19,0,9728,9728,5440,3944,3400,20154490,12245462,8714765,4023396
300017,demand,2,0,1,0.63418427378012787,4.570420351134544,0.5,19,0,9728,9728,5440,3944,3392,20965557,13632779,7974495,3866820
300017,demand,2,0.34999999999999998,0,0.59293648699357027,14.41939534243884,0.44999999999999996,19,0,9728,9728,7168,4200,3544,20374733,12518294,7780432,3594593
300017,demand,2,0.34999999999999998,1,0.59293648699357027,14.41939534243884,0.44999999999999996,19,0,9728,9728,7168,4200,3544,21765775,13334367,8227869,3895920
300017,demand,2,1,0,0.62065127485986471,18.985640385083002,0.47999999999999998,19,0,9728,9728,8064,3824,2824,20853216,12808943,8255610,2975320
300017,demand,2,1,1,0.62065127485986471,18.985640385083002,0.47999999999999998,19,0,9728,9728,8064,3824,2824,22829198,12535098,8069773,3302802
300017,demand,5,0,0,0.80936640623966472,87.826191155439133,0.34999999999999998,9,0,4608,4608,3200,2128,1992,9402976,5761326,3775818,2031939
300017,demand,5,0,1,0.77491024695798949,127.37280145421691,0.38,9,1,4608,4608,2624,1744,1592,9489754,5699684,3539550,1650047
300017,demand,5,0.34999999999999998,0,0.80936640623966472,87.826191155439133,0.34999999999999998,9,0,4608,4608,3712,2096,1960,9747120,6211175,3440572,2074601
300017,demand,5,0.34999999999999998,1,0.77491024695798949,127.37280145421691,0.38,9,1,4608,4608,3008,1808,1568,9818926,5937781,3445254,1751223
300017,demand,5,1,0,0.8081120335242632,133.61472780990036,0.41000000000000003,9,0,4608,4608,3328,1872,1512,9426858,5969669,3416315,1552136
300017,demand,5,1,1,0.8081120335242632,133.61472780990036,0.41000000000000003,9,1,4608,4608,3328,1712,1456,9611539,6325949,4415305,1568368
300017,combined,0,0,0,1.116208402559437,0,1.0500000000000003,59,0,0,30208,11200,8280,7368,0,39363222,23704238,8470486
300017,combined,0,0,1,1.116208402559437,0,1.0500000000000003,59,0,0,30208,11200,8104,7152,0,40954806,24550385,8113971
300017,combined,0,0.34999999999999998,0,1.2097486216943254,0,1.1400000000000003,59,0,0,30208,18432,10928,8248,0,37618171,23035302,8840520
300017,combined,0,0.34999999999999998,1,1.2097486216943254,0,1.1400000000000003,59,0,0,30208,18432,10752,8040,0,38309091,24461344,8928327
300017,combined,0,1,0,1.6850765144294808,0,1.5500000000000005,59,0,0,30208,25216,13992,8144,0,37729923,23794182,9362107
300017,combined,0,1,1,1.6850765144294808,0,1.5500000000000005,59,0,0,30208,25216,13816,8088,0,41872255,24797443,9568485
300017,combined,2,0,0,0.9821516822689027,12.589905139471217,0.69000000000000017,19,0,9728,9728,5888,4328,3944,20274812,12229169,7653339,4351422
300017,combined,2,0,1,0.9821516822689027,12.589905139471217,0.69000000000000017,19,0,9728,9728,5888,3920,3256,20438239,12212851,7279699,4236727
300017,combined,2,0.34999999999999998,0,0.96001356913857183,24.672320960306816,0.66000000000000014,19,0,9728,9728,7040,4288,3744,21412738,12597878,7436903,4340180
300017,combined,2,0.34999999999999998,1,0.96001356913857183,24.672320960306816,0.66000000000000014,19,0,9728,9728,7040,3952,3168,22326617,12396094,9212705,3705401
300017,combined,2,1,0,1.3174279502223867,54.966193381086491,0.76000000000000012,19,0,9728,9728,8704,4384,3056,19970684,12606287,7272338,3095294
300017,combined,2,1,1,1.3174279502223867,54.966193381086491,0.76000000000000012,19,0,9728,9728,8704,4208,2944,20852088,13298441,8195345,3241924
300017,combined,5,0,0,2.151823290022731,201.39679170958965,0.49999999999999994,9,0,4608,4608,3136,2384,2224,10650787,7496444,3876280,2399734
300017,combined,5,0,1,3.6507499452792911,525.07451174354185,0.45000000000000001,9,1,4608,4608,3200,1176,1104,9376845,5665560,3376546,1097498
300017,combined,5,0.34999999999999998,0,2.151823290022731,201.39679170958965,0.49999999999999994,9,0,4608,4608,3200,2128,1912,9744818,5618008,3437479,2308805
300017,combined,5,0.34999999999999998,1,3.6507499452792911,525.07451174354185,0.45000000000000001,9,1,4608,4608,3264,1096,984,9684569,5916290,3766245,1082054
300017,combined,5,1,0,3.7107499452792911,525.07451174354185,0.51000000000000001,9,0,4608,4608,3904,1504,1216,9348749,5668998,3412352,1677178
300017,combined,5,1,1,3.7107499452792911,525.07451174354185,0.51000000000000001,9,1,4608,4608,3904,1192,1048,10095287,5918554,3333573,1081340
300018,normal,0,0,0,0.38239518395665295,0,0.38,59,0,0,30208,8832,6552,5856,0,42593622,23858132,7050833
300018,normal,0,0,1,0.38239518395665295,0,0.38,59,0,0,30208,8832,6552,5856,0,40175475,24257628,6927932
300018,normal,0,0.34999999999999998,0,0.41239518395665298,0,0.41000000000000003,59,0,0,30208,12416,7712,6056,0,42114646,24235058,6818265
300018,normal,0,0.34999999999999998,1,0.41239518395665298,0,0.41000000000000003,59,0,0,30208,12416,7712,6056,0,42799549,25580104,7099414
300018,normal,0,1,0,0.68241608430052081,4.5918941566168989,0.68000000000000005,59,0,0,30208,13696,8192,5800,0,41223439,25123113,8552631
300018,normal,0,1,1,0.68241608430052081,4.5918941566168989,0.68000000000000005,59,0,0,30208,13696,8192,5800,0,46316339,25479881,6708685
300018,normal,2,0,0,0.16517103033789757,0,0.13,19,0,9728,9728,2880,2264,2000,20310268,13252033,8169270,2639623
300018,normal,2,0,1,0.16517103033789757,0,0.13,19,0,9728,9728,2880,2264,2000,20662875,12206876,7779582,2399960
300018,normal,2,0.34999999999999998,0,0.31661397249995749,0,0.31,19,0,9728,9728,4288,2760,2232,19804319,12263792,8891633,2292872
300018,normal,2,0.34999999999999998,1,0.31661397249995749,0,0.31,19,0,9728,9728,4288,2760,2232,21991870,13001934,7633015,4063262
300018,normal,2,1,0,0.33999999999999997,0,0.33999999999999997,19,0,9728,9728,5056,3080,2256,23026535,12483523,7647925,3822345
300018,normal,2,1,1,0.33999999999999997,0,0.33999999999999997,19,0,9728,9728,5056,3080,2256,20808668,12469229,7224846,2374167
300018,normal,5,0,0,0.39547098336485165,78.301512804784622,0.26000000000000001,9,0,4608,4608,2560,1856,1600,10264192,6252044,3730911,1859907
300018,normal,5,0,1,0.39547098336485165,78.301512804784622,0.26000000000000001,9,0,4608,4608,2560,1856,1600,9308920,5624470,3842882,1622262
300018,normal,5,0.34999999999999998,0,0.43106688037106483,75.157011332495145,0.27000000000000002,9,0,4608,4608,3200,1696,1272,9081989,5453109,3461064,1358980
300018,normal,5,0.34999999999999998,1,0.43106688037106483,75.157011332495145,0.27000000000000002,9,0,4608,4608,3200,1696,1272,9190642,5637772,3702850,1274373
300018,normal,5,1,0,0.44128727003206225,62.346505492913799,0.29999999999999999,9,0,4608,4608,3904,1672,1216,9927293,5873656,3435126,1332342
300018,normal,5,1,1,0.44128727003206225,62.346505492913799,0.29999999999999999,9,0,4608,4608,3904,1672,1216,10074137,5798352,3456307,1206721
300018,supply,0,0,0,0.84000000000000008,0,0.84000000000000008,59,0,0,30208,8576,6712,6032,0,39313300,24483890,6758448
300018,supply,0,0,1,0.84000000000000008,0,0.84000000000000008,59,0,0,30208,8576,6712,6032,0,41057364,24112374,7404522
300018,supply,0,0.34999999999999998,0,0.87000000000000011,0,0.87000000000000011,59,0,0,30208,14208,8968,6528,0,41626995,24711870,7226751
300018,supply,0,0.34999999999999998,1,0.87000000000000011,0,0.87000000000000011,59,0,0,30208,14208,8968,6528,0,38756695,23229331,7674204
300018,supply,0,1,0,1.2000000000000002,0,1.2000000000000002,59,0,0,30208,17792,10496,6648,0,40139177,23587948,7216756
300018,supply,0,1,1,1.2000000000000002,0,1.2000000000000002,59,0,0,30208,17792,10496,6648,0,37664684,23204147,6826286
300018,supply,2,0,0,0.66499613116142875,0,0.47999999999999998,19,0,9728,9728,4096,3144,2864,19841942,12543162,8317307,2968731
300018,supply,2,0,1,0.83166279782809538,0,0.47999999999999998,19,1,9728,9728,4224,2792,2528,20282162,13261227,8388069,2623670
300018,supply,2,0.34999999999999998,0,0.69499613116142878,0,0.51000000000000001,19,0,9728,9728,5632,3552,2856,20113484,13215909,7471590,3066346
300018,supply,2,0.34999999999999998,1,0.86166279782809541,0,0.51000000000000001,19,1,9728,9728,5696,3208,2536,20117894,13432106,7944880,2782917
300018,supply,2,1,0,0.75499613116142883,0,0.57000000000000006,19,0,9728,9728,7360,3624,2424,24370105,14082572,8462261,2857745
300018,supply,2,1,1,0.92166279782809535,0,0.57000000000000006,19,1,9728,9728,7360,3480,2368,20676642,15823224,8468672,2949341
300018,supply,5,0,0,0.80166279782809535,0,0.44999999999999996,9,0,4608,4608,2304,1656,1560,9122439,6291709,3669699,1557158
300018,supply,5,0,1,0.80166279782809535,0,0.44999999999999996,9,0,4608,4608,2304,1656,1560,10153598,5892175,3575527,1537579
300018,supply,5,0.34999999999999998,0,0.86166279782809541,0,0.51000000000000001,9,0,4608,4608,2880,1888,1560,9981140,6248461,3422736,1869972
300018,supply,5,0.34999999999999998,1,0.86166279782809541,0,0.51000000000000001,9,0,4608,4608,2880,1888,1560,10206664,6981666,3701305,1837895
300018,supply,5,1,0,0.86166279782809541,0,0.51000000000000001,9,0,4608,4608,3520,1736,1248,9314308,6457490,3558081,1348464
300018,supply,5,1,1,0.86166279782809541,0,0.51000000000000001,9,0,4608,4608,3520,1736,1248,10011884,5700566,3684862,1287324
300018,capacity,0,0,0,3.8266723782770549,870.78226773120753,0.94000000000000039,59,0,0,30208,16384,12792,11288,0,41429698,25548452,13152595
300018,capacity,0,0,1,5.2641524008610796,2076.3732840832872,0.35999999999999999,59,17,0,30208,17728,7296,6400,0,37926283,23700012,6826758
300018,capacity,0,0.34999999999999998,0,4.0429456222572675,887.95743647423774,1.1000000000000003,59,0,0,30208,22464,14992,11920,0,38145060,23231968,12159291
300018,capacity,0,0.34999999999999998,1,5.3346603964807553,1926.9539513846548,0.65000000000000002,59,17,0,30208,22912,9616,7168,0,39390901,23661491,7530646
300018,capacity,0,1,0,5.5016099990912686,1488.8026142054698,1.4700000000000004,59,0,0,30208,27136,13896,8656,0,37718776,22871048,8968419
300018,capacity,0,1,1,5.5283479330347625,1948.1473665964554,0.76000000000000023,59,17,0,30208,26816,11280,6824,0,38513959,24011082,7521477
300018,capacity,2,0,0,4.6979405875907885,1480.6920098522633,0.5,19,0,9728,9728,6016,4944,4528,19419962,12140954,7260837,4473774
300018,capacity,2,0,1,5.2295937412194711,2135.3772602683862,0.18000000000000002,19,6,9728,9728,6080,2312,1896,19712266,11972822,7667935,2021081
300018,capacity,2,0.34999999999999998,0,4.5107825394138148,1285.1502790189979,0.68000000000000016,19,0,9728,9728,7872,5488,4664,19949188,12453650,7393990,4544088
300018,capacity,2,0.34999999999999998,1,5.2241486805856105,2083.5070945815005,0.24000000000000002,19,6,9728,9728,7936,3216,2344,19534661,11918354,7222851,2496526
300018,capacity,2,1,0,5.1374451095960225,1788.4985697958793,0.62,19,0,9728,9728,9152,4512,2984,21067934,11983457,8116017,3170977
300018,capacity,2,1,1,5.5336842521317759,2099.4393346652378,0.41999999999999998,19,6,9728,9728,9536,3632,2432,20017918,11881583,7865313,2472917
300018,capacity,5,0,0,5.7166185601923845,2290.2410182326721,0.29999999999999999,9,0,4608,4608,3712,2872,2736,9247158,6150170,3367113,2872656
300018,capacity,5,0,1,5.2295937412194711,2135.3772602683862,0.18000000000000002,9,3,4608,4608,3328,1440,1168,9102253,5761866,3724151,1286070
300018,capacity,5,0.34999999999999998,0,5.8010057548085863,2275.0182441639895,0.39999999999999997,9,0,4608,4608,4288,3032,2728,9082270,6108851,3422818,2746855
300018,capacity,5,0.34999999999999998,1,5.2295937412194711,2135.3772602683862,0.18000000000000002,9,3,4608,4608,4160,1664,1224,9437372,6384257,3554555,1254435
300018,capacity,5,1,0,5.9176242802583463,2056.3515577218977,0.28000000000000003,9,0,4608,4608,4608,2152,1424,9096771,5516506,3354693,1423028
300018,capacity,5,1,1,5.953851967423514,2135.3772602683862,0.22999999999999998,9,3,4608,4608,4608,1568,1080,8892390,5670270,3538161,1041070
300018,demand,0,0,0,0.96731850261556673,1.7724566088157871,0.88000000000000023,59,0,0,30208,13184,9640,8104,0,37435112,25017329,8656705
300018,demand,0,0,1,0.96731850261556673,1.7724566088157871,0.88000000000000023,59,0,0,30208,13184,9488,7848,0,37173453,22969830,8047511
300018,demand,0,0.34999999999999998,0,0.82533643028994663,6.14542900359287,0.74000000000000021,59,0,0,30208,21504,12440,8672,0,39604919,23431321,9185036
300018,demand,0,0.34999999999999998,1,0.82533643028994663,6.14542900359287,0.74000000000000021,59,0,0,30208,21504,12336,8448,0,37979385,22392223,8512683
300018,demand,0,1,0,1.4173870155917392,13.763653428449423,1.3200000000000005,59,0,0,30208,25024,13592,8424,0,36946755,22564271,8450683
300018,demand,0,1,1,1.4173870155917392,13.763653428449423,1.3200000000000005,59,0,0,30208,25024,13552,8368,0,37638771,23317403,8917929
300018,demand,2,0,0,0.71424807017679459,90.8381760151197,0.42999999999999999,19,0,9728,9728,5760,3880,3320,19213248,11855753,7121249,3276849
300018,demand,2,0,1,0.71424807017679459,90.8381760151197,0.42999999999999999,19,0,9728,9728,5760,3760,3096,19307743,11872718,7072094,3391548
300018,demand,2,0.34999999999999998,0,0.7849925594614513,78.1245384536453,0.45999999999999996,19,0,9728,9728,7616,3704,3000,19469016,13097977,7165472,2916710
300018,demand,2,0.34999999999999998,1,0.7849925594614513,78.1245384536453,0.45999999999999996,19,0,9728,9728,7616,3600,2792,22187479,12260906,7826062,2946435
300018,demand,2,1,0,1.0885583464979784,136.83140741582289,0.53000000000000003,19,0,9728,9728,8064,3744,2760,22543546,14663220,7781605,3531403
300018,demand,2,1,1,1.0885583464979784,136.83140741582289,0.53000000000000003,19,0,9728,9728,8064,3688,2648,24132868,13486157,8886712,2880713
300018,demand,5,0,0,0.46454244151125101,72.032329317121366,0.23000000000000004,9,0,4608,4608,2560,1856,1648,9658198,6214608,3584880,2205920
300018,demand,5,0,1,0.46454244151125101,72.032329317121366,0.23000000000000004,9,0,4608,4608,2560,1736,1440,9526607,5873887,3610599,1913808
300018,demand,5,0.34999999999999998,0,1.0752778500432973,133.79333451241314,0.25,9,0,4608,4608,3712,1936,1776,9946770,5617619,3520922,1830782
300018,demand,5,0.34999999999999998,1,1.0752778500432973,133.79333451241314,0.25,9,0,4608,4608,3712,1816,1568,9420510,6032053,3583541,1627318
300018,demand,5,1,0,1.3727208901870831,180.14598601621842,0.29000000000000004,9,0,4608,4608,3840,1672,1488,9107654,6156242,3710791,1497211
300018,demand,5,1,1,1.3727208901870831,180.14598601621842,0.29000000000000004,9,0,4608,4608,3840,1600,1376,9764637,5530897,3403097,1496410
300018,combined,0,0,0,1.2503764604600496,13.990925865335292,1.2000000000000002,59,0,0,30208,10240,8496,7784,0,40494308,25319368,9925295
300018,combined,0,0,1,1.3615922119436947,24.614292021267598,1.2900000000000005,59,2,0,30208,15360,10872,8840,0,39838040,24659419,14060310
300018,combined,0,0.34999999999999998,0,1.2861558035197305,22.316795208362972,1.2200000000000002,59,0,0,30208,17408,10648,8456,0,46619962,24973559,9758614
300018,combined,0,0.34999999999999998,1,1.4587321323752753,33.134147257749518,1.3800000000000003,59,2,0,30208,21184,11824,9040,0,41417076,25149344,9857318
300018,combined,0,1,0,2.1273047350369696,22.296438088722216,1.9800000000000004,59,0,0,30208,26432,14280,8560,0,42176659,24877027,9415321
300018,combined,0,1,1,2.1276611683342805,22.296438088722216,1.9800000000000004,59,2,0,30208,26688,13912,8400,0,41393199,25848575,9110280
300018,combined,2,0,0,3.0517707348680503,73.869548283387289,1.1500000000000001,19,0,9728,9728,6912,5160,4712,21701363,13237581,7682964,4782076
300018,combined,2,0,1,10.138132757866114,75.351058405273506,0.10000000000000001,19,12,9728,9728,7296,1480,1376,21296713,11957880,8079204,1450419
300018,combined,2,0.34999999999999998,0,3.016407804427804,58.095841594753693,1.1800000000000002,19,0,9728,9728,8128,5200,4432,20271770,12799147,8805590,4889218
300018,combined,2,0.34999999999999998,1,10.157923326000741,63.957868917085072,0.13,19,12,9728,9728,8128,1800,1528,20166462,13055147,7632402,1609156
300018,combined,2,1,0,3.1564253131849336,37.760134462544571,1.2200000000000002,19,0,9728,9728,8704,3288,2488,20033927,12329368,7264694,2743288
300018,combined,2,1,1,10.251922645225033,82.288720036043159,0.16,19,12,9728,9728,8704,1952,1648,21523379,13065546,7428082,1723222
300018,combined,5,0,0,7.5280865832936508,1117.9616818932386,0.49999999999999994,9,0,4608,4608,3392,3056,3000,10027506,6170604,3605574,3288031
300018,combined,5,0,1,11.101300994466824,3770.4075568196622,0,9,6,4608,4608,3392,600,592,9317430,6140587,3643180,600647
300018,combined,5,0.34999999999999998,0,7.1821079342475596,2263.739642959963,0.44999999999999996,9,0,4608,4608,3776,3016,2936,9776667,6232006,3871643,4106391
300018,combined,5,0.34999999999999998,1,11.101300994466824,3770.4075568196622,0,9,6,4608,4608,3776,680,640,10392617,6007320,3700025,660354
300018,combined,5,1,0,7.9273375235428389,2758.2122699329061,0.55999999999999994,9,0,4608,4608,4224,1776,1256,12191103,6409607,4301384,1544708
300018,combined,5,1,1,11.161300994466824,3770.4075568196622,0.059999999999999998,9,6,4608,4608,4224,880,808,9308771,6195029,3622008,1029304
300019,normal,0,0,0,0.20513330181150757,0,0.20000000000000001,59,0,0,30208,7104,5352,4736,0,43594038,25584458,6589109
300019,normal,0,0,1,0.20513330181150757,0,0.20000000000000001,59,0,0,30208,7104,5352,4736,0,39949603,24621092,5287641
300019,normal,0,0.34999999999999998,0,0.26513330181150763,0,0.26000000000000001,59,0,0,30208,13696,8040,5536,0,39816014,25098200,5992333
300019,normal,0,0.34999999999999998,1,0.26513330181150763,0,0.26000000000000001,59,0,0,30208,13696,8040,5536,0,42580120,24414854,7370382
300019,normal,0,1,0,0.38358687460140883,0,0.38000000000000012,59,0,0,30208,13568,8408,5744,0,39325140,23906658,6169216
300019,normal,0,1,1,0.38358687460140883,0,0.38000000000000012,59,0,0,30208,13568,8408,5744,0,40398350,25433193,7037406
300019,normal,2,0,0,0.00028905449926253102,0,0,19,0,9728,9728,2304,1760,1472,21078152,12687012,7310333,1703399
300019,normal,2,0,1,0.00028905449926253102,0,0,19,0,9728,9728,2304,1760,1472,20411139,13224509,7575472,1776181
300019,normal,2,0.34999999999999998,0,0.060289054499262529,0,0.059999999999999998,19,0,9728,9728,5248,3224,2000,21937365,15380582,7835253,2516116
300019,normal,2,0.34999999999999998,1,0.060289054499262529,0,0.059999999999999998,19,0,9728,9728,5248,3224,2000,19912876,12363459,7365598,2260714
300019,normal,2,1,0,0.15028905449926253,0,0.14999999999999999,19,0,9728,9728,7424,4488,2664,22015915,12957102,7619363,2974974
300019,normal,2,1,1,0.15028905449926253,0,0.14999999999999999,19,0,9728,9728,7424,4488,2664,22461664,13196016,7451766,2740296
300019,normal,5,0,0,0.00028905449926253102,0,0,9,0,4608,4608,1152,904,760,9605939,5696298,3992423,754078
300019,normal,5,0,1,0.00028905449926253102,0,0,9,0,4608,4608,1152,904,760,9086577,6210563,3417599,811207
300019,normal,5,0.34999999999999998,0,0.03028905449926253,0,0.029999999999999999,9,0,4608,4608,2496,1560,992,10052163,6138556,3502568,947579
300019,normal,5,0.34999999999999998,1,0.03028905449926253,0,0.029999999999999999,9,0,4608,4608,2496,1560,992,9981434,6585008,4072128,962663
300019,normal,5,1,0,0.2330332769755101,0,0.23000000000000001,9,0,4608,4608,3904,1984,1216,12212692,5722546,3583699,1575139
300019,normal,5,1,1,0.2330332769755101,0,0.23000000000000001,9,0,4608,4608,3904,1984,1216,13816727,7512283,4559662,1417546
300019,supply,0,0,0,1.2300000000000002,0,1.2300000000000002,59,0,0,30208,11904,9008,7856,0,40484766,26148977,9502090
300019,supply,0,0,1,1.2300000000000002,0,1.2300000000000002,59,0,0,30208,11904,9008,7856,0,41811794,25476764,9017879
300019,supply,0,0.34999999999999998,0,1.3300000000000003,0,1.3300000000000003,59,0,0,30208,20032,11776,8408,0,52573928,22977848,8796255
300019,supply,0,0.34999999999999998,1,1.3300000000000003,0,1.3300000000000003,59,0,0,30208,20032,11776,8408,0,41336141,23789414,9173588
300019,supply,0,1,0,1.5400000000000005,0,1.5400000000000005,59,0,0,30208,23872,13432,7912,0,40697587,24420802,8659760
300019,supply,0,1,1,1.5400000000000005,0,1.5400000000000005,59,0,0,30208,23872,13432,7912,0,41297138,27700947,9773374
300019,supply,2,0,0,1.4316575769498692,31.535560364766848,0.99000000000000032,19,0,9728,9728,7296,5048,4328,20423013,12862043,7926043,5251639
300019,supply,2,0,1,6.441247918599406,427.52195942295657,0.32999999999999996,19,12,9728,9728,8000,2272,1728,21082563,12505108,8108999,1866862
300019,supply,2,0.34999999999999998,0,1.3785073751448871,14.930732616515751,1.0200000000000002,19,0,9728,9728,8064,4456,3368,21845126,13822752,7856585,4709037
300019,supply,2,0.34999999999999998,1,6.441247918599406,427.52195942295657,0.32999999999999996,19,12,9728,9728,9152,2704,1856,21392711,15852107,7565375,2188151
300019,supply,2,1,0,1.680757870533421,60.764356539840179,1.2300000000000002,19,0,9728,9728,8896,4024,2624,20825467,12293806,7275831,2633222
300019,supply,2,1,1,2.419776280836754,196.08813237325239,1.2000000000000002,19,1,9728,9728,9152,4352,3016,21371522,13557045,7779032,3181453
300019,supply,5,0,0,3.4866406459246484,252.49858988272345,0.65000000000000002,9,0,4608,4608,3840,2904,2736,9553611,7638268,3692285,2770725
300019,supply,5,0,1,6.6685134792905512,474.31354168914197,0.14999999999999999,9,6,4608,4608,3840,1080,928,9395450,6087999,3795118,907089
300019,supply,5,0.34999999999999998,0,3.0471543347105015,199.97710720769527,0.63000000000000012,9,0,4608,4608,4352,3008,2560,10851899,6036250,5072997,2911985
300019,supply,5,0.34999999999999998,1,6.6685134792905512,474.31354168914197,0.14999999999999999,9,6,4608,4608,4352,1200,920,10311689,6020545,3528656,889183
300019,supply,5,1,0,2.3654116025168359,195.76294428537003,0.75000000000000011,9,0,4608,4608,4544,1832,1192,9395410,5767864,3445642,1251352
300019,supply,5,1,1,6.6685134792905512,474.31354168914197,0.14999999999999999,9,6,4608,4608,4544,1232,800,9166087,5837512,3491970,870532
300019,capacity,0,0,0,2.415481759303717,431.38314152201497,0.89000000000000024,59,0,0,30208,14080,10720,9288,0,39837018,24404361,10150233
300019,capacity,0,0,1,3.5576350715645018,1167.3140854825579,0.51000000000000001,59,10,0,30208,17536,9280,7632,0,39086541,24142558,8487832
300019,capacity,0,0.34999999999999998,0,2.5597781919519429,449.57037212600301,0.95000000000000029,59,0,0,30208,25472,15304,10728,0,40199220,24867846,11610205
300019,capacity,0,0.34999999999999998,1,3.8709116811105964,1231.0022234922062,0.70000000000000018,59,10,0,30208,27200,13368,9344,0,38740967,23950939,9894285
300019,capacity,0,1,0,3.0071904912104586,495.67402836405415,1.2800000000000002,59,0,0,30208,29440,15680,9080,0,38726312,25244108,9120859
300019,capacity,0,1,1,4.2450300872557793,1181.144129633112,1.1500000000000004,59,10,0,30208,29696,13360,8256,0,42157128,23825305,10150572
300019,capacity,2,0,0,2.5835332142375642,675.9524274349402,0.42000000000000004,19,0,9728,9728,5824,4488,3928,19476995,12426815,7538798,4047381
300019,capacity,2,0,1,9.2897716776550041,4805.2040566273154,0.21000000000000002,19,12,9728,9728,8384,2312,1904,22630878,12712220,7823790,2135515
300019,capacity,2,0.34999999999999998,0,2.8087334662172529,660.83868016108579,0.69000000000000017,19,0,9728,9728,8832,5328,4280,19915693,13753510,7386729,5277651
300019,capacity,2,0.34999999999999998,1,9.1887704737914184,4630.3684402361287,0.23999999999999999,19,12,9728,9728,9280,2352,1928,20566703,12161564,7684049,2113832
300019,capacity,2,1,0,2.8487334662172525,668.01163483743073,0.7300000000000002,19,0,9728,9728,9600,4712,3224,19205130,12193386,7426398,3238567
300019,capacity,2,1,1,9.1887704737914184,4630.3684402361287,0.23999999999999999,19,12,9728,9728,9664,2344,1936,19394882,12225246,7250792,1909286
300019,capacity,5,0,0,2.987001596189867,946.11265117762116,0.26000000000000001,9,0,4608,4608,3520,2400,2064,11481188,6850014,3717010,2191938
300019,capacity,5,0,1,2.987001596189867,946.11265117762116,0.26000000000000001,9,1,4608,4608,3520,1792,1472,10061473,5830899,3709709,1546994
300019,capacity,5,0.34999999999999998,0,2.987001596189867,946.11265117762116,0.26000000000000001,9,0,4608,4608,4416,2576,2224,9159314,5841429,3360201,2182744
300019,capacity,5,0.34999999999999998,1,2.987001596189867,946.11265117762116,0.26000000000000001,9,1,4608,4608,4416,2072,1720,9802094,5973035,3632773,1667459
300019,capacity,5,1,0,3.4357714285722567,946.11265117762116,0.47999999999999993,9,0,4608,4608,4608,2016,1600,10162679,6072689,4551709,1705249
300019,capacity,5,1,1,3.4357714285722567,946.11265117762116,0.47999999999999993,9,1,4608,4608,4608,1856,1472,10159544,6735026,3753093,1553075
300019,demand,0,0,0,0.55032999282526629,0,0.47999999999999998,59,0,0,30208,11200,7784,6840,0,38797115,25444072,7337847
300019,demand,0,0,1,0.55032999282526629,0,0.47999999999999998,59,0,0,30208,11200,7488,6408,0,38390344,23151338,7010803
300019,demand,0,0.34999999999999998,0,0.70142570680643423,0.63257646043839344,0.62,59,0,0,30208,21376,12016,8104,0,38817989,24150989,8924606
300019,demand,0,0.34999999999999998,1,0.70142570680643423,0.63257646043839344,0.62,59,0,0,30208,21376,11784,7824,0,39438719,23550144,8256174
300019,demand,0,1,0,1.299768894627136,6.0119061302661443,1.0800000000000003,59,0,0,30208,27072,14768,8096,0,37443123,22589439,8992323
300019,demand,0,1,1,1.299768894627136,6.0119061302661443,1.0800000000000003,59,0,0,30208,27072,14680,8032,0,38463386,24202528,8127875
300019,demand,2,0,0,0.58350362770933051,41.005223404622726,0.35999999999999999,19,0,9728,9728,5376,3984,3464,19271439,12311373,7174329,3463265
300019,demand,2,0,1,0.56921229459176625,40.597566885248241,0.33999999999999997,19,0,9728,9728,5504,3800,3224,20942329,12520148,7976429,3373307
300019,demand,2,0.34999999999999998,0,0.66388279653727567,27.800102435625409,0.46000000000000008,19,0,9728,9728,6656,4016,3216,19679447,12344943,7652329,3401090
300019,demand,2,0.34999999999999998,1,0.66388279653727567,27.800102435625409,0.46000000000000008,19,0,9728,9728,6656,3840,2928,19360196,11866411,7478597,3106175
300019,demand,2,1,0,0.54185994173563001,12.756356468426397,0.42000000000000004,19,0,9728,9728,8384,4576,2672,19459684,12124877,7678475,2770754
300019,demand,2,1,1,0.54185994173563001,12.756356468426397,0.42000000000000004,19,0,9728,9728,8384,4496,2608,19380723,11745367,7286248,2807532
300019,demand,5,0,0,0.84103972753163803,117.50782838861318,0.25,9,0,4608,4608,2944,2112,1984,9228699,5351966,3667564,1991156
300019,demand,5,0,1,0.84103972753163803,117.50782838861318,0.25,9,0,4608,4608,2944,1824,1704,9628905,5990244,3455697,1899764
300019,demand,5,0.34999999999999998,0,0.84542725278328379,33.727602260878569,0.58000000000000007,9,0,4608,4608,3520,2352,1968,11146082,5687153,3452300,2147364
300019,demand,5,0.34999999999999998,1,0.84542725278328379,33.727602260878569,0.58000000000000007,9,0,4608,4608,3520,2128,1744,9164403,5908175,3767426,1843323
300019,demand,5,1,0,0.65399821019363402,27.800102435625409,0.45999999999999996,9,0,4608,4608,3840,2088,1648,9361379,5693673,3588527,1713569
300019,demand,5,1,1,0.65399821019363402,27.800102435625409,0.45999999999999996,9,0,4608,4608,3840,1976,1536,9030677,5539613,3630740,1551361
300019,combined,0,0,0,1.3413035288695214,10.622343360035263,1.3200000000000005,59,0,0,30208,13632,10192,8616,0,39758629,24048284,8773459
300019,combined,0,0,1,1.1913035288695213,15.664569579053218,1.1700000000000004,59,2,0,30208,13760,9424,7544,0,38403397,23578068,7743279
300019,combined,0,0.34999999999999998,0,1.5199071977768521,13.738793272312147,1.4700000000000004,59,0,0,30208,20224,12344,9632,0,40433332,25372408,10919163
300019,combined,0,0.34999999999999998,1,1.5199071977768521,13.738793272312147,1.4700000000000004,59,0,0,30208,20224,12280,9408,0,37879447,22895447,9627231
300019,combined,0,1,0,2.5610917384009135,0,2.4199999999999995,59,0,0,30208,23808,11056,8768,0,42061560,23539823,9285441
300019,combined,0,1,1,2.5610917384009135,0,2.4199999999999995,59,0,0,30208,23808,11056,8768,0,41688430,25286818,9694024
300019,combined,2,0,0,2.0748969504958987,0,0.8600000000000001,19,0,9728,9728,5760,4256,3832,20285119,11944116,8109129,3811944
300019,combined,2,0,1,8.2817755368003212,0,0.22999999999999998,19,10,9728,9728,7040,1968,1912,20756080,13104550,8209770,2044526
300019,combined,2,0.34999999999999998,0,2.0712517801176737,1.8948297158609684,0.8600000000000001,19,0,9728,9728,7744,4648,3632,21642915,13877286,8375354,4085476
300019,combined,2,0.34999999999999998,1,8.3188729301628452,0,0.26000000000000001,19,10,9728,9728,8128,2192,1960,19844553,12524565,7945401,2007450
300019,combined,2,1,0,2.187606609739448,0.65142832855146438,0.9800000000000002,19,0,9728,9728,8640,3904,2592,19785199,11783901,7588373,3000438
300019,combined,2,1,1,8.4159347389746024,0,0.34999999999999998,19,10,9728,9728,8704,2256,1928,20625937,12442942,7297136,2123349
300019,combined,5,0,0,5.4071186463650269,117.70238886240821,0.53000000000000003,9,0,4608,4608,3584,2864,2776,9346236,5951441,3831933,2840226
300019,combined,5,0,1,8.5960727785118376,0,0.080000000000000002,9,5,4608,4608,3584,968,928,9389111,6007086,3812293,987217
300019,combined,5,0.34999999999999998,0,5.4330185681965384,117.67139239789432,0.56000000000000005,9,0,4608,4608,4096,2912,2776,10216379,6175558,4018105,3294265
300019,combined,5,0.34999999999999998,1,8.6336235965339085,0,0.11,9,5,4608,4608,4096,1112,1040,9380750,5805945,3535518,1133071
300019,combined,5,1,0,5.4589173490259988,117.64050079823514,0.59000000000000008,9,0,4608,4608,4288,1624,1392,10434627,5775799,4198276,2661848
300019,combined,5,1,1,8.7306751411246246,22.768242102988374,0.14000000000000001,9,5,4608,4608,4288,1088,928,9485832,6301162,3966956,956658
300020,normal,0,0,0,0.029999999999999999,0,0.029999999999999999,59,0,0,30208,4160,3936,3880,0,37819138,23570606,4069543
300020,normal,0,0,1,0.029999999999999999,0,0.029999999999999999,59,0,0,30208,4160,3936,3880,0,40365426,23557409,4327610
300020,normal,0,0.34999999999999998,0,0.059999999999999998,0,0.059999999999999998,59,0,0,30208,6016,4608,4168,0,40581508,24483286,4626747
300020,normal,0,0.34999999999999998,1,0.059999999999999998,0,0.059999999999999998,59,0,0,30208,6016,4608,4168,0,39033593,22671633,4728335
300020,normal,0,1,0,0.12,0,0.12,59,0,0,30208,8128,5528,4552,0,40057220,24790706,4719800
300020,normal,0,1,1,0.12,0,0.12,59,0,0,30208,8128,5528,4552,0,41533578,23092916,5535090
300020,normal,2,0,0,0,0,0,19,0,9728,9728,1280,1280,1280,21772871,12831868,7368850,1342708
300020,normal,2,0,1,0,0,0,19,0,9728,9728,1280,1280,1280,21692510,12910560,8378887,1294923
300020,normal,2,0.34999999999999998,0,0.029999999999999999,0,0.029999999999999999,19,0,9728,9728,1408,1352,1352,20219479,13295120,7619982,1357458
300020,normal,2,0.34999999999999998,1,0.029999999999999999,0,0.029999999999999999,19,0,9728,9728,1408,1352,1352,20166780,12990593,7548592,1352485
300020,normal,2,1,0,0.029999999999999999,0,0.029999999999999999,19,0,9728,9728,2304,1688,1464,21923108,13575237,8058573,2613177
300020,normal,2,1,1,0.029999999999999999,0,0.029999999999999999,19,0,9728,9728,2304,1688,1464,21529617,13305684,8901518,1692570
300020,normal,5,0,0,0,0,0,9,0,4608,4608,640,640,640,9785031,6073996,3571301,694339
300020,normal,5,0,1,0,0,0,9,0,4608,4608,640,640,640,10498458,6074186,3785353,675380
300020,normal,5,0.34999999999999998,0,0.029999999999999999,0,0.029999999999999999,9,0,4608,4608,768,712,712,9961227,5677889,3334835,836413
300020,normal,5,0.34999999999999998,1,0.029999999999999999,0,0.029999999999999999,9,0,4608,4608,768,712,712,9482830,6167899,3854426,835774
300020,normal,5,1,0,0.029999999999999999,0,0.029999999999999999,9,0,4608,4608,1152,720,704,9667761,6154009,3531901,748679
300020,normal,5,1,1,0.029999999999999999,0,0.029999999999999999,9,0,4608,4608,1152,720,704,9452768,6196615,4238677,756482
300020,supply,0,0,0,1.1500000000000001,0,1.1500000000000001,59,0,0,30208,12864,9336,7808,0,41598873,24681495,9402019
300020,supply,0,0,1,1.1500000000000001,0,1.1500000000000001,59,0,0,30208,12864,9336,7808,0,41080442,25707370,8953562
300020,supply,0,0.34999999999999998,0,1.1500000000000001,0,1.1500000000000001,59,0,0,30208,17600,10416,7920,0,38217431,23322561,8844021
300020,supply,0,0.34999999999999998,1,1.1500000000000001,0,1.1500000000000001,59,0,0,30208,17600,10416,7920,0,41234445,23461725,8235131
300020,supply,0,1,0,1.4000000000000001,0,1.4000000000000001,59,0,0,30208,20416,11584,7504,0,41461565,27454987,8466158
300020,supply,0,1,1,1.4000000000000001,0,1.4000000000000001,59,0,0,30208,20416,11584,7504,0,39925303,23428708,8050978
300020,supply,2,0,0,1.5391335357669871,110.39113593744,0.92000000000000026,19,0,9728,9728,8320,5832,4872,20422775,12759860,7808025,5167685
300020,supply,2,0,1,2.07194196624194,212.79122107856551,0.86000000000000021,19,2,9728,9728,8448,5224,4016,19319120,11894002,7291436,4218339
300020,supply,2,0.34999999999999998,0,1.1296782497136881,45.265339373528107,0.80000000000000027,19,0,9728,9728,9408,6040,4160,19497538,13446766,7584005,4147861
300020,supply,2,0.34999999999999998,1,1.7558199651305286,81.300898161818168,0.76000000000000023,19,2,9728,9728,9472,5536,3552,21588465,13677183,7924481,4044885
300020,supply,2,1,0,1.3095858391210498,154.82967622364876,0.91000000000000025,19,0,9728,9728,9728,5664,2960,20774069,12873128,8174221,3308854
300020,supply,2,1,1,1.8805293668264604,153.57873486735966,0.91000000000000025,19,2,9728,9728,9728,5512,2792,22480516,12918007,10604788,3051484
300020,supply,5,0,0,2.2106823028551417,80.731165939044786,0.65000000000000013,9,0,4608,4608,4160,3288,2968,9293969,5879113,3561696,3138409
300020,supply,5,0,1,2.2106823028551417,80.731165939044786,0.65000000000000013,9,0,4608,4608,4160,2944,2344,9685821,6030282,3543586,2575827
300020,supply,5,0.34999999999999998,0,2.9981228711527992,286.05790101550951,0.68000000000000005,9,0,4608,4608,4608,3104,2480,9651356,6848396,3543500,2439190
300020,supply,5,0.34999999999999998,1,6.804813737152279,783.8213882537857,0.27999999999999997,9,4,4608,4608,4608,1784,1192,11790774,5699713,3420244,1228707
300020,supply,5,1,0,2.9981228711527992,286.05790101550951,0.68000000000000005,9,0,4608,4608,4608,2432,1584,12285594,5914777,3692384,1693488
300020,supply,5,1,1,6.804813737152279,783.8213882537857,0.27999999999999997,9,4,4608,4608,4608,1824,1136,11470221,5768539,3720945,1260960
300020,capacity,0,0,0,1.0803059548643061,35.981596130568782,0.65000000000000013,59,0,0,30208,10560,7904,6752,0,38668512,25251030,7131086
300020,capacity,0,0,1,1.1255829910803838,123.32152126700811,0.31000000000000005,59,3,0,30208,10880,7064,5928,0,39520502,24415909,7129035
300020,capacity,0,0.34999999999999998,0,1.2178639986601947,25.036034506390415,0.85000000000000031,59,0,0,30208,15168,9456,7272,0,41751978,23404282,8212222
300020,capacity,0,0.34999999999999998,1,1.1681567645124982,110.91228655032805,0.45000000000000018,59,3,0,30208,16064,9088,6320,0,40177277,25502662,8904225
300020,capacity,0,1,0,1.3388111090132575,38.631925407893874,0.93000000000000038,59,0,0,30208,19008,10992,7136,0,40586339,25264442,8296566
300020,capacity,0,1,1,1.4566228207991585,109.52189705313501,0.76000000000000034,59,3,0,30208,20736,11152,6984,0,42670053,24661486,8553336
300020,capacity,2,0,0,1.4211310521617539,167.34999102569139,0.55999999999999994,19,0,9728,9728,6400,4032,3408,21833231,14570835,7325796,3616345
300020,capacity,2,0,1,1.3788253693018075,157.80856454579782,0.48999999999999994,19,1,9728,9728,6336,3624,2800,22056709,12349049,7920795,3137466
300020,capacity,2,0.34999999999999998,0,1.4005636606533343,167.79092825024532,0.54000000000000004,19,0,9728,9728,8064,4120,3256,22136234,13209818,7810489,3413144
300020,capacity,2,0.34999999999999998,1,1.2232836780815526,146.27899090225861,0.35000000000000009,19,1,9728,9728,6784,3544,2584,21108812,11972500,7496593,2689210
300020,capacity,2,1,0,1.2497391881946227,133.96389591815637,0.46000000000000008,19,0,9728,9728,7680,3968,2760,21171278,13501907,7397844,3387204
300020,capacity,2,1,1,1.2941571693854264,155.17360944900165,0.41000000000000014,19,1,9728,9728,7808,3696,2496,20397824,13035336,7534751,2568106
300020,capacity,5,0,0,2.2623123137754027,406.62303135834634,0.25,9,0,4608,4608,3648,1976,1768,9197002,5832883,3683851,2215025
300020,capacity,5,0,1,2.2623123137754027,406.62303135834634,0.25,9,0,4608,4608,3648,1896,1688,10029546,5714367,3900075,1713584
300020,capacity,5,0.34999999999999998,0,2.176984788592041,500.12681411578086,0.32999999999999996,9,0,4608,4608,4224,1904,1496,9188968,5727625,3542106,1645315
300020,capacity,5,0.34999999999999998,1,2.176984788592041,500.12681411578086,0.32999999999999996,9,0,4608,4608,4224,1904,1496,9429685,5552280,3565733,1576409
300020,capacity,5,1,0,1.980085552764888,432.84648879919359,0.32000000000000001,9,0,4608,4608,4608,2096,1376,9660461,6195031,3437367,1500274
300020,capacity,5,1,1,1.980085552764888,432.84648879919359,0.32000000000000001,9,0,4608,4608,4608,2048,1304,9677368,5949779,3521485,1388527
300020,demand,0,0,0,0.46103561167857304,2.7089916523161222,0.38999999999999996,59,0,0,30208,9600,7416,6416,0,37807431,23349703,6987048
300020,demand,0,0,1,0.46103561167857304,2.7089916523161222,0.38999999999999996,59,0,0,30208,9600,7416,6416,0,37318255,23418708,6651730
300020,demand,0,0.34999999999999998,0,0.932670860592683,1.8292773363900388,0.82000000000000028,59,0,0,30208,23232,13200,8808,0,46570898,27232141,9957676
300020,demand,0,0.34999999999999998,1,0.932670860592683,1.8292773363900388,0.82000000000000028,59,0,0,30208,23232,13200,8808,0,37627051,23928416,9376610
300020,demand,0,1,0,1.1726155312316271,8.0776628706687283,1.0700000000000003,59,0,0,30208,27328,14688,8584,0,38831600,24374912,9565168
300020,demand,0,1,1,1.1726155312316271,8.0776628706687283,1.0700000000000003,59,0,0,30208,27328,14688,8584,0,42107253,24646894,9114616
300020,demand,2,0,0,0.63250921803001514,10.081341749116387,0.48999999999999999,19,0,9728,9728,5504,3696,3208,19512097,11863969,7775095,3263999
300020,demand,2,0,1,0.63250921803001514,10.081341749116387,0.48999999999999999,19,0,9728,9728,5504,3696,3208,21002498,12407926,7603024,3519861
300020,demand,2,0.34999999999999998,0,0.72567285897069977,8.214246923271709,0.57000000000000006,19,0,9728,9728,7744,4040,3088,21931608,13974429,7748484,3328933
300020,demand,2,0.34999999999999998,1,0.72567285897069977,8.214246923271709,0.57000000000000006,19,0,9728,9728,7744,4040,3088,19828235,13505712,7684890,3454179
300020,demand,2,1,0,0.67567285897069973,14.980015922769862,0.52000000000000002,19,0,9728,9728,8832,4016,2608,20314361,12038936,7596065,2784546
300020,demand,2,1,1,0.67567285897069973,14.980015922769862,0.52000000000000002,19,0,9728,9728,8832,4016,2608,19968695,12502931,7837852,2760475
300020,demand,5,0,0,0.65490084494297529,172.70006634223756,0.10000000000000001,9,0,4608,4608,1984,1568,1440,9862324,5756620,3510588,1478888
300020,demand,5,0,1,1.8967438940539987,635.302300850964,0.25,9,1,4608,4608,3328,1776,1528,9867973,6174089,3670060,1634068
300020,demand,5,0.34999999999999998,0,0.64951007444643005,136.93067703763188,0.17999999999999999,9,0,4608,4608,3072,1960,1592,9730495,6668744,3378468,2213845
300020,demand,5,0.34999999999999998,1,0.64951007444643005,136.93067703763188,0.17999999999999999,9,0,4608,4608,3072,1696,1344,11410148,6356192,3516779,1572876
300020,demand,5,1,0,0.98410159648687112,120.33233689635027,0.33999999999999997,9,0,4608,4608,4288,2136,1696,10214747,5746183,3634818,1745576
300020,demand,5,1,1,0.98410159648687112,120.33233689635027,0.33999999999999997,9,0,4608,4608,4288,2008,1584,9545707,5816739,3414593,1656189
300020,combined,0,0,0,1.1313022421311605,8.7007886464612483,1.0700000000000005,59,0,0,30208,17024,12064,9152,0,38737420,23496297,10753973
300020,combined,0,0,1,0.79122131608123247,31.296897274099056,0.7200000000000002,59,3,0,30208,17664,11392,8336,0,42217666,25412019,10305463
300020,combined,0,0.34999999999999998,0,1.205166991100483,2.1970329043888057,1.1300000000000006,59,0,0,30208,22400,13280,9184,0,40019162,24413496,10808597
300020,combined,0,0.34999999999999998,1,1.0508530270444625,42.670104001492632,0.9600000000000003,59,3,0,30208,24640,13512,8800,0,39639269,24058152,9662264
300020,combined,0,1,0,1.517797559140476,10.017768122364419,1.4400000000000006,59,0,0,30208,25664,14552,8704,0,40231305,23950194,9287314
300020,combined,0,1,1,1.2980191658877231,57.94152010579144,1.1800000000000004,59,3,0,30208,27136,14616,8296,0,38186301,24251057,9678908
300020,combined,2,0,0,0.77209325863293232,32.126306899723005,0.57999999999999996,19,0,9728,9728,6272,4240,3440,20315456,12689192,7701365,3763453
300020,combined,2,0,1,1.3352008046796939,269.47492469023973,0.37999999999999995,19,2,9728,9728,6912,4144,3224,19836902,12060574,7418686,3395714
300020,combined,2,0.34999999999999998,0,0.85132969565712779,30.954133666167962,0.66000000000000003,19,0,9728,9728,8576,4960,3544,20112355,12075396,7339979,3584182
300020,combined,2,0.34999999999999998,1,1.3060117338058932,215.58591467476356,0.64000000000000012,19,2,9728,9728,8128,4120,2744,19845716,11901042,7738833,2928270
300020,combined,2,1,0,0.89911505764611732,23.144026133426429,0.7300000000000002,19,0,9728,9728,9344,4944,3016,19358782,11819628,7272257,3121635
300020,combined,2,1,1,1.3960117338058933,215.58591467476356,0.7300000000000002,19,2,9728,9728,9152,4496,2784,19752586,11780879,7694021,3053278
300020,combined,5,0,0,1.030807762323767,64.937491668577081,0.40000000000000002,9,0,4608,4608,3776,2712,2320,9426999,5800445,4324175,2404057
300020,combined,5,0,1,1.2034128585132153,293.8240781096876,0.34999999999999998,9,1,4608,4608,3712,2280,1784,9235767,5631039,3343915,1944023
300020,combined,5,0.34999999999999998,0,1.0523298569898865,71.916183750613513,0.42999999999999994,9,0,4608,4608,4416,2944,2272,9297473,5548045,3447274,2379810
300020,combined,5,0.34999999999999998,1,1.0468700179876953,220.21212430612439,0.37999999999999995,9,1,4608,4608,4352,2352,1664,9046035,5644147,3396977,1769971
300020,combined,5,1,0,1.0523298569898865,71.916183750613513,0.42999999999999994,9,0,4608,4608,4608,2760,1584,9433589,5786774,3588117,1601144
300020,combined,5,1,1,1.1261520132579206,263.72424138477675,0.32999999999999996,9,1,4608,4608,4608,2360,1256,10302342,6104304,3585262,1381155
300021,normal,0,0,0,0.36647507629925247,0,0.35999999999999999,59,0,0,30208,11968,7672,6192,0,40541927,25040473,6766675
300021,normal,0,0,1,0.36647507629925247,0,0.35999999999999999,59,0,0,30208,11968,7672,6192,0,39533227,25585943,7225697
300021,normal,0,0.34999999999999998,0,0.47647507629925268,0,0.46999999999999997,59,0,0,30208,22528,11704,7200,0,40878700,23689020,7465173
300021,normal,0,0.34999999999999998,1,0.47647507629925268,0,0.46999999999999997,59,0,0,30208,22528,11704,7200,0,37610416,22534464,7971035
300021,normal,0,1,0,0.67582367123081866,0,0.67000000000000015,59,0,0,30208,27328,14344,7528,0,39037966,22411186,8184535
300021,normal,0,1,1,0.67582367123081866,0,0.67000000000000015,59,0,0,30208,27328,14344,7528,0,38379696,23226589,8052664
300021,normal,2,0,0,0.21562748427478834,0,0.16,19,0,9728,9728,4160,2704,2152,22496217,13190328,9449344,2834291
300021,normal,2,0,1,0.21562748427478834,0,0.16,19,0,9728,9728,4160,2704,2152,20040371,12296529,7388321,2228189
300021,normal,2,0.34999999999999998,0,0.38807808650276349,0,0.34999999999999998,19,0,9728,9728,7872,4112,2520,20117104,12942183,7554460,2659044
300021,normal,2,0.34999999999999998,1,0.38807808650276349,0,0.34999999999999998,19,0,9728,9728,7872,4112,2520,21594535,14455498,8467818,2801416
300021,normal,2,1,0,0.36006424998628561,0,0.34999999999999998,19,0,9728,9728,9536,5392,2768,20210806,12901982,7971093,3830532
300021,normal,2,1,1,0.36006424998628561,0,0.34999999999999998,19,0,9728,9728,9536,5392,2768,27095941,15150536,8140375,2950453
300021,normal,5,0,0,0.20000000000000001,8.358287618073998,0.20000000000000001,9,0,4608,4608,2240,1472,1168,9943976,5994657,3394723,1184437
300021,normal,5,0,1,0.20000000000000001,8.358287618073998,0.20000000000000001,9,0,4608,4608,2240,1472,1168,9944210,6394642,3416389,1376519
300021,normal,5,0.34999999999999998,0,0.17603912351107012,0,0.080000000000000002,9,0,4608,4608,3712,2120,1144,10711106,6398956,3499282,1418593
300021,normal,5,0.34999999999999998,1,0.17603912351107012,0,0.080000000000000002,9,0,4608,4608,3712,2120,1144,10077591,5934106,3522176,1318622
300021,normal,5,1,0,0.17444418596076991,0,0.11,9,0,4608,4608,4544,2784,1416,9537517,6012117,3493673,1619724
300021,normal,5,1,1,0.17444418596076991,0,0.11,9,0,4608,4608,4544,2784,1416,14262787,8366667,4525913,1450152
300021,supply,0,0,0,1.1767689162733324,0.67419457138322514,1.1600000000000001,59,0,0,30208,10432,8272,7224,0,39480926,24731234,8201326
300021,supply,0,0,1,1.1767689162733324,0.67419457138322514,1.1600000000000001,59,0,0,30208,10432,8272,7224,0,39184881,25252492,8254944
300021,supply,0,0.34999999999999998,0,1.26,0,1.26,59,0,0,30208,13056,8216,6880,0,40908049,25428365,7270073
300021,supply,0,0.34999999999999998,1,1.26,0,1.26,59,0,0,30208,13056,8216,6880,0,41392402,23878193,7717200
300021,supply,0,1,0,1.3800000000000001,0,1.3800000000000001,59,0,0,30208,16448,9120,6448,0,41685925,27034833,7154030
300021,supply,0,1,1,1.3800000000000001,0,1.3800000000000001,59,0,0,30208,16448,9120,6448,0,38696068,22681626,7417921
300021,supply,2,0,0,1.0295259358454416,0,0.59999999999999998,19,0,9728,9728,3072,2600,2528,20276583,12772298,7479667,2501293
300021,supply,2,0,1,1.6923285548329026,21.576408106200162,0.79000000000000015,19,1,9728,9728,5824,4064,3576,20179236,12075433,7431185,3668488
300021,supply,2,0.34999999999999998,0,1.1195259358454417,0,0.69000000000000006,19,0,9728,9728,4864,3120,2616,19500004,11780981,7217392,2718303
300021,supply,2,0.34999999999999998,1,1.5235604174659891,0,0.66000000000000003,19,1,9728,9728,4928,3320,2632,20065456,14868263,7664224,2834370
300021,supply,2,1,0,1.1924888988084048,0,0.75000000000000011,19,0,9728,9728,5888,2984,2280,19538067,12660026,7422686,2396668
300021,supply,2,1,1,1.6320789359845076,0,0.75000000000000011,19,1,9728,9728,6016,3200,2224,19627256,12055645,8658477,2166829
300021,supply,5,0,0,2.0897034695605403,81.248151726801495,0.59999999999999998,9,0,4608,4608,2880,2144,2096,11828652,5959065,3438671,2096184
300021,supply,5,0,1,2.0897034695605403,81.248151726801495,0.59999999999999998,9,0,4608,4608,2880,2136,2024,9680203,5587202,3504629,3339392
300021,supply,5,0.34999999999999998,0,1.8252738190667048,0,0.66000000000000003,9,0,4608,4608,3072,2168,1888,9111964,6209372,3597318,1908269
300021,supply,5,0.34999999999999998,1,1.8252738190667048,0,0.66000000000000003,9,0,4608,4608,3072,2168,1864,11791967,5671892,3457538,1871483
300021,supply,5,1,0,1.8552738190667049,0,0.69000000000000006,9,0,4608,4608,3264,1608,1192,9466077,5967157,3384857,1227423
300021,supply,5,1,1,1.8552738190667049,0,0.69000000000000006,9,0,4608,4608,3264,1608,1192,9867993,6090925,3836801,1394984
300021,capacity,0,0,0,2.5441483467378152,488.5722049817735,0.69000000000000006,59,0,0,30208,13632,10440,9312,0,39393189,23333748,10355432
300021,capacity,0,0,1,3.3137798824949498,870.97702294502255,0.64000000000000012,59,8,0,30208,16832,9024,7680,0,41799399,24541768,9605102
300021,capacity,0,0.34999999999999998,0,2.7648318322621424,505.71733242769716,0.83000000000000018,59,0,0,30208,22976,14168,10760,0,40727922,25092038,11809444
300021,capacity,0,0.34999999999999998,1,3.5111854915541412,839.25046473859061,0.81000000000000028,59,8,0,30208,22272,11264,8032,0,40411222,25441542,9095663
300021,capacity,0,1,0,3.4782067793131146,579.05446431923133,1.2600000000000002,59,0,0,30208,26176,13856,8344,0,38164495,23577464,8581269
300021,capacity,0,1,1,3.7315202874922742,841.50566968428018,0.9800000000000002,59,8,0,30208,26752,12688,7712,0,40716723,23688708,9220974
300021,capacity,2,0,0,2.7374221399813292,668.59526882687658,0.46999999999999992,19,0,9728,9728,5632,4336,3824,20286492,13961453,7723377,3937961
300021,capacity,2,0,1,8.5831718940514072,4388.6587267889408,0,19,12,9728,9728,7104,1488,1288,20234388,12529248,7162609,1599984
300021,capacity,2,0.34999999999999998,0,2.8259831525240964,648.27365274804799,0.49999999999999994,19,0,9728,9728,7872,4992,4000,19671344,12328237,9103679,4102951
300021,capacity,2,0.34999999999999998,1,8.5235381696020767,4285.2877102417187,0.029999999999999999,19,12,9728,9728,8192,2080,1528,19609191,11840294,7072793,1734086
300021,capacity,2,1,0,3.1382617589076203,678.1197142420807,0.60000000000000009,19,0,9728,9728,8896,4928,2992,19942770,13648363,7818891,2971895
300021,capacity,2,1,1,8.5235381696020767,4285.2877102417187,0.029999999999999999,19,12,9728,9728,8896,2584,1672,20014759,12359442,7204584,1964977
300021,capacity,5,0,0,2.7101135880296936,703.15584688765728,0.36999999999999994,9,0,4608,4608,2944,2416,2280,9299884,5731421,3531269,2177624
300021,capacity,5,0,1,8.5831718940514072,4388.6587267889408,0,9,6,4608,4608,3392,656,592,9672514,5682475,4093867,624224
300021,capacity,5,0.34999999999999998,0,2.8709401026571264,689.70325259031983,0.34999999999999998,9,0,4608,4608,3712,2720,2352,10097632,6005065,3460473,2345058
300021,capacity,5,0.34999999999999998,1,8.5831718940514072,4388.6587267889408,0,9,6,4608,4608,3968,1008,776,9561600,5799764,3476250,781509
300021,capacity,5,1,0,2.8910482991698445,717.48074670763538,0.27999999999999997,9,0,4608,4608,4160,2312,1424,10819542,6350802,5578820,1945301
300021,capacity,5,1,1,8.5235381696020767,4285.2877102417187,0.029999999999999999,9,6,4608,4608,4160,1232,744,9661873,7184543,5427532,727418
300021,demand,0,0,0,0.926098342438744,29.76757857133688,0.8400000000000003,59,0,0,30208,15616,11064,8568,0,40856485,24283934,9393074
300021,demand,0,0,1,0.926098342438744,29.76757857133688,0.8400000000000003,59,0,0,30208,15616,10792,8120,0,40749293,24463575,10203704
300021,demand,0,0.34999999999999998,0,1.0058799158883731,18.659057573323757,0.89000000000000035,59,0,0,30208,24000,14584,9456,0,39046636,23527678,10316946
300021,demand,0,0.34999999999999998,1,1.0058799158883731,18.659057573323757,0.89000000000000035,59,0,0,30208,24000,14392,9128,0,41923648,24429626,10585163
300021,demand,0,1,0,1.880802124370454,66.551647718029329,1.5900000000000005,59,0,0,30208,26944,15608,8648,0,43432409,26730988,12943808
300021,demand,0,1,1,1.880802124370454,66.551647718029329,1.5900000000000005,59,0,0,30208,26944,15560,8592,0,40193543,25083633,9775711
300021,demand,2,0,0,1.5912982493752816,351.13896958816065,0.56999999999999995,19,0,9728,9728,6336,4232,3520,20779309,13598062,8131583,4935122
300021,demand,2,0,1,8.8125176836144732,4751.7520732577586,0.059999999999999998,19,13,9728,9728,8128,1880,1536,21239064,13672096,9048255,1512610
300021,demand,2,0.34999999999999998,0,1.7492811048457693,287.54174819763364,0.76000000000000023,19,0,9728,9728,8576,4880,3640,22335192,13051539,8046838,4073129
300021,demand,2,0.34999999999999998,1,8.7382676530445753,4628.369891266012,0.089999999999999997,19,13,9728,9728,9088,2264,1664,19358420,12283018,7693361,1793508
300021,demand,2,1,0,1.7168785004655054,175.124698836156,1.0200000000000002,19,0,9728,9728,9344,4568,3024,20473529,12876965,7732181,3581295
300021,demand,2,1,1,1.4898218178049438,185.64376786822444,0.84000000000000019,19,1,9728,9728,9408,4552,3056,23062698,15294034,9622802,4522771
300021,demand,5,0,0,2.4842385811936833,798.00807340010135,0.29000000000000004,9,0,4608,4608,3520,2632,2360,10084289,8923592,3578591,2358399
300021,demand,5,0,1,8.8125176836144732,4751.7520732577586,0.059999999999999998,9,6,4608,4608,3840,888,784,10160466,6071473,4187080,1030215
300021,demand,5,0.34999999999999998,0,3.4649665735515378,1309.7647161726497,0.35999999999999999,9,0,4608,4608,4160,2752,2264,10272100,6389283,4001930,2276640
300021,demand,5,0.34999999999999998,1,8.8125176836144732,4751.7520732577586,0.059999999999999998,9,6,4608,4608,4352,936,728,9530342,6102904,3521857,827937
300021,demand,5,1,0,3.4949665735515376,1309.7647161726497,0.39000000000000001,9,0,4608,4608,4480,2232,1592,9627550,5867047,3832884,1624219
300021,demand,5,1,1,8.8125176836144732,4751.7520732577586,0.059999999999999998,9,6,4608,4608,4544,976,792,10458166,6336473,5063782,880389
300021,combined,0,0,0,1.0980621097677663,1.4125357433461687,1.0500000000000003,59,0,0,30208,12864,9328,7800,0,38151502,24560998,8632071
300021,combined,0,0,1,0.91938968704926183,1.4125357433461687,0.8500000000000002,59,2,0,30208,14976,10040,8168,0,44378082,28141425,9298903
300021,combined,0,0.34999999999999998,0,1.4444882562151928,0,1.3600000000000005,59,0,0,30208,23872,14024,10056,0,38947675,24217057,11377747
300021,combined,0,0.34999999999999998,1,0.9922889980630587,0,0.90000000000000013,59,2,0,30208,19392,10928,7696,0,38829802,23604710,8496101
300021,combined,0,1,0,1.728105928212553,4.1704737427050311,1.6200000000000008,59,0,0,30208,26944,14784,9120,0,38461459,23295541,9379487
300021,combined,0,1,1,1.7368692808334307,4.1704737427050311,1.6200000000000008,59,2,0,30208,27072,14552,8976,0,39575648,25097462,10691109
300021,combined,2,0,0,1.4365687260634847,196.44526692715394,0.90000000000000024,19,0,9728,9728,7232,4920,4200,20993503,13456412,8497695,5251363
300021,combined,2,0,1,1.9758801352005431,317.8625620735325,0.82000000000000017,19,2,9728,9728,8064,5376,4376,19972626,12079070,8183795,4792795
300021,combined,2,0.34999999999999998,0,1.2859236215812695,141.21320867908895,0.87000000000000022,19,0,9728,9728,8064,4952,4072,20643039,12984939,9388820,4468236
300021,combined,2,0.34999999999999998,1,1.2248606698266589,179.40475864928683,0.68000000000000016,19,2,9728,9728,8064,4488,3112,20586636,12454829,7516695,3408105
300021,combined,2,1,0,1.4443034818943674,141.21320867908895,0.99000000000000021,19,0,9728,9728,8704,4968,3496,22308075,12390150,7391675,3939976
300021,combined,2,1,1,1.2766749783095068,179.40475864928683,0.73000000000000009,19,2,9728,9728,8320,3896,2536,26025388,13616592,9314268,4174115
300021,combined,5,0,0,1.4048810104082337,299.28557567435928,0.44999999999999996,9,0,4608,4608,3904,2752,2560,10446067,6240840,3648908,2860608
300021,combined,5,0,1,1.3927228896392814,251.33842848823909,0.4900000000000001,9,1,4608,4608,3584,2440,2240,10490573,5945092,3489326,2290708
300021,combined,5,0.34999999999999998,0,1.3200364281011809,259.14605005261507,0.4900000000000001,9,0,4608,4608,4096,2608,2304,9547462,6180837,3636651,2899827
300021,combined,5,0.34999999999999998,1,1.4250412833810113,259.14605005261507,0.4900000000000001,9,1,4608,4608,4160,2160,1832,11639499,6461872,3887621,2093481
300021,combined,5,1,0,1.5202414485920979,313.06066379511975,0.52000000000000013,9,0,4608,4608,4416,2408,1784,10042376,6199850,3839364,1894429
300021,combined,5,1,1,1.6126458706059665,313.06066379511975,0.52000000000000002,9,1,4608,4608,4416,1976,1560,9792703,5873867,3679512,1685392
300022,normal,0,0,0,0.14000000000000001,0,0.14000000000000001,59,0,0,30208,8448,5880,4768,0,39208968,23049398,5223124
300022,normal,0,0,1,0.14000000000000001,0,0.14000000000000001,59,0,0,30208,8448,5880,4768,0,38575617,22992835,5104829
300022,normal,0,0.34999999999999998,0,0.20000000000000001,0,0.20000000000000001,59,0,0,30208,9152,6200,4800,0,40672597,25592854,5933298
300022,normal,0,0.34999999999999998,1,0.20000000000000001,0,0.20000000000000001,59,0,0,30208,9152,6200,4800,0,43567535,26288712,6003102
300022,normal,0,1,0,0.41000000000000014,0,0.41000000000000014,59,0,0,30208,12416,7768,5640,0,39781744,26101864,7288144
300022,normal,0,1,1,0.41000000000000014,0,0.41000000000000014,59,0,0,30208,12416,7768,5640,0,46495058,25482643,5921391
300022,normal,2,0,0,0.12,0,0.12,19,0,9728,9728,3136,2200,1776,23344494,15016482,8057771,2045717
300022,normal,2,0,1,0.12,0,0.12,19,0,9728,9728,3136,2200,1776,20710615,14406647,7832923,1942812
300022,normal,2,0.34999999999999998,0,0.17999999999999999,0,0.17999999999999999,19,0,9728,9728,6976,3728,2344,19156162,11954931,7573760,2367384
300022,normal,2,0.34999999999999998,1,0.17999999999999999,0,0.17999999999999999,19,0,9728,9728,6976,3728,2344,20066378,12239731,8322181,2524952
300022,normal,2,1,0,0.30000000000000004,0,0.30000000000000004,19,0,9728,9728,8832,4848,2680,19438550,12537204,7498438,2765702
300022,normal,2,1,1,0.30000000000000004,0,0.30000000000000004,19,0,9728,9728,8832,4848,2680,19883009,12159932,7283073,2662209
300022,normal,5,0,0,0.089999999999999997,0,0.089999999999999997,9,0,4608,4608,2112,1328,1032,8835965,5460464,3373060,1021892
300022,normal,5,0,1,0.089999999999999997,0,0.089999999999999997,9,0,4608,4608,2112,1328,1032,9873120,5776330,3618100,1136735
300022,normal,5,0.34999999999999998,0,0.089999999999999997,0,0.089999999999999997,9,0,4608,4608,3776,2080,1208,8972723,5827307,3383374,1249783
300022,normal,5,0.34999999999999998,1,0.089999999999999997,0,0.089999999999999997,9,0,4608,4608,3776,2080,1208,9318344,5494013,3421092,1196744
300022,normal,5,1,0,0.17999999999999999,0,0.17999999999999999,9,0,4608,4608,4480,2376,1400,10354921,7430128,3369444,1447662
300022,normal,5,1,1,0.17999999999999999,0,0.17999999999999999,9,0,4608,4608,4480,2376,1400,9521359,5587083,3451150,1403056
300022,supply,0,0,0,1.3953512407708912,13.078377826896403,1.3800000000000006,59,0,0,30208,13696,10296,8672,0,39827934,23393577,10425390
300022,supply,0,0,1,1.3953512407708912,13.078377826896403,1.3800000000000006,59,0,0,30208,13696,9560,7568,0,40943251,25444957,9052542
300022,supply,0,0.34999999999999998,0,1.4700000000000004,0,1.4700000000000004,59,0,0,30208,20288,12008,8776,0,44479344,24976628,9697966
300022,supply,0,0.34999999999999998,1,1.4700000000000004,0,1.4700000000000004,59,0,0,30208,20288,12008,8776,0,46185832,26475841,17334054
300022,supply,0,1,0,1.6300000000000006,0,1.6300000000000006,59,0,0,30208,24064,13120,8192,0,39887917,23271721,8653493
300022,supply,0,1,1,1.6300000000000006,0,1.6300000000000006,59,0,0,30208,24064,13120,8192,0,41179899,23118939,10497243
300022,supply,2,0,0,2.2442516278990325,20.679083367335544,1.0600000000000003,19,0,9728,9728,7488,5440,4840,21102187,15274603,7677760,6177095
300022,supply,2,0,1,9.3899642317778547,5708.4741529219591,0.080000000000000002,19,13,9728,9728,7936,1832,1736,22401883,14217149,7476415,1869023
300022,supply,2,0.34999999999999998,0,1.4737643376500853,0,1.0000000000000002,19,0,9728,9728,8576,4824,3752,19694272,15325340,8351295,4043524
300022,supply,2,0.34999999999999998,1,1.4737643376500853,0,1.0000000000000002,19,0,9728,9728,8576,4776,3752,21189993,12329474,7700584,4188762
300022,supply,2,1,0,1.5623342163905314,0,1.1500000000000004,19,0,9728,9728,9408,4320,2640,20049473,12576763,7496264,2810003
300022,supply,2,1,1,1.5623342163905314,0,1.1500000000000004,19,0,9728,9728,9408,4560,2696,25059518,12783349,7565537,3105709
300022,supply,5,0,0,4.6656318620039769,77.533013278663205,0.78000000000000003,9,0,4608,4608,3904,3192,3056,9304417,7176273,4925572,3206159
300022,supply,5,0,1,9.3899642317778547,5708.47415292196,0.080000000000000002,9,6,4608,4608,3904,1080,1008,10480101,5850760,4820625,1019559
300022,supply,5,0.34999999999999998,0,1.937155997432344,9.4447422879967746,0.88000000000000012,9,0,4608,4608,4224,2456,1976,10784729,6980634,3445177,2115316
300022,supply,5,0.34999999999999998,1,1.937155997432344,9.4447422879967746,0.88000000000000012,9,0,4608,4608,4224,2456,1936,9167717,6906215,3478391,2061230
300022,supply,5,1,0,1.8642007091386363,4.6955652627573556,0.8600000000000001,9,0,4608,4608,4416,2008,1400,10150801,7386648,3719243,1722419
300022,supply,5,1,1,1.8642007091386363,4.6955652627573556,0.8600000000000001,9,0,4608,4608,4416,2008,1400,9629033,6811408,4633022,1455117
300022,capacity,0,0,0,3.6705423420464371,794.00931934447226,1.0000000000000002,59,0,0,30208,16064,12232,10688,0,37906672,22990921,10789889
300022,capacity,0,0,1,10.02184292286692,5973.6514494694748,0.029999999999999999,59,38,0,30208,22208,4440,4160,0,42574867,27610599,4464534
300022,capacity,0,0.34999999999999998,0,3.9298481544985919,874.53502418937239,1.0500000000000003,59,0,0,30208,24128,15848,12112,0,39114923,25075417,13219223
300022,capacity,0,0.34999999999999998,1,10.02184292286692,5973.6514494694748,0.029999999999999999,59,38,0,30208,25600,5792,4560,0,40303151,25470531,5064416
300022,capacity,0,1,0,6.8723103623852646,2649.2206653441053,1.2000000000000002,59,0,0,30208,27200,13240,8352,0,38787339,23619189,9012746
300022,capacity,0,1,1,10.201842922866922,5973.6514494694748,0.20999999999999999,59,38,0,30208,27520,6936,5040,0,40059037,25376564,5248250
300022,capacity,2,0,0,4.5572965284978313,1431.9105483798878,0.44999999999999996,19,0,9728,9728,6080,4504,4168,20854753,13542401,7396083,4395003
300022,capacity,2,0,1,10.02184292286692,5973.6514494694748,0.029999999999999999,19,12,9728,9728,7360,1584,1512,20233992,14628544,7463765,1715642
300022,capacity,2,0.34999999999999998,0,7.1836944911122993,3376.0147626215062,0.27999999999999997,19,0,9728,9728,8384,6312,5720,19281233,12513195,7333548,5646215
300022,capacity,2,0.34999999999999998,1,10.02184292286692,5973.6514494694748,0.029999999999999999,19,12,9728,9728,8576,2016,1640,23854304,13822010,9794652,2180098
300022,capacity,2,1,0,10.141842922866921,5973.6514494694748,0.14999999999999999,19,0,9728,9728,9088,4104,2688,22141924,13917748,8510494,3152830
300022,capacity,2,1,1,10.141842922866921,5973.6514494694748,0.14999999999999999,19,12,9728,9728,9088,2504,1896,21776355,14287395,8013321,2133260
300022,capacity,5,0,0,4.7616890284349846,1515.0383407266318,0.25,9,0,4608,4608,3008,2456,2352,9193144,6623567,3558934,2469166
300022,capacity,5,0,1,9.9477590009604455,5901.8960417286562,0,9,6,4608,4608,3392,616,592,9433737,5665220,3552132,619391
300022,capacity,5,0.34999999999999998,0,7.2387824481672132,3325.656932714237,0.15000000000000002,9,0,4608,4608,3968,2976,2784,9994740,6160878,3658182,3069414
300022,capacity,5,0.34999999999999998,1,9.9477590009604455,5901.8960417286562,0,9,6,4608,4608,4032,840,672,10064259,6152184,3791812,721318
300022,capacity,5,1,0,10.007759000960444,5901.8960417286562,0.059999999999999998,9,0,4608,4608,4352,1952,1160,9333608,6753985,3944714,1301113
300022,capacity,5,1,1,10.007759000960444,5901.8960417286562,0.059999999999999998,9,6,4608,4608,4352,1128,768,9547126,6714796,4031915,759310
300022,demand,0,0,0,0.78503393393884169,0,0.68000000000000005,59,0,0,30208,12800,9120,7456,0,40745627,26637683,8866624
300022,demand,0,0,1,0.78503393393884169,0,0.68000000000000005,59,0,0,30208,12800,9120,7456,0,41197414,24995291,8634115
300022,demand,0,0.34999999999999998,0,0.62416391247955816,0,0.57000000000000006,59,0,0,30208,19840,11768,7968,0,41958830,24068589,8564025
300022,demand,0,0.34999999999999998,1,0.62416391247955816,0,0.57000000000000006,59,0,0,30208,19840,11768,7920,0,39716616,27659395,8942262
300022,demand,0,1,0,1.1460813566219783,8.7038781843163093,1.0300000000000002,59,0,0,30208,19840,11784,7464,0,44677383,27422382,9298493
300022,demand,0,1,1,1.1460813566219783,8.7038781843163093,1.0300000000000002,59,0,0,30208,19840,11784,7464,0,44983765,28155138,9585163
300022,demand,2,0,0,0.82341138854525597,104.16467197670296,0.34999999999999998,19,0,9728,9728,4672,3440,2960,23486056,14388900,8303394,3724283
300022,demand,2,0,1,0.94580690356229424,128.13341516513037,0.32000000000000006,19,1,9728,9728,5312,3048,2408,26424278,12905119,9943987,2725685
300022,demand,2,0.34999999999999998,0,0.86749059928638861,96.255165545443063,0.40000000000000008,19,0,9728,9728,6912,4136,3232,27971155,14256535,8435361,4251188
300022,demand,2,0.34999999999999998,1,0.927819583432275,119.39633765172441,0.32000000000000001,19,1,9728,9728,7104,3672,2760,21677510,12528797,9370220,3367314
300022,demand,2,1,0,1.395144786244545,80.227765373786937,0.78000000000000025,19,0,9728,9728,8256,3952,2872,19940470,12206854,7905463,3803459
300022,demand,2,1,1,1.0186433502018259,104.86777685130015,0.41000000000000003,19,1,9728,9728,8128,3632,2616,20372649,12595792,7693514,3210865
300022,demand,5,0,0,0.82580690356229414,128.45631143520831,0.20000000000000001,9,0,4608,4608,2624,2024,1880,9191773,5644550,3420203,1842619
300022,demand,5,0,1,0.82580690356229414,128.45631143520831,0.20000000000000001,9,0,4608,4608,2624,1752,1592,9611077,5904000,3502058,1616680
300022,demand,5,0.34999999999999998,0,1.2559241006399036,127.87984644223968,0.48000000000000004,9,0,4608,4608,3456,2288,2048,9973142,6637668,3729529,2141389
300022,demand,5,0.34999999999999998,1,1.2559241006399036,127.87984644223968,0.48000000000000004,9,0,4608,4608,3456,2040,1792,9903268,6005366,3332901,1818775
300022,demand,5,1,0,1.3095672274579184,166.06997170754335,0.29000000000000004,9,0,4608,4608,3968,1848,1424,9138223,6012917,3330628,1520427
300022,demand,5,1,1,1.3095672274579184,166.06997170754335,0.29000000000000004,9,0,4608,4608,3968,1696,1360,11517249,5706134,3506554,1673175
300022,combined,0,0,0,1.3482653384043131,24.936919148899303,1.2400000000000004,59,0,0,30208,15552,11800,9776,0,37113277,22593983,10091898
300022,combined,0,0,1,10.319136369243825,392.91981811090471,0.080000000000000002,59,35,0,30208,20992,4848,4496,0,39561252,24119555,4712340
300022,combined,0,0.34999999999999998,0,1.8356819137541347,31.556477396321107,1.54,59,0,0,30208,20288,12672,10416,0,40534342,22870608,10826197
300022,combined,0,0.34999999999999998,1,1.4185136684129214,49.364709060713338,1.2300000000000004,59,3,0,30208,21440,12024,7976,0,49714136,27764182,9866509
300022,combined,0,1,0,2.1535538082795522,42.041091498569628,1.8800000000000003,59,0,0,30208,24128,13216,8368,0,41324852,23624189,9322211
300022,combined,0,1,1,2.4768728733810983,52.177907456644618,2.0599999999999996,59,3,0,30208,24384,11320,8272,0,39552034,25575572,8979428
300022,combined,2,0,0,2.6228689784421024,50.385906993259979,0.95000000000000018,19,0,9728,9728,6016,4504,4136,20475343,12072564,7698941,4488848
300022,combined,2,0,1,9.5940235374491376,199.06579135261384,0.050000000000000003,19,11,9728,9728,6592,1616,1488,19796452,12955202,7485338,1648079
300022,combined,2,0.34999999999999998,0,2.6574735896983359,50.385906993259979,1,19,0,9728,9728,7488,4736,3944,18834505,11685015,7154687,4076314
300022,combined,2,0.34999999999999998,1,9.5940235374491376,199.06579135261384,0.050000000000000003,19,11,9728,9728,7808,2008,1672,19356804,11715574,7473922,1702902
300022,combined,2,1,0,2.7984894848681869,36.913209342501816,1.1799999999999999,19,0,9728,9728,8128,3912,2696,19410864,11712168,7313798,2709567
300022,combined,2,1,1,10.319136369243825,392.91981811090471,0.080000000000000002,19,11,9728,9728,8256,2056,1656,19566312,11901784,7594805,1657951
300022,combined,5,0,0,6.5260261961053612,76.104319288023646,0.5,9,0,4608,4608,3264,2976,2912,9140329,5473259,3387465,2975233
300022,combined,5,0,1,9.5940235374491376,199.06579135261384,0.050000000000000003,9,5,4608,4608,3264,976,848,9113497,5556727,3428974,875152
300022,combined,5,0.34999999999999998,0,6.5260261961053612,76.104319288023646,0.5,9,0,4608,4608,3648,3040,2784,9113886,5887858,3503198,2779988
300022,combined,5,0.34999999999999998,1,9.5940235374491376,199.06579135261384,0.050000000000000003,9,5,4608,4608,3648,1152,872,9510044,5737528,3521284,935695
300022,combined,5,1,0,6.4256115310271165,23.675703388577421,0.63,9,0,4608,4608,3968,1832,1296,10338511,5765815,3372311,1308306
300022,combined,5,1,1,10.319136369243825,392.91981811090471,0.080000000000000002,9,5,4608,4608,3968,1216,888,9659517,5760895,3409335,1330898
300023,normal,0,0,0,0.40999999999999992,0,0.40999999999999992,59,0,0,30208,10944,7352,5872,0,37935844,23763484,6125712
300023,normal,0,0,1,0.40999999999999992,0,0.40999999999999992,59,0,0,30208,10944,7352,5872,0,36273359,22084257,6195413
300023,normal,0,0.34999999999999998,0,0.35802946107911504,0,0.35000000000000009,59,0,0,30208,14272,7824,5864,0,37971273,23537935,6055946
300023,normal,0,0.34999999999999998,1,0.35802946107911504,0,0.35000000000000009,59,0,0,30208,14272,7824,5864,0,38877029,22768475,6122700
300023,normal,0,1,0,0.5380294610791152,1.2277297142651591,0.53000000000000025,59,0,0,30208,15040,8736,6200,0,40860148,24464593,6744900
300023,normal,0,1,1,0.5380294610791152,1.2277297142651591,0.53000000000000025,59,0,0,30208,15040,8736,6200,0,36989463,22472236,6729939
300023,normal,2,0,0,0.057119526107215386,0.49826149624673022,0.050000000000000003,19,0,9728,9728,2112,1720,1488,22923529,12101456,9302469,1590812
300023,normal,2,0,1,0.057119526107215386,0.49826149624673022,0.050000000000000003,19,0,9728,9728,2112,1720,1488,19754591,12073614,7204404,1604949
300023,normal,2,0.34999999999999998,0,0.057119526107215386,0.49826149624673022,0.050000000000000003,19,0,9728,9728,3328,2096,1616,18686393,11711697,7058955,1672661
300023,normal,2,0.34999999999999998,1,0.057119526107215386,0.49826149624673022,0.050000000000000003,19,0,9728,9728,3328,2096,1616,18948907,11759306,7027164,1660868
300023,normal,2,1,0,0.087119526107215378,0.49826149624673022,0.080000000000000002,19,0,9728,9728,4480,2736,1968,19556629,14346364,7466419,2039176
300023,normal,2,1,1,0.087119526107215378,0.49826149624673022,0.080000000000000002,19,0,9728,9728,4480,2736,1968,20774975,12502662,7613463,1969191
300023,normal,5,0,0,0.061253913725690771,20.397836545998633,0.059999999999999998,9,0,4608,4608,2304,1464,1016,8983560,5433139,3376205,1058638
300023,normal,5,0,1,0.061253913725690771,20.397836545998633,0.059999999999999998,9,0,4608,4608,2304,1464,1016,9234648,5547273,3534596,1036553
300023,normal,5,0.34999999999999998,0,0.07348210304752345,32.116385336788888,0.059999999999999998,9,0,4608,4608,3776,2120,1216,9005082,5688156,3411470,1251465
300023,normal,5,0.34999999999999998,1,0.07348210304752345,32.116385336788888,0.059999999999999998,9,0,4608,4608,3776,2120,1216,9533239,5643138,3504219,1194363
300023,normal,5,1,0,0.043482103047523452,32.22119340587372,0.029999999999999999,9,0,4608,4608,4288,2384,1160,9189569,5487994,3560446,1178167
300023,normal,5,1,1,0.043482103047523452,32.22119340587372,0.029999999999999999,9,0,4608,4608,4288,2384,1160,9303440,5488223,3467553,1129806
300023,supply,0,0,0,1.2995987385198509,0,1.2900000000000005,59,0,0,30208,12416,9784,8440,0,36590343,22686833,8539446
300023,supply,0,0,1,1.2995987385198509,0,1.2900000000000005,59,0,0,30208,12416,9728,8184,0,37559154,22174448,8621435
300023,supply,0,0.34999999999999998,0,1.4700000000000004,0,1.4700000000000004,59,0,0,30208,14912,9888,8128,0,36559938,22190655,8111217
300023,supply,0,0.34999999999999998,1,1.4700000000000004,0,1.4700000000000004,59,0,0,30208,14912,9888,8128,0,37429912,22620440,8816362
300023,supply,0,1,0,1.5100000000000005,0,1.5100000000000005,59,0,0,30208,19008,10368,7288,0,36122934,22931634,7494462
300023,supply,0,1,1,1.5100000000000005,0,1.5100000000000005,59,0,0,30208,19008,10368,7288,0,36369347,22183912,7336039
300023,supply,2,0,0,0.8066671069907565,0,0.47999999999999998,19,0,9728,9728,3008,2464,2360,18824802,11939525,7074918,2514781
300023,supply,2,0,1,1.1400004403240893,0,0.47999999999999998,19,1,9728,9728,3456,2488,2408,18752583,11731105,7064876,2468228
300023,supply,2,0.34999999999999998,0,0.88327808852431444,0,0.54000000000000004,19,0,9728,9728,5248,3016,2672,18733732,11516609,7221773,2619295
300023,supply,2,0.34999999999999998,1,1.2166114218576471,0,0.54000000000000004,19,1,9728,9728,5632,3000,2672,18925848,11698837,7150993,3305248
300023,supply,2,1,0,1.0594220039761155,0,0.72000000000000008,19,0,9728,9728,6784,3272,2480,19193649,11679681,6995808,2439445
300023,supply,2,1,1,1.3927553373094483,0,0.72000000000000008,19,1,9728,9728,7040,3320,2464,20419942,11873631,7787331,2503145
300023,supply,5,0,0,1.2325045508528583,0,0.44999999999999996,9,0,4608,4608,2048,1688,1624,8931099,5542997,3376466,1844112
300023,supply,5,0,1,1.2325045508528583,0,0.44999999999999996,9,0,4608,4608,2048,1688,1624,9132475,5977513,3379971,1972829
300023,supply,5,0.34999999999999998,0,1.3146710879419716,0,0.51000000000000001,9,0,4608,4608,2624,1632,1544,8955276,5706302,3372811,1480756
300023,supply,5,0.34999999999999998,1,1.3146710879419716,0,0.51000000000000001,9,0,4608,4608,2624,1632,1544,9141256,5958625,3453020,1614890
300023,supply,5,1,0,1.3146710879419716,0,0.51000000000000001,9,0,4608,4608,3264,1480,1304,8967413,5958691,3350848,1420565
300023,supply,5,1,1,1.3146710879419716,0,0.51000000000000001,9,0,4608,4608,3264,1480,1304,9398803,5709407,3419932,1395546
300023,capacity,0,0,0,6.0776526891125764,2244.6807315732713,0.75000000000000011,59,0,0,30208,16960,15128,14560,0,37838790,22699579,15332593
300023,capacity,0,0,1,10.982983371299717,7092.0238049149848,0,59,38,0,30208,20800,3840,3776,0,38496267,22650765,3930622
300023,capacity,0,0.34999999999999998,0,5.9966104023048636,2279.3591205033422,0.59999999999999998,59,0,0,30208,22720,16672,14504,0,36635206,22907713,14392893
300023,capacity,0,0.34999999999999998,1,10.982983371299717,7092.0238049149848,0,59,38,0,30208,24576,5256,4248,0,37719411,23425943,4293323
300023,capacity,0,1,0,10.907972309027786,6776.6482059805448,0.21999999999999997,59,0,0,30208,27200,10512,7080,0,37394989,22720279,7277475
300023,capacity,0,1,1,11.102983371299718,7092.0238049149848,0.12,59,38,0,30208,27200,6536,4800,0,37485361,22877884,4832213
300023,capacity,2,0,0,9.3662814610146086,4867.4619480693418,0.37,19,0,9728,9728,6464,6024,5968,18912579,12188436,7160469,5733312
300023,capacity,2,0,1,10.982983371299717,7092.0238049149848,0,19,12,9728,9728,6592,1216,1216,19676453,12010405,7308749,1361416
300023,capacity,2,0.34999999999999998,0,10.904477974420605,6940.9245405970896,0.050000000000000003,19,0,9728,9728,7872,6648,6408,19005538,11753839,7099574,6199656
300023,capacity,2,0.34999999999999998,1,10.982983371299717,7092.0238049149848,0,19,12,9728,9728,7872,1608,1376,20415884,11890177,7044004,1341520
300023,capacity,2,1,0,11.042983371299718,7092.0238049149848,0.059999999999999998,19,0,9728,9728,8768,3072,2288,19114442,11803276,7336762,2258299
300023,capacity,2,1,1,11.042983371299718,7092.0238049149848,0.059999999999999998,19,12,9728,9728,8768,2000,1536,19076341,11655861,6992823,1505451
300023,capacity,5,0,0,10.904477974420605,6940.9245405970896,0.050000000000000003,9,0,4608,4608,3264,3224,3192,8884874,5480320,3612604,3073960
300023,capacity,5,0,1,10.982983371299717,7092.0238049149848,0,9,6,4608,4608,3264,576,576,9283832,7685984,3375937,583069
300023,capacity,5,0.34999999999999998,0,10.904477974420605,6940.9245405970896,0.050000000000000003,9,0,4608,4608,3904,3256,3168,9190812,5578310,3365581,3083915
300023,capacity,5,0.34999999999999998,1,10.982983371299717,7092.0238049149848,0,9,6,4608,4608,3904,744,656,9494118,5811943,3474955,648066
300023,capacity,5,1,0,10.965116760225339,6978.0238049149848,0.029999999999999999,9,0,4608,4608,4160,1480,1080,8896075,5628385,3441604,1063415
300023,capacity,5,1,1,10.965116760225339,6978.0238049149848,0.029999999999999999,9,6,4608,4608,4160,936,744,9124611,5535686,3349958,732548
300023,demand,0,0,0,1.0233590754402471,118.7026351124064,0.63000000000000012,59,0,0,30208,13120,9384,7704,0,38229015,22631951,8220107
300023,demand,0,0,1,2.7926468609217721,975.08974565745586,0.71000000000000019,59,9,0,30208,20864,10936,8280,0,38151763,22656596,8595584
300023,demand,0,0.34999999999999998,0,1.0833590754402471,118.7026351124064,0.69000000000000017,59,0,0,30208,19776,11952,8488,0,36459876,22121132,8641054
300023,demand,0,0.34999999999999998,1,2.8217609045980883,969.4662036299577,0.66000000000000014,59,9,0,30208,23232,11344,7648,0,36522626,22056038,7933817
300023,demand,0,1,0,3.0002984108605957,772.34369286233482,1.2100000000000004,59,0,0,30208,28096,14888,8784,0,37433969,22733027,8886859
300023,demand,0,1,1,2.9344981652165942,835.69757314542062,0.97000000000000042,59,8,0,30208,27840,13200,7984,0,37014881,22898343,8154475
300023,demand,2,0,0,1.5229441915132145,278.65635083671634,0.52000000000000002,19,0,9728,9728,6528,4616,3968,19666503,11773130,7159727,4091117
300023,demand,2,0,1,2.4048556704836308,969.89759762045469,0.29000000000000004,19,3,9728,9728,6272,3176,2584,18918263,11651596,7418901,2857915
300023,demand,2,0.34999999999999998,0,1.5529441915132145,278.41085133466709,0.55000000000000004,19,0,9728,9728,8384,5072,4032,19969664,12315337,7865814,4247431
300023,demand,2,0.34999999999999998,1,2.4948556704836302,969.89759762045469,0.38000000000000012,19,3,9728,9728,8320,3840,2872,19492429,11752149,7262955,2991560
300023,demand,2,1,0,2.5662122303893802,971.02787466667655,0.38000000000000012,19,0,9728,9728,9600,4280,2672,19403047,11705338,7113620,2890638
300023,demand,2,1,1,2.5662122303893802,971.02787466667655,0.38000000000000012,19,3,9728,9728,9600,3792,2440,19440739,11816955,7095509,2504982
300023,demand,5,0,0,2.3782535404663085,964.54888163068915,0.31,9,0,4608,4608,3648,2696,2464,9368973,5777769,3650249,2410809
300023,demand,5,0,1,2.3782535404663085,964.54888163068915,0.31,9,1,4608,4608,3648,1968,1736,9350212,5638099,3363328,1715258
300023,demand,5,0.34999999999999998,0,2.3782535404663085,964.54888163068915,0.31,9,0,4608,4608,4416,2656,2376,9020633,5821476,3349143,2345129
300023,demand,5,0.34999999999999998,1,2.3782535404663085,964.54888163068915,0.31,9,1,4608,4608,4416,1984,1720,9268989,5775917,3477216,1769029
300023,demand,5,1,0,2.4920575985985538,944.14128473144353,0.27999999999999997,9,0,4608,4608,4608,2096,1616,9513416,5796929,3503689,1608880
300023,demand,5,1,1,2.4920575985985538,944.14128473144353,0.27999999999999997,9,1,4608,4608,4608,1864,1504,10383798,6028850,3500774,2201803
300023,combined,0,0,0,1.3435402214048908,15.790901617173031,1.3000000000000005,59,0,0,30208,15616,11768,9504,0,39087918,23009228,10207396
300023,combined,0,0,1,1.0968003387803689,30.055871407352441,0.78000000000000025,59,4,0,30208,12096,7936,6832,0,38401789,23075580,7091794
300023,combined,0,0.34999999999999998,0,2.3923934399238567,0,2.2299999999999995,59,0,0,30208,20032,12832,11832,0,37218035,23193409,12661010
300023,combined,0,0.34999999999999998,1,1.1314724125439997,6.1362990220519471,0.87000000000000022,59,4,0,30208,15744,8456,7072,0,37159465,22176623,7410805
300023,combined,0,1,0,2.4334143070069065,0,2.3099999999999996,59,0,0,30208,21056,10064,7808,0,36641494,22630926,8902810
300023,combined,0,1,1,2.4334143070069065,0,2.3099999999999996,59,0,0,30208,21056,10064,7808,0,40666090,24663386,9980975
300023,combined,2,0,0,1.2941511143152209,123.82888079039782,0.57999999999999996,19,0,9728,9728,7360,5000,4056,21568255,13866052,8001244,4225956
300023,combined,2,0,1,1.8517154645854217,115.53493166467706,0.54999999999999993,19,1,9728,9728,7424,4168,3232,22606741,13078278,8719273,3650221
300023,combined,2,0.34999999999999998,0,1.3991130770577733,110.57005684025449,0.75000000000000022,19,0,9728,9728,9088,4992,3632,29754197,15256687,12837051,3666477
300023,combined,2,0.34999999999999998,1,1.8877351998396827,110.57005684025449,0.59999999999999998,19,1,9728,9728,9088,4552,3240,22341470,13141317,8115822,3725443
300023,combined,2,1,0,2.0190530751437255,68.58412216047175,1.4799999999999998,19,0,9728,9728,9152,4032,3096,22594487,12753641,7513028,3067525
300023,combined,2,1,1,8.0114843842597487,93.705756542570015,0.13,19,11,9728,9728,9664,3040,2088,20094820,13146142,7733283,2686145
300023,combined,5,0,0,2.5462793947438209,120.91229116182535,0.5,9,0,4608,4608,3840,2664,2424,9983437,5658731,3445500,2720749
300023,combined,5,0,1,2.5462793947438209,120.91229116182535,0.5,9,0,4608,4608,3840,1880,1576,10212740,7173124,4725530,1722038
300023,combined,5,0.34999999999999998,0,2.5462793947438209,120.91229116182535,0.5,9,0,4608,4608,4288,2640,2144,9651901,6953324,4077332,2594736
300023,combined,5,0.34999999999999998,1,2.5462793947438209,120.91229116182535,0.5,9,0,4608,4608,4288,1976,1456,12739800,5701577,3773461,1481865
300023,combined,5,1,0,2.5462793947438209,120.91229116182535,0.5,9,0,4608,4608,4544,2008,1352,9373337,6688435,3546536,1343961
300023,combined,5,1,1,2.5462793947438209,120.91229116182535,0.5,9,0,4608,4608,4544,2008,1352,9661865,6568711,3371468,1503198
300024,normal,0,0,0,0.37622025915223961,0,0.34999999999999998,59,0,0,30208,7808,6336,5464,0,42901887,23502944,6254840
300024,normal,0,0,1,0.37622025915223961,0,0.34999999999999998,59,0,0,30208,7808,6336,5464,0,39435619,25598711,6747304
300024,normal,0,0.34999999999999998,0,0.32000000000000001,0,0.32000000000000001,59,0,0,30208,11840,7248,5512,0,40195379,25463257,6219378
300024,normal,0,0.34999999999999998,1,0.32000000000000001,0,0.32000000000000001,59,0,0,30208,11840,7248,5512,0,40814864,26287407,6261341
300024,normal,0,1,0,0.57000000000000006,0,0.57000000000000006,59,0,0,30208,15616,9000,6024,0,38294367,22474054,6580499
300024,normal,0,1,1,0.57000000000000006,0,0.57000000000000006,59,0,0,30208,15616,9000,6024,0,38477206,23338977,6519100
300024,normal,2,0,0,0.18649379519247622,0,0.10000000000000001,19,0,9728,9728,2752,1976,1744,19746158,12789856,7647252,1895030
300024,normal,2,0,1,0.18649379519247622,0,0.10000000000000001,19,0,9728,9728,2752,1976,1744,20632363,13318221,7764530,1792598
300024,normal,2,0.34999999999999998,0,0.24249381900974598,0,0.13,19,0,9728,9728,4800,3016,2072,21243965,12797046,7838249,2388753
300024,normal,2,0.34999999999999998,1,0.24249381900974598,0,0.13,19,0,9728,9728,4800,3016,2072,24281789,12239906,11385883,2125598
300024,normal,2,1,0,0.27000000000000002,0,0.27000000000000002,19,0,9728,9728,5568,3384,2136,25673630,20443353,9213255,2127927
300024,normal,2,1,1,0.27000000000000002,0,0.27000000000000002,19,0,9728,9728,5568,3384,2136,19238475,11790405,7159926,2150711
300024,normal,5,0,0,0.24317497632402016,0,0.14999999999999999,9,0,4608,4608,1344,1056,976,9102198,5913205,3622497,1004174
300024,normal,5,0,1,0.24317497632402016,0,0.14999999999999999,9,0,4608,4608,1344,1056,976,9031871,5511879,3308395,962814
300024,normal,5,0.34999999999999998,0,0.26391571706476091,0,0.17999999999999999,9,0,4608,4608,1984,1168,872,8756996,5483294,3434314,888691
300024,normal,5,0.34999999999999998,1,0.26391571706476091,0,0.17999999999999999,9,0,4608,4608,1984,1168,872,10285411,5682187,3811743,1276624
300024,normal,5,1,0,0.20999999999999999,0,0.20999999999999999,9,0,4608,4608,2560,1544,992,9039215,6117574,4350368,2064943
300024,normal,5,1,1,0.20999999999999999,0,0.20999999999999999,9,0,4608,4608,2560,1544,992,9256980,5797310,3520725,975423
300024,supply,0,0,0,1.4847773668840243,0.40444055834106152,1.4800000000000004,59,0,0,30208,15872,11664,9584,0,37512875,22874099,9852827
300024,supply,0,0,1,1.4847773668840243,0.40444055834106152,1.4800000000000004,59,0,0,30208,15872,11432,9096,0,39900816,24592180,9977198
300024,supply,0,0.34999999999999998,0,1.5747812017547025,1.60310727748411,1.5700000000000005,59,0,0,30208,23168,14112,10112,0,38899378,23905121,11418643
300024,supply,0,0.34999999999999998,1,1.5747812017547025,1.60310727748411,1.5700000000000005,59,0,0,30208,23168,13960,9800,0,37640885,22952894,10067245
300024,supply,0,1,0,1.9609760043253113,0,1.9600000000000004,59,0,0,30208,20032,11224,7816,0,37195762,22304009,8117442
300024,supply,0,1,1,1.9609760043253113,0,1.9600000000000004,59,0,0,30208,20032,11224,7816,0,38933096,23908065,8317342
300024,supply,2,0,0,3.1099283203300954,160.11061211172373,1.2100000000000004,19,0,9728,9728,7488,5640,5064,20394760,12551986,7828246,4951391
300024,supply,2,0,1,10.653754067449581,3347.8699149849726,0.10000000000000001,19,13,9728,9728,8064,1936,1712,20614353,12342178,7699031,2001055
300024,supply,2,0.34999999999999998,0,2.8294113990474621,2.5138809849427837,1.3600000000000003,19,0,9728,9728,8448,5080,4280,19883320,12353784,7380446,4261879
300024,supply,2,0.34999999999999998,1,9.5984621946108959,0,0.38,19,12,9728,9728,8960,2440,2024,19443922,11770707,7430484,2010391
300024,supply,2,1,0,2.8585080276001666,0,1.4599999999999997,19,0,9728,9728,7680,3232,2496,18945795,11744425,7111776,2522472
300024,supply,2,1,1,9.5985495690794096,0,0.41000000000000003,19,12,9728,9728,9344,2520,1840,19583106,11848122,7283183,2050626
300024,supply,5,0,0,8.354175974002926,2034.9751835535178,0.5,9,0,4608,4608,4032,3656,3488,8991533,5509096,3367625,3502686
300024,supply,5,0,1,10.653754067449581,3347.8699149849726,0.10000000000000001,9,6,4608,4608,4032,1160,1016,9090087,5701456,3378270,1066549
300024,supply,5,0.34999999999999998,0,5.7818919543936529,0,0.90000000000000013,9,0,4608,4608,4544,3448,2968,8945915,5477756,3482496,2875751
300024,supply,5,0.34999999999999998,1,9.7914423878273382,0,0.20000000000000001,9,6,4608,4608,4544,1432,1080,8993681,5484528,3395543,1027400
300024,supply,5,1,0,5.8696581089398272,0,0.93000000000000016,9,0,4608,4608,4608,2072,1416,10144630,5505008,3382947,1468255
300024,supply,5,1,1,9.9733332605186984,50.000167650743464,0.22999999999999998,9,6,4608,4608,4608,1448,960,9462062,5738523,3544209,953578
300024,capacity,0,0,0,2.0955804248392593,237.02772523084394,0.94000000000000039,59,0,0,30208,14208,10104,8464,0,36534269,22384686,8592986
300024,capacity,0,0,1,2.2118864489037078,370.66010046558608,0.62000000000000011,59,4,0,30208,15488,9384,7576,0,36291212,22361589,7915032
300024,capacity,0,0.34999999999999998,0,2.0160772691023663,231.01483315105654,0.85000000000000031,59,0,0,30208,22016,12744,9208,0,36255048,22145428,9439052
300024,capacity,0,0.34999999999999998,1,2.2515784311242761,352.70416787028864,0.71000000000000019,59,4,0,30208,20928,10824,7640,0,36369622,22168863,8040643
300024,capacity,0,1,0,2.5202450778118011,317.81964321232903,1.1000000000000005,59,0,0,30208,22208,12256,7952,0,36137499,21907390,8003620
300024,capacity,0,1,1,2.5290074638286839,352.14374915805411,0.99000000000000044,59,4,0,30208,22656,11216,7640,0,36931833,22917347,7711557
300024,capacity,2,0,0,2.2891662162245954,560.06849389021897,0.32999999999999996,19,0,9728,9728,5376,3928,3360,19216303,11875146,7268849,3396311
300024,capacity,2,0,1,2.4001702161806366,651.39888637174636,0.20999999999999999,19,2,9728,9728,5376,2904,2448,19261920,11996806,7456733,2648446
300024,capacity,2,0.34999999999999998,0,2.4278133171759397,531.68907749015989,0.45999999999999996,19,0,9728,9728,7744,4784,3888,19943581,11621722,7150562,3840532
300024,capacity,2,0.34999999999999998,1,2.5580405194506342,623.49365144205922,0.33999999999999997,19,2,9728,9728,7872,3872,2896,19033317,11473506,7124542,2894499
300024,capacity,2,1,0,2.5845111160577039,565.99715566322038,0.51000000000000001,19,0,9728,9728,8832,4472,2984,20152343,11832792,7133617,2952931
300024,capacity,2,1,1,2.5822589338684887,609.3457797978524,0.39000000000000001,19,2,9728,9728,8832,4064,2528,19121165,11720126,7079745,2674542
300024,capacity,5,0,0,2.4788587920144742,611.1452869937865,0.34999999999999998,9,0,4608,4608,3392,2432,2216,9466607,5598951,3451537,2245490
300024,capacity,5,0,1,2.5984354585812608,700.06274272067378,0.22999999999999998,9,1,4608,4608,3456,1864,1656,9172774,5635454,3804974,1699454
300024,capacity,5,0.34999999999999998,0,2.4414925237880536,577.32353385850388,0.37999999999999995,9,0,4608,4608,3776,2504,2192,9120144,5507263,3380322,2178031
300024,capacity,5,0.34999999999999998,1,2.5598870133397504,670.11665946741834,0.23999999999999999,9,1,4608,4608,3776,1864,1512,8898570,5425908,3326911,1580446
300024,capacity,5,1,0,2.7570403032422268,591.6204362057581,0.33999999999999997,9,0,4608,4608,4480,2096,1592,8896708,5629735,3411088,1673268
300024,capacity,5,1,1,2.5280653136238511,646.18284928707465,0.27000000000000002,9,1,4608,4608,4224,1856,1264,9051669,5611250,3746977,1342869
300024,demand,0,0,0,1.3231831762694981,106.29706769752482,1.0000000000000002,59,0,0,30208,13312,9936,8504,0,36322745,22270884,8676325
300024,demand,0,0,1,1.279716582741842,121.92010380188924,0.7300000000000002,59,5,0,30208,15616,9008,6928,0,36127058,22210035,6999388
300024,demand,0,0.34999999999999998,0,1.5368389936272677,95.446135007547326,1.1800000000000004,59,0,0,30208,22976,13968,9912,0,36649414,22193762,9947486
300024,demand,0,0.34999999999999998,1,1.279716582741842,124.83112934569067,0.7300000000000002,59,5,0,30208,23424,12040,7520,0,37139367,22748605,7643688
300024,demand,0,1,0,2.7488049296208326,122.66456908328145,2.0699999999999998,59,0,0,30208,26560,14312,9016,0,36874294,22556471,8951072
300024,demand,0,1,1,2.1463906898349845,99.846361728036925,1.2700000000000005,59,7,0,30208,26944,13408,8080,0,36269930,22397225,8024653
300024,demand,2,0,0,0.96600949301003725,124.34209893119554,0.54000000000000004,19,0,9728,9728,5696,4000,3352,19046078,12222887,7189085,3314244
300024,demand,2,0,1,9.6514316706577219,124.01936064895489,0.080000000000000002,19,13,9728,9728,7872,1768,1416,19653452,11768660,7324386,2234414
300024,demand,2,0.34999999999999998,0,1.0260094930100372,125.59183165114899,0.60000000000000009,19,0,9728,9728,8320,5024,3608,19176560,11824128,7126557,3622216
300024,demand,2,0.34999999999999998,1,9.6514316706577219,124.01936064895489,0.080000000000000002,19,13,9728,9728,8896,2312,1544,20029154,11702193,8141210,1620608
300024,demand,2,1,0,1.314140343716742,115.33208113088376,0.70000000000000018,19,0,9728,9728,9472,4976,2864,18808906,11567593,7336515,2979707
300024,demand,2,1,1,9.6514316706577219,124.01936064895489,0.080000000000000002,19,13,9728,9728,9536,2888,1792,19244877,11597907,7485578,1806669
300024,demand,5,0,0,1.9668066615780633,189.83171555446364,0.52999999999999992,9,0,4608,4608,3648,2720,2504,8945852,5527431,3629998,2510039
300024,demand,5,0,1,9.6182121235032678,122.06898955715042,0.050000000000000003,9,6,4608,4608,3968,904,664,9139828,5639774,3484960,683631
300024,demand,5,0.34999999999999998,0,1.9668066615780633,189.83171555446364,0.52999999999999992,9,0,4608,4608,4352,2976,2440,9158492,5753333,3403705,2503276
300024,demand,5,0.34999999999999998,1,9.6182121235032678,122.06898955715042,0.050000000000000003,9,6,4608,4608,4352,1208,768,9054396,5612789,3380041,785979
300024,demand,5,1,0,1.8907284875087587,183.86192447655202,0.40999999999999992,9,0,4608,4608,4608,2936,1864,9053960,5431118,3542616,1831452
300024,demand,5,1,1,9.6182121235032678,122.06898955715042,0.050000000000000003,9,6,4608,4608,4608,1448,856,9333970,5472690,3338498,1120440
300024,combined,0,0,0,1.3175306721417304,3.4118506481314483,1.2600000000000002,59,0,0,30208,16256,11472,9216,0,36676953,22491478,9434589
300024,combined,0,0,1,1.3175306721417304,3.4118506481314483,1.2600000000000002,59,0,0,30208,16256,11336,8792,0,37008148,22937810,8970021
300024,combined,0,0.34999999999999998,0,1.3973059764025528,0.0573394417237445,1.3100000000000005,59,0,0,30208,22720,13096,9224,0,37193142,22906095,9576854
300024,combined,0,0.34999999999999998,1,1.3973059764025528,0.0573394417237445,1.3100000000000005,59,0,0,30208,22720,12992,8864,0,37891910,22503762,9127268
300024,combined,0,1,0,1.7574885078768192,10.289247214434695,1.6700000000000006,59,0,0,30208,26880,15136,8688,0,59164751,22698940,13165951
300024,combined,0,1,1,1.7611863312778158,10.289247214434695,1.6700000000000006,59,3,0,30208,27328,15040,8552,0,37965330,23131844,8735376
300024,combined,2,0,0,1.311211656382077,99.296659291196903,0.95000000000000029,19,0,9728,9728,7360,5136,4384,19128742,11663797,7288613,4291229
300024,combined,2,0,1,2.8819730868042681,537.54182594988185,1.01,19,2,9728,9728,8000,4280,3400,20415321,12439403,7642724,3433914
300024,combined,2,0.34999999999999998,0,1.2685274155870059,72.095242086715189,0.93000000000000016,19,0,9728,9728,8704,5128,3952,20296701,12435007,7530989,3864836
300024,combined,2,0.34999999999999998,1,2.3002797004057101,412.90084551628905,0.95000000000000029,19,2,9728,9728,8704,4536,3376,22467267,11682324,7738221,3717359
300024,combined,2,1,0,2.5741018114623788,405.60195515087833,1.1000000000000003,19,0,9728,9728,9472,4176,2656,19059871,11748692,7239145,2681027
300024,combined,2,1,1,2.6321822219475441,411.72761830116258,1.0700000000000003,19,2,9728,9728,9472,3464,2376,19362128,12061653,7247939,2440695
300024,combined,5,0,0,3.6724851126651732,767.31471455590633,0.52999999999999992,9,0,4608,4608,3712,2784,2616,9287842,5627034,3367173,2626755
300024,combined,5,0,1,7.5004082989596803,3210.2896233764118,0.029999999999999999,9,6,4608,4608,3776,896,776,9379699,5642176,3539202,821619
300024,combined,5,0.34999999999999998,0,3.8717657803617738,832.61972834548419,0.53000000000000003,9,0,4608,4608,4288,2616,2320,9198001,5727305,3603329,2699874
300024,combined,5,0.34999999999999998,1,7.5004082989596803,3210.2896233764118,0.029999999999999999,9,6,4608,4608,4288,1088,816,9381980,5638711,3333252,905267
300024,combined,5,1,0,3.3074498861818862,716.49934016341399,0.63,9,0,4608,4608,4608,2392,1816,9723547,5915399,4198466,1903165
300024,combined,5,1,1,7.5004082989596803,3210.2896233764118,0.029999999999999999,9,6,4608,4608,4608,1304,856,8944889,5448363,3472101,861462
300025,normal,0,0,0,0.062831708665989708,0,0.050000000000000003,59,0,0,30208,7744,5648,4576,0,40009822,23682686,5321886
300025,normal,0,0,1,0.062831708665989708,0,0.050000000000000003,59,0,0,30208,7744,5648,4576,0,37339757,23193515,5080200
300025,normal,0,0.34999999999999998,0,0.18283170866598972,0,0.17000000000000001,59,0,0,30208,12608,7856,5360,0,38693555,24097656,6306363
300025,normal,0,0.34999999999999998,1,0.18283170866598972,0,0.17000000000000001,59,0,0,30208,12608,7856,5360,0,38312684,23904384,6081810
300025,normal,0,1,0,0.36468072112869709,3.8160952611550663,0.35000000000000009,59,0,0,30208,15168,9400,5904,0,37331826,22771741,6497432
300025,normal,0,1,1,0.36468072112869709,3.8160952611550663,0.35000000000000009,59,0,0,30208,15168,9400,5904,0,37247898,22858143,6182833
300025,normal,2,0,0,0.051460786619870878,0,0.050000000000000003,19,0,9728,9728,2816,2128,1648,20397814,12846159,7695636,1822790
300025,normal,2,0,1,0.051460786619870878,0,0.050000000000000003,19,0,9728,9728,2816,2128,1648,19716249,11907883,7344612,1703841
300025,normal,2,0.34999999999999998,0,0.14146078661987088,0,0.14000000000000001,19,0,9728,9728,5376,3272,2320,19915562,12398294,7278816,2455317
300025,normal,2,0.34999999999999998,1,0.14146078661987088,0,0.14000000000000001,19,0,9728,9728,5376,3272,2320,20074962,11420067,7453172,2690242
300025,normal,2,1,0,0.17205202602069727,3.6854093917536801,0.17000000000000001,19,0,9728,9728,5696,3648,2112,20158875,12673570,7273688,2163855
300025,normal,2,1,1,0.17205202602069727,3.6854093917536801,0.17000000000000001,19,0,9728,9728,5696,3648,2112,18857340,11909138,7129171,2127391
300025,normal,5,0,0,0.23797437714883499,61.153628008044542,0.20000000000000001,9,0,4608,4608,3008,1872,1464,8840821,5491578,3441294,1446673
300025,normal,5,0,1,0.23797437714883499,61.153628008044542,0.20000000000000001,9,0,4608,4608,3008,1872,1464,9808421,6628307,3645953,1832369
300025,normal,5,0.34999999999999998,0,0.24300107583822089,50.14456036938995,0.19,9,0,4608,4608,3776,1840,1304,9056172,5613844,3401054,1322728
300025,normal,5,0.34999999999999998,1,0.24300107583822089,50.14456036938995,0.19,9,0,4608,4608,3776,1840,1304,9007025,5593233,3454355,1333301
300025,normal,5,1,0,0.089999999999999997,8.3504322177696508,0.089999999999999997,9,0,4608,4608,4160,2232,1248,8975755,5594512,3673444,1206763
300025,normal,5,1,1,0.089999999999999997,8.3504322177696508,0.089999999999999997,9,0,4608,4608,4160,2232,1248,8902471,5508425,3353330,1210454
300025,supply,0,0,0,1.1081548937473922,0,1.1000000000000003,59,0,0,30208,9920,8304,7376,0,35855037,21919995,7460084
300025,supply,0,0,1,1.1081548937473922,0,1.1000000000000003,59,0,0,30208,9920,8304,7376,0,36096209,21951644,7578388
300025,supply,0,0.34999999999999998,0,0.84000000000000008,0,0.84000000000000008,59,0,0,30208,8960,6600,5920,0,37078363,22564138,6178555
300025,supply,0,0.34999999999999998,1,0.84000000000000008,0,0.84000000000000008,59,0,0,30208,8960,6600,5920,0,42309616,26888943,6801697
300025,supply,0,1,0,1.0500000000000003,0,1.0500000000000003,59,0,0,30208,12416,7336,5832,0,37524703,22908239,5929567
300025,supply,0,1,1,1.0500000000000003,0,1.0500000000000003,59,0,0,30208,12416,7336,5832,0,39216706,22854625,6090197
300025,supply,2,0,0,0.94729030499790168,0,0.59999999999999998,19,0,9728,9728,4672,3344,2928,20083830,13232962,7701507,3009982
300025,supply,2,0,1,0.94729030499790168,0,0.59999999999999998,19,0,9728,9728,4672,3264,2800,19129063,12340295,7358230,2816579
300025,supply,2,0.34999999999999998,0,0.94729030499790168,0,0.59999999999999998,19,0,9728,9728,6144,3544,2784,19210906,11765448,7108630,2972638
300025,supply,2,0.34999999999999998,1,0.94729030499790168,0,0.59999999999999998,19,0,9728,9728,6144,3496,2688,20029823,11432354,7291267,2701358
300025,supply,2,1,0,1.0532714802656864,0,0.75000000000000011,19,0,9728,9728,5504,2952,2456,18910325,11755422,7184337,2364891
300025,supply,2,1,1,1.0532714802656864,0,0.75000000000000011,19,0,9728,9728,5504,2952,2456,19040617,11861229,6940215,2447088
300025,supply,5,0,0,1.683359859665182,0,0.44999999999999996,9,0,4608,4608,2368,1664,1632,9011070,5554703,3497298,1564944
300025,supply,5,0,1,1.683359859665182,0,0.44999999999999996,9,0,4608,4608,2368,1568,1544,8846605,5474975,3373131,1503929
300025,supply,5,0.34999999999999998,0,1.683359859665182,0,0.44999999999999996,9,0,4608,4608,2688,1520,1384,8860593,5486891,3356806,1351219
300025,supply,5,0.34999999999999998,1,1.683359859665182,0,0.44999999999999996,9,0,4608,4608,2688,1456,1328,9036460,5646282,3544591,1608689
300025,supply,5,1,0,1.9145587089541944,0,0.69000000000000006,9,0,4608,4608,3264,1424,1352,8874355,5555154,3314904,1287143
300025,supply,5,1,1,1.9145587089541944,0,0.69000000000000006,9,0,4608,4608,3264,1424,1352,8752048,5488424,3405169,1330267
300025,capacity,0,0,0,3.6885996242790147,718.57703400020694,1.2100000000000006,59,0,0,30208,18048,13576,11464,0,36573767,22177972,11810013
300025,capacity,0,0,1,9.731715172463872,4539.8727673302037,0.20000000000000001,59,41,0,30208,26240,5928,4920,0,36205536,22153976,4821793
300025,capacity,0,0.34999999999999998,0,4.006649358810269,797.63770788021895,1.3000000000000007,59,0,0,30208,24576,16008,12472,0,37418683,22365274,12676358
300025,capacity,0,0.34999999999999998,1,9.7317151724638702,4539.8727673302037,0.20000000000000001,59,41,0,30208,28544,6984,5032,0,38770006,23980575,5125667
300025,capacity,0,1,0,4.1133629792759372,827.76294201449048,1.3600000000000008,59,0,0,30208,27712,15032,9368,0,37564917,22685234,9492148
300025,capacity,0,1,1,9.7154616193578196,4603.5678709364001,0.20000000000000001,59,41,0,30208,29888,7896,5136,0,38736233,25243686,5459298
300025,capacity,2,0,0,3.8910128127012769,1081.1926525956235,0.62,19,0,9728,9728,6528,4704,4096,19802071,12293663,7228290,4128051
300025,capacity,2,0,1,10.049762704416645,5256.0953973281448,0.13,19,13,9728,9728,8320,1896,1616,23274629,12388597,8528750,1765397
300025,capacity,2,0.34999999999999998,0,3.9465122187411894,1074.827416830597,0.6100000000000001,19,0,9728,9728,8128,5104,4064,19436275,12342063,7784450,4372753
300025,capacity,2,0.34999999999999998,1,9.5376345982914348,4342.7421508163907,0.17000000000000001,19,13,9728,9728,9344,2352,1848,19215358,11913925,7166304,1860404
300025,capacity,2,1,0,5.0655079375642851,1578.1736200906075,0.63000000000000012,19,0,9728,9728,9152,4656,3000,19646385,11811205,7180834,3190586
300025,capacity,2,1,1,9.4659352788465174,4291.8017930266906,0.14000000000000001,19,13,9728,9728,9728,2480,1720,19489206,12002033,7367219,1711419
300025,capacity,5,0,0,4.7174573087198413,1650.2808815633941,0.25,9,0,4608,4608,3328,2592,2328,9048948,5754405,3541114,2259971
300025,capacity,5,0,1,9.4735794593947027,4513.3410692759817,0.050000000000000003,9,6,4608,4608,4032,1024,832,9171674,5667754,3420675,855993
300025,capacity,5,0.34999999999999998,0,4.7821019997944694,1654.6518474355339,0.31,9,0,4608,4608,4160,2896,2360,9142570,5707324,3413032,2490060
300025,capacity,5,0.34999999999999998,1,9.6595854841544533,4705.3272662796744,0.080000000000000002,9,6,4608,4608,4480,1328,904,9141036,5612252,3314303,934730
300025,capacity,5,1,0,5.3896089484601823,1662.5888131391382,0.38,9,0,4608,4608,4608,2440,1304,9349844,5826511,3425513,1355667
300025,capacity,5,1,1,9.6595854841544533,4705.3272662796744,0.080000000000000002,9,6,4608,4608,4608,1480,856,8854495,5550998,3349523,852266
300025,demand,0,0,0,0.47198156370618671,15.178227062064508,0.37,59,0,0,30208,9600,7232,6328,0,36384296,22434688,6683173
300025,demand,0,0,1,0.41570998639284507,31.257491651226584,0.22,59,2,0,30208,10176,6640,5640,0,38259408,22493504,6393980
300025,demand,0,0.34999999999999998,0,0.75351599966652738,14.394917621459403,0.65000000000000024,59,0,0,30208,21824,12096,8208,0,40334814,22907084,8472741
300025,demand,0,0.34999999999999998,1,0.84087851350195286,33.361149732370677,0.64000000000000012,59,2,0,30208,23040,12600,8320,0,37947886,23051512,8330086
300025,demand,0,1,0,1.3364960960936054,7.6041962671492342,1.2200000000000004,59,0,0,30208,26560,14456,8416,0,38544343,23673315,8777495
300025,demand,0,1,1,1.1231382075904404,18.388114986889999,0.9500000000000004,59,2,0,30208,26688,14216,8096,0,37163253,23044669,8302503
300025,demand,2,0,0,1.0918501785891883,214.60580255851306,0.25,19,0,9728,9728,4224,3288,2976,19333987,12275138,7376281,3008789
300025,demand,2,0,1,1.2520129926000045,377.22430360581779,0.25,19,1,9728,9728,4992,2784,2288,19692895,12937757,7578027,2280992
300025,demand,2,0.34999999999999998,0,1.3112001361683439,343.75482432820559,0.27999999999999997,19,0,9728,9728,6976,3568,2912,19728778,12019934,7397798,3109672
300025,demand,2,0.34999999999999998,1,1.3112001361683439,343.75482432820559,0.27999999999999997,19,1,9728,9728,6976,2928,2272,18815092,11769184,7381971,2275293
300025,demand,2,1,0,1.3942793779538776,323.18792364398792,0.39999999999999991,19,0,9728,9728,8448,3976,2840,19204995,11920442,7034455,2856804
300025,demand,2,1,1,1.3942793779538776,323.18792364398792,0.39999999999999991,19,1,9728,9728,8448,3656,2672,19199771,11781574,7282691,2683291
300025,demand,5,0,0,0.91437418553358674,188.07065947853602,0.20000000000000001,9,0,4608,4608,2560,1952,1792,9228958,5808387,3558150,1772536
300025,demand,5,0,1,1.885292250232443,613.07506645665524,0.15000000000000002,9,1,4608,4608,2752,1408,1272,9494561,5557647,3463579,1287495
300025,demand,5,0.34999999999999998,0,1.8484660038655698,578.7998371912422,0.17999999999999999,9,0,4608,4608,3520,2288,2112,9023121,5657391,3403217,2018998
300025,demand,5,0.34999999999999998,1,1.8484660038655698,578.7998371912422,0.17999999999999999,9,1,4608,4608,3520,1648,1472,9395600,5534433,3393212,1458697
300025,demand,5,1,0,1.8276316912341792,547.77647625482041,0.21000000000000002,9,0,4608,4608,4224,1936,1304,9174964,5531508,3314234,1333873
300025,demand,5,1,1,1.8276316912341792,547.77647625482041,0.21000000000000002,9,1,4608,4608,4224,1656,1192,9035098,6186538,3732935,1179650
300025,combined,0,0,0,1.1845522515815914,0,1.1000000000000003,59,0,0,30208,14784,10200,8328,0,36896621,22373608,8666198
300025,combined,0,0,1,1.0717563867955597,0,1.0000000000000004,59,1,0,30208,16128,9392,6904,0,38547552,22646290,7396220
300025,combined,0,0.34999999999999998,0,1.2002697725590297,0,1.1100000000000003,59,0,0,30208,22528,13112,9000,0,37136859,22582596,9872716
300025,combined,0,0.34999999999999998,1,1.2002697725590297,0,1.1100000000000003,59,1,0,30208,22592,12016,7472,0,37311217,23055351,7807223
300025,combined,0,1,0,1.8345639165098031,18.565176328475051,1.7000000000000004,59,0,0,30208,27584,15640,8768,0,37286153,22894216,8922511
300025,combined,0,1,1,1.8345639165098033,18.565176328475051,1.7000000000000004,59,1,0,30208,27648,14992,8464,0,36725974,22155058,8504572
300025,combined,2,0,0,1.7787919345181786,168.51366927061409,0.85000000000000009,19,0,9728,9728,6528,4360,3784,18926990,11953135,7191743,3786763
300025,combined,2,0,1,2.1615420292689489,373.10978794813121,0.80000000000000016,19,1,9728,9728,6400,3464,2784,19054787,11430225,7146057,3029424
300025,combined,2,0.34999999999999998,0,1.8078892421459687,168.51366927061409,0.88000000000000012,19,0,9728,9728,8320,4680,3648,18897943,11630565,7118624,3548165
300025,combined,2,0.34999999999999998,1,2.1910212795731372,373.10978794813121,0.83000000000000018,19,1,9728,9728,8320,4088,2928,18922309,11749985,7172465,2949237
300025,combined,2,1,0,2.0793359964892311,304.24466491455343,0.92000000000000026,19,0,9728,9728,9344,4448,2960,19359625,11735553,7194070,2900288
300025,combined,2,1,1,2.0445649388106939,339.98981359361699,0.89000000000000024,19,1,9728,9728,9152,4056,2712,20873147,12279051,7770168,2761608
300025,combined,5,0,0,4.1209128597103781,472.21715362638412,0.58999999999999997,9,0,4608,4608,3904,2728,2568,11307488,6652829,5354101,3576647
300025,combined,5,0,1,11.062368273647031,1102.8189580010096,0.14000000000000001,9,5,4608,4608,3904,976,880,11051040,6358636,4851874,1277679
300025,combined,5,0.34999999999999998,0,4.1209128597103781,472.21715362638412,0.58999999999999997,9,0,4608,4608,4288,2376,2096,13026308,8216934,4552342,2921176
300025,combined,5,0.34999999999999998,1,11.062368273647031,1102.8189580010096,0.14000000000000001,9,5,4608,4608,4288,976,824,11387827,6380520,4853469,1247092
300025,combined,5,1,0,4.2315548971058883,561.44000048460828,0.59000000000000008,9,0,4608,4608,4608,1512,1192,11113514,6355794,4916610,1715908
300025,combined,5,1,1,11.062368273647031,1102.8189580010096,0.14000000000000001,9,5,4608,4608,4608,1008,856,11180292,6122570,4755028,1255156
300026,normal,0,0,0,0.15065345317141332,0,0.14999999999999999,59,0,0,30208,11712,6728,5152,0,39171644,25337737,6100950
300026,normal,0,0,1,0.15065345317141332,0,0.14999999999999999,59,0,0,30208,11712,6728,5152,0,42947935,25496910,5968166
300026,normal,0,0.34999999999999998,0,0.21065345317141332,0,0.20999999999999999,59,0,0,30208,23808,12064,6736,0,45106692,35489641,9278890
300026,normal,0,0.34999999999999998,1,0.21065345317141332,0,0.20999999999999999,59,0,0,30208,23808,12064,6736,0,42209395,28963505,9330000
300026,normal,0,1,0,0.57382944375118772,7.0949802343410866,0.57000000000000028,59,0,0,30208,28928,15840,7984,0,42957092,28766023,10440263
300026,normal,0,1,1,0.57382944375118772,7.0949802343410866,0.57000000000000028,59,0,0,30208,28928,15840,7984,0,41074731,25453991,9712287
300026,normal,2,0,0,0.030653453171413336,0,0.029999999999999999,19,0,9728,9728,3904,2304,1712,22119514,12900069,9067032,2365343
300026,normal,2,0,1,0.030653453171413336,0,0.029999999999999999,19,0,9728,9728,3904,2304,1712,23356442,13346484,10015579,2587595
300026,normal,2,0.34999999999999998,0,0.030653453171413336,0,0.029999999999999999,19,0,9728,9728,7488,3896,2224,23241578,13081746,10039523,3269982
300026,normal,2,0.34999999999999998,1,0.030653453171413336,0,0.029999999999999999,19,0,9728,9728,7488,3896,2224,22072700,12962301,8634530,2657608
300026,normal,2,1,0,0.18672806529116409,11.000015614440343,0.17999999999999999,19,0,9728,9728,9216,4912,2776,23792852,12967204,8919606,3251645
300026,normal,2,1,1,0.18672806529116409,11.000015614440343,0.17999999999999999,19,0,9728,9728,9216,4912,2776,25723428,14974865,11298022,4366549
300026,normal,5,0,0,0.030653453171413336,0,0.029999999999999999,9,0,4608,4608,2048,1312,928,12307797,7010983,5205389,1485714
300026,normal,5,0,1,0.030653453171413336,0,0.029999999999999999,9,0,4608,4608,2048,1312,928,12247144,7043502,5103314,1612133
300026,normal,5,0.34999999999999998,0,0.030653453171413336,0,0.029999999999999999,9,0,4608,4608,4032,2048,1200,10360143,7289207,4100230,1540948
300026,normal,5,0.34999999999999998,1,0.030653453171413336,0,0.029999999999999999,9,0,4608,4608,4032,2048,1200,11550876,6729197,5661015,1769721
300026,normal,5,1,0,0.17872222587626563,26.685599213901671,0.14999999999999999,9,0,4608,4608,4608,2536,1472,11156670,6691742,4459371,1873155
300026,normal,5,1,1,0.17872222587626563,26.685599213901671,0.14999999999999999,9,0,4608,4608,4608,2536,1472,10611047,6095357,4032597,1825608
300026,supply,0,0,0,1.4911017933702415,0,1.4400000000000002,59,0,0,30208,18560,12704,10128,0,43072183,31146082,15641473
300026,supply,0,0,1,9.2541932204344963,4720.9055584030593,0.42999999999999999,59,38,0,30208,25664,6536,5504,0,40065530,26943378,5901930
300026,supply,0,0.34999999999999998,0,1.5551256175307482,1.6309012644401406,1.5500000000000003,59,0,0,30208,25216,14992,10056,0,40300938,26985231,11663043
300026,supply,0,0.34999999999999998,1,1.5551256175307482,1.6309012644401406,1.5500000000000003,59,0,0,30208,25216,14600,9304,0,45005877,31278796,12669631
300026,supply,0,1,0,1.8504461090408539,1.6309012644401548,1.8500000000000005,59,0,0,30208,29056,16120,9264,0,38971255,24581047,9406435
300026,supply,0,1,1,1.8504461090408539,1.6309012644401548,1.8500000000000005,59,0,0,30208,29056,16000,8984,0,41102257,23319292,9512177
300026,supply,2,0,0,2.2591448403796761,3.9090378686152754,1.0800000000000001,19,0,9728,9728,6144,4320,3872,20405442,13306002,7443823,4331869
300026,supply,2,0,1,11.05200608472199,444.29670069728957,0.029999999999999999,19,13,9728,9728,7936,1584,1432,20772943,13112260,7315791,1571613
300026,supply,2,0.34999999999999998,0,2.2775568545957867,9.9704899484711902,1.0900000000000001,19,0,9728,9728,8384,4744,3616,20174037,12062075,7119699,3595399
300026,supply,2,0.34999999999999998,1,10.797757984579597,367.91633472495869,0.059999999999999998,19,13,9728,9728,9024,1984,1600,20362021,13149264,9913182,1911096
300026,supply,2,1,0,2.4465359415176762,70.784372336187047,1.0500000000000003,19,0,9728,9728,9600,4440,2728,20428672,12502529,7794546,2982525
300026,supply,2,1,1,10.797757984579597,367.91633472495869,0.059999999999999998,19,13,9728,9728,9600,2200,1592,21091273,13516993,7262248,1821463
300026,supply,5,0,0,4.4474967372834913,63.526644335623828,0.93000000000000005,9,0,4608,4608,3584,2992,2808,9287140,5804291,3931808,2783673
300026,supply,5,0,1,11.05200608472199,444.29670069728957,0.029999999999999999,9,6,4608,4608,3648,776,712,9672810,5687375,3818484,727808
300026,supply,5,0.34999999999999998,0,4.4474967372834913,63.526644335623828,0.93000000000000005,9,0,4608,4608,4288,3064,2528,9124825,5697850,3533964,2760366
300026,supply,5,0.34999999999999998,1,11.05200608472199,444.29670069728957,0.029999999999999999,9,6,4608,4608,4288,1032,768,10322027,7245253,3590168,809013
300026,supply,5,1,0,4.5197683470597401,49.521859717309397,0.81000000000000005,9,0,4608,4608,4544,2040,1184,9746713,5899696,3446171,1409045
300026,supply,5,1,1,11.05200608472199,444.29670069728957,0.029999999999999999,9,6,4608,4608,4544,1200,848,10425535,6476626,3724080,1008610
300026,capacity,0,0,0,2.7222230887830423,372.05389200354665,1.0000000000000002,59,0,0,30208,15040,11632,10352,0,40127361,23054267,12200369
300026,capacity,0,0,1,2.9309411790639786,535.80285863190863,0.83000000000000029,59,5,0,30208,15168,9744,8344,0,39883352,23804953,9367919
300026,capacity,0,0.34999999999999998,0,2.7074663858604993,336.46901759017078,1.1200000000000006,59,0,0,30208,20608,12752,10224,0,39403784,24054120,11733566
300026,capacity,0,0.34999999999999998,1,2.9730569851123261,517.61627770493692,0.92000000000000037,59,5,0,30208,20864,10928,8432,0,40466950,27938979,11403575
300026,capacity,0,1,0,3.0107405923026849,354.17050742625776,1.3900000000000006,59,0,0,30208,23936,12536,8592,0,39478579,28576205,11000452
300026,capacity,0,1,1,3.0847453319040015,404.80298988040937,1.2900000000000005,59,4,0,30208,24064,11728,8224,0,41572654,23649628,9139545
300026,capacity,2,0,0,2.9314678201698849,674.60400590383051,0.51000000000000001,19,0,9728,9728,5504,4176,3872,21272514,12722465,9643679,4373589
300026,capacity,2,0,1,4.8897122961525827,1654.6116156007395,0.26000000000000001,19,5,9728,9728,6336,2912,2424,22619826,13152940,9220229,3277197
300026,capacity,2,0.34999999999999998,0,2.9479338462811846,608.76228899872694,0.60000000000000009,19,0,9728,9728,7232,4424,3680,19743377,12043698,7544517,3771234
300026,capacity,2,0.34999999999999998,1,4.8637129431360711,1599.2208212384151,0.28999999999999998,19,5,9728,9728,7616,3208,2400,20558299,12329491,7759691,2596397
300026,capacity,2,1,0,3.0376165576240308,620.34977243839126,0.65000000000000013,19,0,9728,9728,8256,4376,2880,22210594,15225100,8853381,3788979
300026,capacity,2,1,1,4.6191293459348861,1381.96663702623,0.41999999999999998,19,4,9728,9728,8320,3480,2448,21320045,12732175,7547302,2986218
300026,capacity,5,0,0,2.9713584303696488,719.6254777953053,0.36000000000000004,9,0,4608,4608,3008,2408,2240,9721102,5789237,3342455,2404872
300026,capacity,5,0,1,7.6064996705741876,3184.4863371617821,0.080000000000000002,9,5,4608,4608,3648,992,736,10344795,7441924,3684762,1108534
300026,capacity,5,0.34999999999999998,0,2.9600769986259619,687.0335641126386,0.38999999999999996,9,0,4608,4608,3456,2328,2152,11481339,6262993,3651181,2214774
300026,capacity,5,0.34999999999999998,1,7.5396402425020552,3082.6050841795427,0.11,9,5,4608,4608,3776,1120,808,9748780,6345807,3452088,787947
300026,capacity,5,1,0,3.1821382769059654,657.11343735128207,0.35999999999999999,9,0,4608,4608,3904,1744,1400,10399926,6371027,3525100,1409037
300026,capacity,5,1,1,7.5396402425020552,3082.6050841795427,0.11,9,5,4608,4608,4032,1160,784,10212243,5799845,3354574,796272
300026,demand,0,0,0,0.7638413974920375,28.539483198013173,0.67000000000000015,59,0,0,30208,17536,11568,8824,0,42570757,25626889,9888129
300026,demand,0,0,1,0.7638413974920375,28.539483198013173,0.67000000000000015,59,0,0,30208,17536,11112,8368,0,54030471,30031503,11432756
300026,demand,0,0.34999999999999998,0,0.75728823226443021,28.539483198013173,0.61000000000000021,59,0,0,30208,24000,13312,8952,0,47203835,34193534,15696327
300026,demand,0,0.34999999999999998,1,0.75728823226443021,28.539483198013173,0.61000000000000021,59,0,0,30208,24000,12920,8576,0,40086505,24203471,9263660
300026,demand,0,1,0,1.3259441392967466,52.216018462604438,1.0600000000000005,59,0,0,30208,28864,15544,8680,0,40504324,24371817,8987696
300026,demand,0,1,1,1.3259441392967466,52.216018462604438,1.0600000000000005,59,0,0,30208,28864,15368,8616,0,39461465,23970877,9499598
300026,demand,2,0,0,1.2209552055971906,249.76142861551344,0.45999999999999996,19,0,9728,9728,6336,4000,3376,20535786,13390250,7671009,3842045
300026,demand,2,0,1,2.2009259614197227,721.35734390363075,0.42999999999999999,19,2,9728,9728,6720,3304,2720,20761849,12883814,7543174,3044746
300026,demand,2,0.34999999999999998,0,1.4097462948474193,226.84143613730762,0.65000000000000013,19,0,9728,9728,8512,4368,3184,20407722,12741520,7884470,3151642
300026,demand,2,0.34999999999999998,1,2.2609259614197224,721.35734390363075,0.48999999999999999,19,2,9728,9728,8832,4120,2992,20438320,12223418,7804210,3349418
300026,demand,2,1,0,1.4254770819886964,228.49774368128453,0.62000000000000011,19,0,9728,9728,9472,4704,3024,20829045,12643040,7637288,3547838
300026,demand,2,1,1,2.4708569573005814,686.03122970291759,0.67000000000000015,19,2,9728,9728,9472,3960,2680,20211077,12429128,7509925,2793246
300026,demand,5,0,0,1.1679414985110061,256.26058465114022,0.25,9,0,4608,4608,3136,2184,1968,9815494,5751132,3521634,2002162
300026,demand,5,0,1,2.136502228076099,751.90099124934864,0.25,9,1,4608,4608,3264,1592,1488,10519514,6027497,4883452,1507565
300026,demand,5,0.34999999999999998,0,1.1679414985110061,256.26058465114022,0.25,9,0,4608,4608,4160,2456,1960,16457103,6702947,4329364,2711243
300026,demand,5,0.34999999999999998,1,2.136502228076099,751.90099124934864,0.25,9,1,4608,4608,4160,1904,1552,15550353,7847084,6008440,4273210
300026,demand,5,1,0,1.6975011408700353,227.07646069708184,0.25,9,0,4608,4608,4480,2224,1608,11313067,7058392,4625171,2110869
300026,demand,5,1,1,2.5640061928005946,710.73667752371944,0.34999999999999998,9,1,4608,4608,4480,1856,1392,10947565,6108691,3634896,1426355
300026,combined,0,0,0,1.2598500312062755,0,1.2000000000000002,59,0,0,30208,14400,10960,9336,0,47005528,26588497,10504701
300026,combined,0,0,1,1.2598500312062755,0,1.2000000000000002,59,0,0,30208,14400,10688,8536,0,37498280,22558308,8855981
300026,combined,0,0.34999999999999998,0,1.2908852186182833,0,1.2700000000000002,59,0,0,30208,22400,13144,9240,0,36813478,22258384,9404734
300026,combined,0,0.34999999999999998,1,1.2908852186182833,0,1.2700000000000002,59,0,0,30208,22400,12920,8552,0,36922511,22147810,8726204
300026,combined,0,1,0,1.7576043090425957,6.3000972472122747,1.6700000000000006,59,0,0,30208,25280,13000,8584,0,38057966,22668771,8990624
300026,combined,0,1,1,1.7576043090425957,6.3000972472122747,1.6700000000000006,59,0,0,30208,25280,12944,8472,0,37581387,22846755,8647068
300026,combined,2,0,0,1.7051368547190586,21.757179946687394,1.05,19,0,9728,9728,6848,5008,4400,22852175,13372052,8821834,4985334
300026,combined,2,0,1,10.170546110282411,32.400579149706026,0.050000000000000003,19,13,9728,9728,7744,1656,1416,20521393,12471571,7822670,1554780
300026,combined,2,0.34999999999999998,0,1.7535407200304076,27.559607426429853,1.0800000000000001,19,0,9728,9728,8320,5136,4048,19384607,13355784,7609175,3938659
300026,combined,2,0.34999999999999998,1,11.758179940686551,445.35202046975144,0.080000000000000002,19,13,9728,9728,8896,2232,1768,19203261,12669701,7493843,1899349
300026,combined,2,1,0,2.0397374606440075,14.764110659365222,1.1800000000000002,19,0,9728,9728,9408,4496,2752,20996919,12120726,7270503,2753044
300026,combined,2,1,1,11.758179940686551,445.35202046975144,0.080000000000000002,19,13,9728,9728,9408,2336,1568,20530738,13094523,9044815,1776295
300026,combined,5,0,0,5.6277006350723093,171.2213918055642,0.55000000000000004,9,0,4608,4608,3712,3176,3016,9012336,5533081,3452050,2903593
300026,combined,5,0,1,10.170546110282411,32.400579149706026,0.050000000000000003,9,6,4608,4608,3712,928,744,9078784,5378378,3427863,757206
300026,combined,5,0.34999999999999998,0,5.6829329016890897,178.42987045503997,0.58000000000000007,9,0,4608,4608,4224,3152,2792,9247128,5683100,3425051,2908779
300026,combined,5,0.34999999999999998,1,11.758179940686551,445.35202046975144,0.080000000000000002,9,6,4608,4608,4224,1160,904,9248557,5441834,3413152,976754
300026,combined,5,1,0,5.0792307084485415,72.666623213114093,0.67999999999999994,9,0,4608,4608,4480,1704,1176,9274766,5551049,3399703,1204196
300026,combined,5,1,1,11.758179940686551,445.35202046975144,0.080000000000000002,9,6,4608,4608,4480,1152,784,9060162,5459277,3579112,810744
300027,normal,0,0,0,0.50157333833474016,0,0.5,59,0,0,30208,7296,6000,5896,0,37531242,22561696,6573622
300027,normal,0,0,1,0.50157333833474016,0,0.5,59,0,0,30208,7296,6000,5896,0,37557977,22251765,6564612
300027,normal,0,0.34999999999999998,0,0.5,0,0.5,59,0,0,30208,9152,5840,5584,0,37440726,22495130,6201487
300027,normal,0,0.34999999999999998,1,0.5,0,0.5,59,0,0,30208,9152,5840,5584,0,38472375,23299407,6353456
300027,normal,0,1,0,0.53000000000000003,0,0.53000000000000003,59,0,0,30208,10752,5832,5456,0,37919167,23185821,5969075
300027,normal,0,1,1,0.53000000000000003,0,0.53000000000000003,59,0,0,30208,10752,5832,5456,0,37458154,22295613,5786873
300027,normal,2,0,0,0.16,4.4140226071488975,0.16,19,0,9728,9728,5120,3248,2416,24273896,13433156,7495453,3579681
300027,normal,2,0,1,0.16,4.4140226071488975,0.16,19,0,9728,9728,5120,3248,2416,19862950,13254155,7764059,2461964
300027,normal,2,0.34999999999999998,0,0.080000000000000002,0,0.080000000000000002,19,0,9728,9728,5632,3056,2096,19455726,11771148,7498215,2175340
300027,normal,2,0.34999999999999998,1,0.080000000000000002,0,0.080000000000000002,19,0,9728,9728,5632,3056,2096,19509763,12026682,8252249,2202973
300027,normal,2,1,0,0.14000000000000001,0.085358944037988493,0.14000000000000001,19,0,9728,9728,6848,4112,2480,21054069,12380734,7466161,2932397
300027,normal,2,1,1,0.14000000000000001,0.085358944037988493,0.14000000000000001,19,0,9728,9728,6848,4112,2480,21306368,12548509,7726281,3151915
300027,normal,5,0,0,0.088857264806101052,12.339260593844848,0.080000000000000002,9,0,4608,4608,2496,1568,1192,10224165,6205846,5119399,1488238
300027,normal,5,0,1,0.088857264806101052,12.339260593844848,0.080000000000000002,9,0,4608,4608,2496,1568,1192,9642991,5811991,3536448,1269806
300027,normal,5,0.34999999999999998,0,0.050000000000000003,0,0.050000000000000003,9,0,4608,4608,2688,1520,1136,9209402,5603067,3434070,1225010
300027,normal,5,0.34999999999999998,1,0.050000000000000003,0,0.050000000000000003,9,0,4608,4608,2688,1520,1136,9123227,6036422,3585813,1151621
300027,normal,5,1,0,0.080000000000000002,0,0.080000000000000002,9,0,4608,4608,3264,1848,1248,10516162,5848567,3614536,1254116
300027,normal,5,1,1,0.080000000000000002,0,0.080000000000000002,9,0,4608,4608,3264,1848,1248,9457916,5858873,3858433,1318489
300027,supply,0,0,0,0.97257630123607341,4.2833014600459158,0.97000000000000042,59,0,0,30208,13376,9304,7560,0,39086510,25899221,8281656
300027,supply,0,0,1,0.97257630123607341,4.2833014600459158,0.97000000000000042,59,0,0,30208,13376,9304,7560,0,40481241,25118737,8274133
300027,supply,0,0.34999999999999998,0,1.0137129708079224,0,1.0100000000000002,59,0,0,30208,15168,9080,7184,0,39424936,23865282,7682353
300027,supply,0,0.34999999999999998,1,1.0137129708079224,0,1.0100000000000002,59,0,0,30208,15168,9080,7184,0,38801893,24305926,7595341
300027,supply,0,1,0,1.1718996626771907,0,1.1600000000000004,59,0,0,30208,19008,10704,7056,0,41288555,23305634,7477057
300027,supply,0,1,1,1.1718996626771907,0,1.1600000000000004,59,0,0,30208,19008,10704,7056,0,38030475,22431715,7105092
300027,supply,2,0,0,0.79462263984484827,63.803699589527582,0.6100000000000001,19,0,9728,9728,6464,4328,3584,19307671,12432682,7168344,3658102
300027,supply,2,0,1,0.79462263984484827,63.803699589527582,0.6100000000000001,19,0,9728,9728,6464,4024,3264,19674677,12455377,7604835,3376838
300027,supply,2,0.34999999999999998,0,0.60503084438475263,0.88785423713241585,0.59000000000000008,19,0,9728,9728,5696,3264,2672,19314710,12144179,7314202,2784883
300027,supply,2,0.34999999999999998,1,0.60503084438475263,0.88785423713241585,0.59000000000000008,19,0,9728,9728,5696,3264,2672,19144918,11960584,7080977,2722436
300027,supply,2,1,0,0.66061913525387173,27.861475220379198,0.57000000000000006,19,0,9728,9728,6400,3248,2264,19069548,11750476,7486142,2254774
300027,supply,2,1,1,0.66061913525387173,27.861475220379198,0.57000000000000006,19,0,9728,9728,6400,3248,2264,19216198,12064718,7477325,2219181
300027,supply,5,0,0,0.73749800988165559,109.01697720521288,0.27999999999999997,9,0,4608,4608,3200,2288,2112,9074318,5494503,3527936,2114290
300027,supply,5,0,1,0.73749800988165559,109.01697720521288,0.27999999999999997,9,0,4608,4608,3200,2288,2072,9142943,5631921,3381022,2056994
300027,supply,5,0.34999999999999998,0,0.54206191676276561,63.882482592668204,0.32999999999999996,9,0,4608,4608,3392,1936,1792,9187825,5574153,3394413,1862863
300027,supply,5,0.34999999999999998,1,0.54206191676276561,63.882482592668204,0.32999999999999996,9,0,4608,4608,3392,1936,1792,9368159,5773855,3490677,1942553
300027,supply,5,1,0,0.71234246387647249,81.42798106025802,0.42999999999999994,9,0,4608,4608,3776,1880,1536,9449161,5448613,3483647,1541318
300027,supply,5,1,1,0.71234246387647249,81.42798106025802,0.42999999999999994,9,0,4608,4608,3776,1880,1536,9227145,5599810,3424740,1685293
300027,capacity,0,0,0,2.8606199770915044,548.81925778048185,0.72000000000000008,59,0,0,30208,12032,10008,9168,0,39364036,22714855,10162530
300027,capacity,0,0,1,9.3102515264047714,4741.4235550849698,0.059999999999999998,59,36,0,30208,20992,4432,4304,0,37813589,23428725,4570915
300027,capacity,0,0.34999999999999998,0,2.8819907689018951,532.49912960239612,0.80000000000000016,59,0,0,30208,16256,11136,9368,0,37790970,23403654,9519314
300027,capacity,0,0.34999999999999998,1,9.2119080237522262,4644.5535958408109,0.11,59,36,0,30208,23040,5152,4552,0,37066145,22728699,5083447
300027,capacity,0,1,0,3.4614359558663703,646.28186809778344,1.0200000000000002,59,0,0,30208,24320,12392,8192,0,40740892,23090018,8572795
300027,capacity,0,1,1,9.3036675206919295,4567.1381241782938,0.32999999999999996,59,36,0,30208,25600,6208,4992,0,37519438,22699374,5105835
300027,capacity,2,0,0,3.199815012242925,769.67348999161652,0.47999999999999987,19,0,9728,9728,5440,4248,3856,19474917,12092278,7156663,4172008
300027,capacity,2,0,1,9.2693423998390951,4783.339342229222,0,19,12,9728,9728,6656,1312,1280,19094476,11755974,7333338,1250239
300027,capacity,2,0.34999999999999998,0,3.3603327643139904,763.63238358590104,0.56000000000000005,19,0,9728,9728,6592,4296,3736,19335752,11873163,7608934,3935488
300027,capacity,2,0.34999999999999998,1,9.2693423998390951,4783.339342229222,0,19,12,9728,9728,7104,1416,1336,20014416,12468676,7564039,1326343
300027,capacity,2,1,0,3.4371074864336104,835.21952186938643,0.44,19,0,9728,9728,7744,3744,2760,19926084,12132936,7466659,2871293
300027,capacity,2,1,1,9.2693423998390951,4783.339342229222,0,19,12,9728,9728,7872,1672,1488,19372086,12419496,7645177,1571487
300027,capacity,5,0,0,3.3544543642175646,814.88874723013942,0.26999999999999996,9,0,4608,4608,2560,2056,2024,9005882,5788683,3425340,2091828
300027,capacity,5,0,1,9.2693423998390951,4783.339342229222,0,9,6,4608,4608,3264,608,576,9124001,5896261,3726994,604792
300027,capacity,5,0.34999999999999998,0,3.3544543642175646,814.88874723013942,0.26999999999999996,9,0,4608,4608,3072,2120,2008,9234279,6011061,3781569,2039951
300027,capacity,5,0.34999999999999998,1,9.2693423998390951,4783.339342229222,0,9,6,4608,4608,3520,656,608,10140888,6310727,3516789,603890
300027,capacity,5,1,0,3.43260893372234,864.04054747608734,0.20000000000000001,9,0,4608,4608,3520,1784,1376,9441740,5552471,3466523,1392421
300027,capacity,5,1,1,9.2693423998390951,4783.339342229222,0,9,6,4608,4608,3776,768,696,8901842,5592421,3492032,718654
300027,demand,0,0,0,0.4100989346971724,0,0.37,59,0,0,30208,8896,6584,5696,0,38027919,25876091,6242636
300027,demand,0,0,1,0.4100989346971724,0,0.37,59,0,0,30208,8896,6584,5696,0,39885965,22776984,5916511
300027,demand,0,0.34999999999999998,0,0.46141084127030563,0,0.40000000000000013,59,0,0,30208,14528,8704,6360,0,38693034,23053784,6622684
300027,demand,0,0.34999999999999998,1,0.46141084127030563,0,0.40000000000000013,59,0,0,30208,14528,8704,6360,0,37239718,22552652,6563718
300027,demand,0,1,0,0.79632151397133022,0.25307167033721001,0.71000000000000008,59,0,0,30208,20736,10848,6984,0,43319250,23268036,7604408
300027,demand,0,1,1,0.79632151397133022,0.25307167033721001,0.71000000000000008,59,0,0,30208,20736,10848,6984,0,37376745,22544925,7386011
300027,demand,2,0,0,0.45647660106558102,10.855627604079075,0.37999999999999995,19,0,9728,9728,4032,2824,2432,19829101,11948285,7236622,2422576
300027,demand,2,0,1,0.45647660106558102,10.855627604079075,0.37999999999999995,19,0,9728,9728,4032,2824,2432,19070181,11596584,7041650,2432534
300027,demand,2,0.34999999999999998,0,0.43137949767915645,12.516870943109339,0.34999999999999998,19,0,9728,9728,5696,3312,2496,21169135,12171582,7458018,2612302
300027,demand,2,0.34999999999999998,1,0.43137949767915645,12.516870943109339,0.34999999999999998,19,0,9728,9728,5696,3312,2496,20048082,12606356,7211744,2611564
300027,demand,2,1,0,0.57769294496674195,5.8126053671065314,0.47999999999999998,19,0,9728,9728,6976,3672,2600,19839884,13056327,8157312,2947421
300027,demand,2,1,1,0.57769294496674195,5.8126053671065314,0.47999999999999998,19,0,9728,9728,6976,3672,2600,20245155,12044222,7501514,3130100
300027,demand,5,0,0,0.44074879709672554,57.609335230160525,0.25,9,0,4608,4608,2176,1568,1464,9509041,6323145,3572722,1532201
300027,demand,5,0,1,0.44074879709672554,57.609335230160525,0.25,9,0,4608,4608,2176,1568,1456,9542132,5791231,4028329,1603156
300027,demand,5,0.34999999999999998,0,0.44074879709672554,57.609335230160525,0.25,9,0,4608,4608,3264,1544,1312,9426016,6829967,4308725,1574898
300027,demand,5,0.34999999999999998,1,0.44074879709672554,57.609335230160525,0.25,9,0,4608,4608,3264,1544,1312,9690966,5885030,3559813,1450039
300027,demand,5,1,0,0.62188397233923987,11.163368343386541,0.38,9,0,4608,4608,3776,1728,1408,9139322,5610197,3825604,1450088
300027,demand,5,1,1,0.62188397233923987,11.163368343386541,0.38,9,0,4608,4608,3776,1728,1408,9065385,6400660,3503889,1496369
300027,combined,0,0,0,1.2856387662319404,4.01732713459241,1.2100000000000004,59,0,0,30208,14976,10744,8680,0,38357188,23251111,9360402
300027,combined,0,0,1,9.9508368692266185,4.01732713459241,0.080000000000000002,59,39,0,30208,23424,5096,4224,0,38266588,25341291,4615587
300027,combined,0,0.34999999999999998,0,1.3608022306948122,0,1.2900000000000005,59,0,0,30208,21888,12752,9056,0,38897521,24012204,9796267
300027,combined,0,0.34999999999999998,1,1.3608022306948122,0,1.2900000000000005,59,0,0,30208,21888,12544,8328,0,38249739,23130895,9327472
300027,combined,0,1,0,2.9974909226415618,0,2.649999999999999,59,0,0,30208,26432,12688,9472,0,39403285,23769628,10035440
300027,combined,0,1,1,2.9974909226415618,0,2.649999999999999,59,0,0,30208,26432,12608,9248,0,39777386,24084236,10799444
300027,combined,2,0,0,1.3949672273940015,64.327290375341576,0.6100000000000001,19,0,9728,9728,5376,3952,3496,22217016,13880902,7829029,4501154
300027,combined,2,0,1,3.5922325230350038,890.14647276931532,0.47999999999999998,19,5,9728,9728,6336,2728,2184,20796577,12348600,7816117,2293612
300027,combined,2,0.34999999999999998,0,1.4473460765085302,29.892504871630369,0.67000000000000004,19,0,9728,9728,7040,4096,3216,21870403,12687651,7843667,4239939
300027,combined,2,0.34999999999999998,1,2.359934072507003,476.5539838370857,0.48000000000000004,19,4,9728,9728,7680,3504,2640,20840136,12093263,8284484,2672173
300027,combined,2,1,0,2.3482813686847916,520.96451910092935,0.72000000000000008,19,0,9728,9728,8128,4256,2864,19920805,12343200,7749634,3244725
300027,combined,2,1,1,2.4316174891631657,476.5539838370857,0.58000000000000007,19,4,9728,9728,7744,3608,2464,20644498,12424110,7664839,2897434
300027,combined,5,0,0,2.4399223796573772,635.06793506466568,0.48000000000000004,9,0,4608,4608,3072,2328,2128,9485267,5502584,3436416,2180161
300027,combined,5,0,1,4.1516836042785572,1365.3027362808568,0.10000000000000001,9,4,4608,4608,3392,1232,1016,9159935,5964814,3407884,1049081
300027,combined,5,0.34999999999999998,0,2.4399223796573772,635.06793506466568,0.48000000000000004,9,0,4608,4608,3776,2416,2064,9742212,5694265,4695257,2369738
300027,combined,5,0.34999999999999998,1,4.1516836042785572,1365.3027362808568,0.10000000000000001,9,4,4608,4608,3904,1296,976,9877521,6295683,3513172,1083725
300027,combined,5,1,0,2.5112886407618431,676.95049766386717,0.36000000000000004,9,0,4608,4608,4288,2240,1600,9192021,7851190,3794739,2253613
300027,combined,5,1,1,4.2521023647994216,1384.8741248267122,0.20000000000000001,9,4,4608,4608,4288,1376,1040,9354168,5965183,3350146,1089073
300028,normal,0,0,0,0.029999999999999999,0,0.029999999999999999,59,0,0,30208,5568,4472,4072,0,38277113,23566910,4403676
300028,normal,0,0,1,0.029999999999999999,0,0.029999999999999999,59,0,0,30208,5568,4472,4072,0,36493229,22404763,4271738
300028,normal,0,0.34999999999999998,0,0.059999999999999998,0,0.059999999999999998,59,0,0,30208,13184,7376,5064,0,39973782,23798663,5713187
300028,normal,0,0.34999999999999998,1,0.059999999999999998,0,0.059999999999999998,59,0,0,30208,13184,7376,5064,0,37570707,23275109,5326364
300028,normal,0,1,0,0.42000000000000015,0,0.42000000000000015,59,0,0,30208,17792,10192,6312,0,37794794,22755197,6751408
300028,normal,0,1,1,0.42000000000000015,0,0.42000000000000015,59,0,0,30208,17792,10192,6312,0,36551896,22345298,6337712
300028,normal,2,0,0,0.029999999999999999,0,0.029999999999999999,19,0,9728,9728,1856,1536,1368,19033086,11827755,7193229,1415503
300028,normal,2,0,1,0.029999999999999999,0,0.029999999999999999,19,0,9728,9728,1856,1536,1368,19447353,12245021,7299577,1608761
300028,normal,2,0.34999999999999998,0,0.029999999999999999,0,0.029999999999999999,19,0,9728,9728,3776,2336,1704,19827314,12201631,7317664,1662029
300028,normal,2,0.34999999999999998,1,0.029999999999999999,0,0.029999999999999999,19,0,9728,9728,3776,2336,1704,20386591,12088183,8251584,1987943
300028,normal,2,1,0,0.089999999999999997,0,0.089999999999999997,19,0,9728,9728,5632,3248,2048,19496296,11955886,7428087,1988934
300028,normal,2,1,1,0.089999999999999997,0,0.089999999999999997,19,0,9728,9728,5632,3248,2048,20161148,13503161,7171664,2224091
300028,normal,5,0,0,0.029999999999999999,0,0.029999999999999999,9,0,4608,4608,960,760,688,9520768,5656338,3442878,752625
300028,normal,5,0,1,0.029999999999999999,0,0.029999999999999999,9,0,4608,4608,960,760,688,10729876,7468510,3364587,693706
300028,normal,5,0.34999999999999998,0,0.029999999999999999,0,0.029999999999999999,9,0,4608,4608,1472,960,800,9308188,5633772,3438791,861264
300028,normal,5,0.34999999999999998,1,0.029999999999999999,0,0.029999999999999999,9,0,4608,4608,1472,960,800,9231785,5446671,3278357,777765
300028,normal,5,1,0,0.089999999999999997,0,0.089999999999999997,9,0,4608,4608,2624,1408,1032,8960032,5677608,3236235,1019381
300028,normal,5,1,1,0.089999999999999997,0,0.089999999999999997,9,0,4608,4608,2624,1408,1032,9003507,5779835,3299379,1054744
300028,supply,0,0,0,0.84000000000000008,0,0.84000000000000008,59,0,0,30208,7680,6512,6152,0,39644033,22745566,6768679
300028,supply,0,0,1,0.84000000000000008,0,0.84000000000000008,59,0,0,30208,7680,6512,6152,0,37348687,22664044,6315811
300028,supply,0,0.34999999999999998,0,0.96000000000000019,0,0.96000000000000019,59,0,0,30208,13696,9048,6936,0,37411979,23041717,7332571
300028,supply,0,0.34999999999999998,1,0.96000000000000019,0,0.96000000000000019,59,0,0,30208,13696,9048,6936,0,37358036,22358059,7575741
300028,supply,0,1,0,1.22,0,1.22,59,0,0,30208,12032,7520,6208,0,36814621,22724793,6348543
300028,supply,0,1,1,1.22,0,1.22,59,0,0,30208,12032,7520,6208,0,36541225,22495339,6460345
300028,supply,2,0,0,0.9474368512551915,0,0.75000000000000022,19,0,9728,9728,5568,3840,3328,19185066,11743409,7522334,3413578
300028,supply,2,0,1,1.20625092507666,0,0.69000000000000006,19,1,9728,9728,4864,3336,2936,18697905,11679508,7106813,2989669
300028,supply,2,0.34999999999999998,0,0.94000319302338819,0,0.75000000000000011,19,0,9728,9728,5760,3824,2856,18704360,12268826,7171014,2892757
300028,supply,2,0.34999999999999998,1,1.2214361102618452,0,0.72000000000000008,19,1,9728,9728,6400,4104,2960,19527247,11868726,7148612,2860325
300028,supply,2,1,0,1.5204361265042583,0,1.0700000000000001,19,0,9728,9728,6848,3792,2536,19158580,11752949,7180487,2441096
300028,supply,2,1,1,1.8316534000856464,0,1.04,19,1,9728,9728,7168,3864,2648,19368893,11841826,7470225,2677408
300028,supply,5,0,0,1.4203595037727872,50.323673402936144,0.54999999999999993,9,0,4608,4608,3200,2200,1936,8972251,5607593,3749319,1894772
300028,supply,5,0,1,1.4203595037727872,50.323673402936144,0.54999999999999993,9,0,4608,4608,3200,2200,1936,9738626,6100607,3507124,1919938
300028,supply,5,0.34999999999999998,0,2.0886688717460618,0,0.80000000000000004,9,0,4608,4608,3776,2336,2088,9443041,6068430,3630180,2326304
300028,supply,5,0.34999999999999998,1,2.0886688717460618,0,0.80000000000000004,9,0,4608,4608,3776,2336,2088,9742668,6681426,3536779,2038544
300028,supply,5,1,0,2.2386688717460617,0,0.95000000000000007,9,0,4608,4608,3648,1576,1320,9072129,8457606,3597640,1293274
300028,supply,5,1,1,2.2386688717460617,0,0.95000000000000007,9,0,4608,4608,3648,1576,1320,15230289,6074899,5303473,1347304
300028,capacity,0,0,0,2.2748078854468976,266.23422594966462,0.79000000000000026,59,0,0,30208,15360,11560,10056,0,37235264,22704657,10269447
300028,capacity,0,0,1,2.199630235138494,344.80669415709815,0.49999999999999994,59,4,0,30208,14528,9176,7448,0,37636963,22837046,7844539
300028,capacity,0,0.34999999999999998,0,2.2991706944286214,260.30884109283801,0.83000000000000029,59,0,0,30208,20608,13112,10152,0,37416614,22868495,10880044
300028,capacity,0,0.34999999999999998,1,2.3654784591593407,292.12157194313005,0.76000000000000012,59,3,0,30208,20992,11936,8544,0,37772638,22710413,8940171
300028,capacity,0,1,0,2.3703385354672939,195.7265112197762,1.2000000000000006,59,0,0,30208,22720,12184,8000,0,37706991,23009828,8295203
300028,capacity,0,1,1,2.5310953803831975,211.98499053518142,1.0900000000000003,59,3,0,30208,24384,11640,8032,0,36862325,23055531,8571675
300028,capacity,2,0,0,2.6624119632493839,520.07315284123024,0.52999999999999992,19,0,9728,9728,5824,4296,3744,19349660,11744015,7477260,5787771
300028,capacity,2,0,1,2.6706533613827426,580.38520376621545,0.35999999999999999,19,2,9728,9728,6080,3632,3056,19442367,12364934,7163735,3311647
300028,capacity,2,0.34999999999999998,0,2.6124119632493841,520.07315284123024,0.47999999999999993,19,0,9728,9728,7616,4616,3632,19898038,11825808,7577946,3601949
300028,capacity,2,0.34999999999999998,1,2.6206533613827427,580.38520376621545,0.31,19,2,9728,9728,7744,3848,2944,20690082,12574119,8586279,3165298
300028,capacity,2,1,0,2.5981441185035954,529.14142140390084,0.41999999999999998,19,0,9728,9728,8448,4304,2816,21269654,12912192,7743255,3043070
300028,capacity,2,1,1,2.6385610114597897,559.16077892596911,0.37,19,2,9728,9728,8512,3984,2720,21232937,13112231,8337092,2919371
300028,capacity,5,0,0,3.0178172622261203,640.74950420980667,0.34999999999999998,9,0,4608,4608,3584,2280,2080,10306646,6094918,4067992,2124255
300028,capacity,5,0,1,2.8320479350094474,707.93003788703561,0.26000000000000001,9,1,4608,4608,3520,1848,1512,9288031,5917040,3652503,1736121
300028,capacity,5,0.34999999999999998,0,3.0553217446158745,674.3036382404199,0.27999999999999997,9,0,4608,4608,4096,2264,1952,9880956,8685930,3981539,2084931
300028,capacity,5,0.34999999999999998,1,3.1091436539053272,707.93003788703561,0.22999999999999998,9,1,4608,4608,4096,1712,1368,9457386,6132924,3787564,1657955
300028,capacity,5,1,0,3.1839117103361811,645.50814468070223,0.45999999999999996,9,0,4608,4608,4352,2056,1464,9109586,5701218,3412260,1474524
300028,capacity,5,1,1,3.2379565118197937,679.06362220292783,0.40999999999999998,9,1,4608,4608,4352,1792,1336,9147565,5610149,3431478,1380665
300028,demand,0,0,0,0.58459083981035398,36.886465315311732,0.45999999999999996,59,0,0,30208,10176,8304,7288,0,39435249,25234650,8132021
300028,demand,0,0,1,0.58459083981035398,36.886465315311732,0.45999999999999996,59,0,0,30208,10176,8096,6720,0,41198360,25836439,7655576
300028,demand,0,0.34999999999999998,0,0.77098768710678689,22.495977853952198,0.67000000000000004,59,0,0,30208,16192,10336,8240,0,46257558,28182933,9379144
300028,demand,0,0.34999999999999998,1,0.77098768710678689,22.495977853952198,0.67000000000000004,59,0,0,30208,16192,10304,7936,0,41186736,24496664,9300320
300028,demand,0,1,0,1.6867384050970846,25.187482776745821,1.4600000000000004,59,0,0,30208,25408,13760,8456,0,41646569,24439104,9008846
300028,demand,0,1,1,1.6867384050970846,25.187482776745821,1.4600000000000004,59,0,0,30208,25408,13752,8400,0,44186517,24833926,9076357
300028,demand,2,0,0,0.71172887279724084,91.832496680397213,0.35999999999999999,19,0,9728,9728,4160,3232,2880,21747260,12906462,7946985,2932416
300028,demand,2,0,1,0.75207616958414347,120.15205580891178,0.31000000000000005,19,1,9728,9728,4096,2432,2056,21561488,13101065,7224015,4289835
300028,demand,2,0.34999999999999998,0,0.7662119599217273,110.0284757063712,0.3600000000000001,19,0,9728,9728,5824,3752,2936,20009260,12006362,7397457,3163702
300028,demand,2,0.34999999999999998,1,0.75207616958414347,120.15205580891178,0.31000000000000005,19,1,9728,9728,5696,2976,2112,20555487,12346897,7636566,2221853
300028,demand,2,1,0,0.94959826064425634,104.66118633492289,0.56000000000000016,19,0,9728,9728,7680,4208,2648,21183277,14228294,9138043,3022334
300028,demand,2,1,1,0.87056636775919072,114.35441818658467,0.45000000000000007,19,1,9728,9728,7360,3744,2320,21216038,12853550,7822737,2643735
300028,demand,5,0,0,1.1094237450129107,168.50634818637351,0.25,9,0,4608,4608,3072,1680,1616,10201259,6252268,3513913,1685853
300028,demand,5,0,1,1.1094237450129107,168.50634818637351,0.25,9,0,4608,4608,3072,1152,1064,10785324,5936981,3537349,1304618
300028,demand,5,0.34999999999999998,0,1.1094237450129107,168.50634818637351,0.25,9,0,4608,4608,3520,1600,1544,10369361,5744330,3527925,1776567
300028,demand,5,0.34999999999999998,1,1.1094237450129107,168.50634818637351,0.25,9,0,4608,4608,3520,1192,1104,9763067,5815259,3367856,1147690
300028,demand,5,1,0,1.2268097955427877,162.20888783678245,0.35999999999999999,9,0,4608,4608,3776,1416,1088,9088010,5568227,3568406,1078787
300028,demand,5,1,1,1.2268097955427877,162.20888783678245,0.35999999999999999,9,0,4608,4608,3776,1272,1032,9374580,5842079,3635999,1025655
300028,combined,0,0,0,1.4171547128787301,8.4585109115241899,1.3900000000000003,59,0,0,30208,14016,10664,9088,0,38018031,22467893,9846032
300028,combined,0,0,1,1.9849457641145101,138.52657321342173,1.1200000000000003,59,6,0,30208,17536,10624,8392,0,38721937,22478761,8480032
300028,combined,0,0.34999999999999998,0,1.8708715118974528,1.8726122289029696,1.8099999999999996,59,0,0,30208,18432,11488,9952,0,37476093,22934014,10430988
300028,combined,0,0.34999999999999998,1,1.8708715118974528,1.8726122289029696,1.8099999999999996,59,0,0,30208,18432,11488,9952,0,39196691,22922730,10288321
300028,combined,0,1,0,1.961327976771726,2.7174549192615487,1.8999999999999997,59,0,0,30208,20864,10864,7832,0,40073843,26749023,8760477
300028,combined,0,1,1,1.961327976771726,2.7174549192615487,1.8999999999999997,59,0,0,30208,20864,10864,7832,0,41782744,24782987,8980440
300028,combined,2,0,0,2.152395051544401,31.254587696763458,1.0000000000000002,19,0,9728,9728,7552,5352,4616,21566088,12980564,7638498,4529387
300028,combined,2,0,1,9.6817141504411115,143.17290927444657,0.050000000000000003,19,12,9728,9728,8064,2088,1816,21216693,12442107,7748026,1782333
300028,combined,2,0.34999999999999998,0,2.1888183961296908,28.745282149145076,1.0400000000000003,19,0,9728,9728,9024,5248,3896,19537091,11558147,7349603,3827269
300028,combined,2,0.34999999999999998,1,9.4077837682720062,37.91497510777797,0.080000000000000002,19,12,9728,9728,9280,2456,1848,19427951,12313514,7347290,1764083
300028,combined,2,1,0,2.1688616891033532,31.76777173909278,1.0200000000000002,19,0,9728,9728,9600,4256,2720,19486251,12303779,7340479,2764071
300028,combined,2,1,1,9.4077837682720062,37.91497510777797,0.080000000000000002,19,12,9728,9728,9600,2696,1880,19694187,11952219,7350834,1857544
300028,combined,5,0,0,6.808047639065812,300.22901084374342,0.5,9,0,4608,4608,3904,3384,3136,9378506,5712622,3604710,3160440
300028,combined,5,0,1,9.6292980327587063,2628.2543442193801,0,9,6,4608,4608,3904,952,744,9242698,5715016,3518492,708110
300028,combined,5,0.34999999999999998,0,6.0838912956443352,712.40239807866658,0.52999999999999992,9,0,4608,4608,4480,3400,2896,9826263,8287388,3431417,2976003
300028,combined,5,0.34999999999999998,1,9.3973320532356883,2495.78090526096,0.029999999999999999,9,6,4608,4608,4480,1224,816,9058793,6255403,3577782,860661
300028,combined,5,1,0,5.4274803007400685,661.73057167640752,0.63,9,0,4608,4608,4608,2200,1416,9039637,5759132,3439651,1464374
300028,combined,5,1,1,9.3973320532356883,2495.78090526096,0.029999999999999999,9,6,4608,4608,4608,1400,800,9242426,5803303,3351169,786364
300029,normal,0,0,0,0.14080763120582165,0.67502957516004258,0.13,59,0,0,30208,9024,6192,4792,0,36743288,23027657,5245224
300029,normal,0,0,1,0.14080763120582165,0.67502957516004258,0.13,59,0,0,30208,9024,6192,4792,0,40749701,23450119,5440880
300029,normal,0,0.34999999999999998,0,0.26013380093964805,0.67502957516004258,0.25,59,0,0,30208,15424,8776,5720,0,39002317,24554237,6104330
300029,normal,0,0.34999999999999998,1,0.26013380093964805,0.67502957516004258,0.25,59,0,0,30208,15424,8776,5720,0,37815191,22706795,6202384
300029,normal,0,1,0,0.34975238273209613,5.2991762368196511,0.34000000000000008,59,0,0,30208,17792,10264,6088,0,38988539,23917398,6549455
300029,normal,0,1,1,0.34975238273209613,5.2991762368196511,0.34000000000000008,59,0,0,30208,17792,10264,6088,0,39125030,23190186,6819766
300029,normal,2,0,0,0.094433427138473039,3.222132468396218,0.080000000000000002,19,0,9728,9728,3200,2136,1712,19867146,13283419,7802958,1881893
300029,normal,2,0,1,0.094433427138473039,3.222132468396218,0.080000000000000002,19,0,9728,9728,3200,2136,1712,29538402,13431405,8032525,1849713
300029,normal,2,0.34999999999999998,0,0.12443342713847304,3.222132468396218,0.11,19,0,9728,9728,5184,3008,2112,19052130,12180053,7310714,2232279
300029,normal,2,0.34999999999999998,1,0.12443342713847304,3.222132468396218,0.11,19,0,9728,9728,5184,3008,2112,19731907,12434427,7543334,2381706
300029,normal,2,1,0,0.21346098244533684,7.1718699672616957,0.20000000000000001,19,0,9728,9728,6080,3320,2176,19717496,12397962,8567151,2452113
300029,normal,2,1,1,0.21346098244533684,7.1718699672616957,0.20000000000000001,19,0,9728,9728,6080,3320,2176,19613614,12490122,7247509,2803594
300029,normal,5,0,0,0.14895001507855218,31.694900724006011,0.080000000000000002,9,0,4608,4608,1728,1176,984,9234590,5411539,3673654,1142063
300029,normal,5,0,1,0.14895001507855218,31.694900724006011,0.080000000000000002,9,0,4608,4608,1728,1176,984,10912277,5844811,3546271,1063336
300029,normal,5,0.34999999999999998,0,0.17895001507855218,31.694900724006011,0.11,9,0,4608,4608,2496,1536,1152,9416174,5765672,3431591,1206723
300029,normal,5,0.34999999999999998,1,0.17895001507855218,31.694900724006011,0.11,9,0,4608,4608,2496,1536,1152,9168100,5655467,3688317,1407493
300029,normal,5,1,0,0.26895001507855215,33.240703233594729,0.20000000000000001,9,0,4608,4608,3008,1704,1160,9103659,5821017,3352850,1157186
300029,normal,5,1,1,0.26895001507855215,33.240703233594729,0.20000000000000001,9,0,4608,4608,3008,1704,1160,9015006,5577859,3396437,1152320
300029,supply,0,0,0,1.490016183238047,0,1.4700000000000004,59,0,0,30208,17024,12160,9936,0,38725829,23318905,10979006
300029,supply,0,0,1,1.4886448172291906,6.6332364508883082,1.3100000000000005,59,2,0,30208,18432,12256,9280,0,39616917,22793543,9836653
300029,supply,0,0.34999999999999998,0,1.6211336522433766,0,1.4600000000000004,59,0,0,30208,21632,13520,9864,0,37253227,22354700,10052922
300029,supply,0,0.34999999999999998,1,1.7803952819291899,0,1.4600000000000004,59,2,0,30208,22080,12288,8256,0,37374974,23157428,8822635
300029,supply,0,1,0,1.8893020507883862,11.506079056519223,1.7000000000000006,59,0,0,30208,24576,13784,8656,0,38510592,23191617,9232540
300029,supply,0,1,1,1.9637372851034098,10.769150536756797,1.6100000000000003,59,2,0,30208,24640,12992,7856,0,38709993,23248304,8880413
300029,supply,2,0,0,2.4092777402840904,22.438185489146218,0.95000000000000018,19,0,9728,9728,6528,4936,4432,19867693,12293816,7379790,4481023
300029,supply,2,0,1,8.6848748982872905,3383.4699319470146,0.10000000000000001,19,11,9728,9728,7296,1760,1624,19281591,12931947,7371028,1740188
300029,supply,2,0.34999999999999998,0,2.4857706446175269,27.12835095710949,0.99000000000000021,19,0,9728,9728,7872,5056,4256,21649437,12565854,7394128,4459427
300029,supply,2,0.34999999999999998,1,8.550994406430144,3135.974021876636,0.16,19,11,9728,9728,8000,2056,1784,20670526,11487218,8156643,1973640
300029,supply,2,1,0,2.7656068543151089,14.059634692223163,0.99000000000000021,19,0,9728,9728,8896,4368,2912,20599201,12818888,7282472,3203203
300029,supply,2,1,1,8.9607805192504753,0,0.26000000000000001,19,11,9728,9728,8896,2456,1728,19511469,11776315,7684939,1780611
300029,supply,5,0,0,5.299831680683381,154.76249585420879,0.55000000000000004,9,0,4608,4608,3712,3056,2960,9238195,5709648,3415094,2964924
300029,supply,5,0,1,8.6848748982872905,3383.4699319470146,0.10000000000000001,9,5,4608,4608,3712,1024,928,9141701,5931642,3430167,998288
300029,supply,5,0.34999999999999998,0,5.3563535317287796,157.0581044020654,0.58000000000000007,9,0,4608,4608,3904,3008,2904,9253165,5702296,3466043,2786718
300029,supply,5,0.34999999999999998,1,8.5969627515282827,3221.338162006492,0.13,9,5,4608,4608,3904,1080,1008,9291556,5620642,3568607,1002045
300029,supply,5,1,0,4.5070323259556355,136.14197969933466,0.71000000000000008,9,0,4608,4608,4224,1632,1424,10267358,6177673,3579813,1482663
300029,supply,5,1,1,8.9680580704972872,20.49010062309473,0.26000000000000001,9,5,4608,4608,4224,1136,1032,9460826,5554562,3740226,1185949
300029,capacity,0,0,0,1.7200510979455712,176.0205148203035,0.81000000000000028,59,0,0,30208,13568,9712,8272,0,37906543,22877746,8665519
300029,capacity,0,0,1,1.8332171949252964,294.74429538765446,0.54000000000000004,59,4,0,30208,13888,8568,7024,0,36825763,22867835,7610164
300029,capacity,0,0.34999999999999998,0,1.7519369663150457,160.12540049584811,0.92000000000000026,59,0,0,30208,21952,13056,9344,0,41958703,25039691,10700575
300029,capacity,0,0.34999999999999998,1,1.676644755716401,265.77980711830776,0.48000000000000009,59,4,0,30208,15680,8496,6168,0,40755925,23667079,6793131
300029,capacity,0,1,0,2.2549832399512622,216.57853078912979,1.0900000000000003,59,0,0,30208,27072,14656,8344,0,39239998,23109837,8969916
300029,capacity,0,1,1,2.2292214202323817,269.15850251333615,0.99000000000000032,59,4,0,30208,27392,13592,7912,0,39823610,23591264,9204840
300029,capacity,2,0,0,1.6516625504389018,284.81304402054457,0.32999999999999996,19,0,9728,9728,5120,3536,2960,19012979,11943986,7401221,2973891
300029,capacity,2,0,1,1.9254253508060555,389.75751222648984,0.32999999999999996,19,1,9728,9728,5504,3136,2600,19046619,11582603,7255482,2743720
300029,capacity,2,0.34999999999999998,0,1.9026085658247149,349.14018994595739,0.44,19,0,9728,9728,7424,4344,3408,19876706,12038001,7428080,3533880
300029,capacity,2,0.34999999999999998,1,1.9413986978492259,371.71232422469933,0.39000000000000001,19,1,9728,9728,7488,3768,2808,19913341,12115840,7482384,2836775
300029,capacity,2,1,0,1.9413986978492259,371.71232422469933,0.39000000000000001,19,0,9728,9728,9024,4792,3064,20325882,13249259,7333939,3431390
300029,capacity,2,1,1,1.9413986978492259,371.71232422469933,0.39000000000000001,19,1,9728,9728,9024,4440,2896,19843300,11963336,7713574,3277088
300029,capacity,5,0,0,1.591604088690812,291.96306261628735,0.22999999999999998,9,0,4608,4608,2624,2200,2048,10129287,5602236,3326450,2134759
300029,capacity,5,0,1,2.3535549572116756,599.82567075000543,0.22999999999999998,9,1,4608,4608,2880,1760,1624,9617785,6083503,3485661,1608078
300029,capacity,5,0.34999999999999998,0,2.331686064331751,566.2846073914443,0.31,9,0,4608,4608,3840,2672,2360,9050182,5623047,3379268,2391778
300029,capacity,5,0.34999999999999998,1,2.3717429437801423,596.52072514823863,0.26000000000000001,9,1,4608,4608,3840,1816,1504,8934184,5615976,3546615,1615979
300029,capacity,5,1,0,2.3174681197559046,565.85726027803923,0.26000000000000001,9,0,4608,4608,4288,2272,1424,9048029,5576206,3382998,1481698
300029,capacity,5,1,1,2.3174681197559046,565.85726027803923,0.26000000000000001,9,1,4608,4608,4288,1856,1312,9219419,5745511,3589076,1327876
300029,demand,0,0,0,1.3776794515830864,84.336998287694556,1.1000000000000001,59,0,0,30208,19456,13880,10896,0,38282138,23849592,12075512
300029,demand,0,0,1,1.3776794515830864,84.336998287694556,1.1000000000000001,59,2,0,30208,19456,12752,9336,0,37355639,23247654,9903042
300029,demand,0,0.34999999999999998,0,1.6633455925495311,126.90858090765195,1.2400000000000002,59,0,0,30208,25472,15496,11104,0,39170035,24491867,11311036
300029,demand,0,0.34999999999999998,1,1.6633455925495311,126.90858090765195,1.2400000000000002,59,2,0,30208,25472,14584,9824,0,40417683,24269881,10814245
300029,demand,0,1,0,2.3190037143165481,117.17439480304461,1.8400000000000005,59,0,0,30208,27712,14952,9248,0,42120446,24883064,11624937
300029,demand,0,1,1,2.2158522917063741,130.0572623206489,1.6900000000000004,59,3,0,30208,27776,14464,8800,0,40316408,23666082,9564912
300029,demand,2,0,0,2.7548317936707125,489.35610726908419,1.0900000000000003,19,0,9728,9728,7872,5504,5000,19745714,12776595,7393922,5563749
300029,demand,2,0,1,8.8891902128678524,4663.2122286442691,0.16,19,13,9728,9728,8576,2056,1784,19803754,12519935,7271165,1829386
300029,demand,2,0.34999999999999998,0,2.6704749618841421,482.27478253329554,1.0700000000000001,19,0,9728,9728,7872,5048,4264,19336017,12205630,7484839,4363388
300029,demand,2,0.34999999999999998,1,8.8891902128678524,4663.2122286442691,0.16,19,13,9728,9728,9344,2240,1824,19425941,12233198,7219660,1875063
300029,demand,2,1,0,3.087656263823551,438.67817206057475,1.3500000000000001,19,0,9728,9728,9472,4400,3328,20536254,14741231,7400379,3749131
300029,demand,2,1,1,5.7960173352460682,2049.4917637508047,0.90000000000000013,19,6,9728,9728,9280,3008,2424,21647939,12351413,7362823,2404117
300029,demand,5,0,0,6.5253291833228992,1650.7876399741945,0.25,9,0,4608,4608,3840,3256,3032,9310872,5701696,3413253,2926767
300029,demand,5,0,1,8.8058956747755044,4775.0990648253401,0,9,6,4608,4608,3840,904,744,9083909,6014566,3437838,747710
300029,demand,5,0.34999999999999998,0,6.5228667919846126,1617.7822974074152,0.27999999999999997,9,0,4608,4608,4352,3256,2912,9282427,5576135,3408747,2761971
300029,demand,5,0.34999999999999998,1,8.748697014003616,4657.0990648253419,0.029999999999999999,9,6,4608,4608,4352,1096,832,9104738,5920957,3609255,826778
300029,demand,5,1,0,7.5944521475561739,2268.692037928482,0.22999999999999998,9,0,4608,4608,4544,1992,1408,9206865,5915767,3430527,1429299
300029,demand,5,1,1,8.748697014003616,4657.0990648253419,0.029999999999999999,9,6,4608,4608,4544,1280,848,8974127,5727174,3375295,896643
300029,combined,0,0,0,1.0292154478946045,2.1117820360126416,0.98000000000000043,59,0,0,30208,13888,10264,8240,0,42868031,24174587,9586428
300029,combined,0,0,1,1.0292154478946045,2.1117820360126416,0.98000000000000043,59,0,0,30208,13888,10160,7872,0,51048377,35112006,12327097
300029,combined,0,0.34999999999999998,0,1.1792154478946046,2.1117820360126416,1.1300000000000006,59,0,0,30208,23040,13512,9088,0,51127513,32654935,11098223
300029,combined,0,0.34999999999999998,1,1.1792154478946046,2.1117820360126416,1.1300000000000006,59,0,0,30208,23040,13424,8760,0,42582541,28378746,9556392
300029,combined,0,1,0,1.424910191391672,2.4062425700245882,1.3800000000000006,59,0,0,30208,27840,15368,8592,0,40315421,24171926,9729944
300029,combined,0,1,1,1.424910191391672,2.4062425700245882,1.3800000000000006,59,0,0,30208,27840,15352,8536,0,37599462,22596578,8849644
300029,combined,2,0,0,0.79884455685949152,14.998585732240887,0.60999999999999999,19,0,9728,9728,6656,4552,3776,19082978,11574674,7852332,3776783
300029,combined,2,0,1,1.1197588365850875,14.998585732240887,0.60999999999999999,19,1,9728,9728,6848,4272,3512,19406072,11609745,7446448,3418830
300029,combined,2,0.34999999999999998,0,0.8189925134763496,18.29911206376439,0.62,19,0,9728,9728,8832,5208,3608,19123322,12178785,7227800,3524200
300029,combined,2,0.34999999999999998,1,1.1359783760741533,18.207716639152302,0.62000000000000011,19,1,9728,9728,8832,4944,3424,21531879,12344842,8308421,3824545
300029,combined,2,1,0,0.96623824012149961,93.947544474301509,0.58999999999999997,19,0,9728,9728,9536,5136,2824,20227443,13007315,8159898,3025195
300029,combined,2,1,1,1.2834609476656391,93.692688543612149,0.59000000000000008,19,1,9728,9728,9536,4936,2768,20859507,12267002,7356391,2878123
300029,combined,5,0,0,2.0150151895927548,83.812909130693001,0.40000000000000002,9,0,4608,4608,3648,2848,2576,9583706,5752892,3815551,2778054
300029,combined,5,0,1,2.0150151895927548,83.812909130693001,0.40000000000000002,9,0,4608,4608,3648,2496,2056,10187847,5860318,3481455,2140010
300029,combined,5,0.34999999999999998,0,2.032570843550757,84.423684984978792,0.42999999999999994,9,0,4608,4608,4224,3008,2464,8987469,5723580,3441615,2432209
300029,combined,5,0.34999999999999998,1,2.032570843550757,84.423684984978792,0.42999999999999994,9,0,4608,4608,4224,2720,2104,10194546,5699984,3491801,2204877
300029,combined,5,1,0,1.9368582935603729,227.78757491783705,0.37999999999999995,9,0,4608,4608,4480,2368,1464,10005092,6324555,3775649,1551031
300029,combined,5,1,1,1.9368582935603729,227.78757491783705,0.37999999999999995,9,0,4608,4608,4480,2368,1464,9938198,5691169,3398839,1638745
300030,normal,0,0,0,0.20000000000000001,0,0.20000000000000001,59,0,0,30208,5952,5008,4560,0,39093392,24774422,5226745
300030,normal,0,0,1,0.20000000000000001,0,0.20000000000000001,59,0,0,30208,5952,5008,4560,0,39443799,24329722,5288393
300030,normal,0,0.34999999999999998,0,0.23000000000000001,0,0.23000000000000001,59,0,0,30208,11584,6952,5152,0,39231510,23947617,5884881
300030,normal,0,0.34999999999999998,1,0.23000000000000001,0,0.23000000000000001,59,0,0,30208,11584,6952,5152,0,37977771,23639027,5554705
300030,normal,0,1,0,0.41000000000000003,0,0.41000000000000003,59,0,0,30208,15680,9400,5992,0,41461870,23155759,6119996
300030,normal,0,1,1,0.41000000000000003,0,0.41000000000000003,59,0,0,30208,15680,9400,5992,0,41550367,24825108,6679057
300030,normal,2,0,0,0.13,2.0197016490053556,0.13,19,0,9728,9728,2624,1840,1688,23320315,13865490,9775657,2238342
300030,normal,2,0,1,0.13,2.0197016490053556,0.13,19,0,9728,9728,2624,1840,1688,22253522,12816043,8451825,1936174
300030,normal,2,0.34999999999999998,0,0.22000000000000003,0,0.22000000000000003,19,0,9728,9728,4160,2336,1936,21520271,13423390,8593480,3124215
300030,normal,2,0.34999999999999998,1,0.22000000000000003,0,0.22000000000000003,19,0,9728,9728,4160,2336,1936,20464351,12580830,8424695,2514034
300030,normal,2,1,0,0.22,0,0.22,19,0,9728,9728,5888,3096,2192,19090506,12110921,7169118,2192836
300030,normal,2,1,1,0.22,0,0.22,19,0,9728,9728,5888,3096,2192,19361380,11882776,7220856,2159036
300030,normal,5,0,0,0.10000000000000001,2.0197016490053556,0.10000000000000001,9,0,4608,4608,1216,1064,992,8791901,5617427,3446151,1025069
300030,normal,5,0,1,0.10000000000000001,2.0197016490053556,0.10000000000000001,9,0,4608,4608,1216,1064,992,9115130,5623829,3342403,1034311
300030,normal,5,0.34999999999999998,0,0.13,0,0.13,9,0,4608,4608,2240,1296,1048,9232715,5508574,3314261,1047670
300030,normal,5,0.34999999999999998,1,0.13,0,0.13,9,0,4608,4608,2240,1296,1048,9818218,5839516,3367122,1071435
300030,normal,5,1,0,0.16,0,0.16,9,0,4608,4608,2880,1528,1088,8882026,5488364,3408945,1087321
300030,normal,5,1,1,0.16,0,0.16,9,0,4608,4608,2880,1528,1088,8752069,5546201,3370257,1086189
300030,supply,0,0,0,0.8354137638582444,0,0.83000000000000029,59,0,0,30208,12224,8328,6848,0,36498155,22386420,7060273
300030,supply,0,0,1,0.8354137638582444,0,0.83000000000000029,59,0,0,30208,12224,8328,6848,0,37229504,24744157,7658631
300030,supply,0,0.34999999999999998,0,1.0179568506510417,0,1.0000000000000004,59,0,0,30208,21056,11920,7904,0,37144827,22272860,8867553
300030,supply,0,0.34999999999999998,1,1.0179568506510417,0,1.0000000000000004,59,0,0,30208,21056,11920,7904,0,37031960,23283727,8109217
300030,supply,0,1,0,0.78000000000000014,0,0.78000000000000014,59,0,0,30208,12032,7400,5496,0,39352337,22907574,5755142
300030,supply,0,1,1,0.78000000000000014,0,0.78000000000000014,59,0,0,30208,12032,7400,5496,0,36814702,22167889,5944552
300030,supply,2,0,0,0.44047013822296233,0,0.32000000000000006,19,0,9728,9728,4928,3288,2808,19469700,11964406,7559598,3117795
300030,supply,2,0,1,0.44047013822296233,0,0.32000000000000006,19,0,9728,9728,4928,3288,2808,19438926,12604913,7379158,2925570
300030,supply,2,0.34999999999999998,0,0.33588875055246992,0,0.32999999999999996,19,0,9728,9728,3840,2512,2256,19336089,12031973,7215013,2317979
300030,supply,2,0.34999999999999998,1,0.33588875055246992,0,0.32999999999999996,19,0,9728,9728,3840,2512,2256,19282625,12098539,7019165,2324059
300030,supply,2,1,0,0.42588875055246989,0,0.42000000000000004,19,0,9728,9728,4992,2752,2256,19881197,12139393,7681803,2392514
300030,supply,2,1,1,0.42588875055246989,0,0.42000000000000004,19,0,9728,9728,4992,2752,2256,19147601,11766069,6968679,2167541
300030,supply,5,0,0,0.34088857157283403,0,0.13,9,0,4608,4608,2240,1552,1264,9010750,5488674,3471409,1374234
300030,supply,5,0,1,0.34088857157283403,0,0.13,9,0,4608,4608,2240,1552,1264,8970618,5458391,3361873,1263486
300030,supply,5,0.34999999999999998,0,0.41671954790771537,0,0.17999999999999999,9,0,4608,4608,2496,1440,1248,8875666,5399740,3331708,1244570
300030,supply,5,0.34999999999999998,1,0.41671954790771537,0,0.17999999999999999,9,0,4608,4608,2496,1440,1248,9148459,5343504,3316495,1218848
300030,supply,5,1,0,0.47135335732457062,0,0.32999999999999996,9,0,4608,4608,2560,1536,1184,9206164,5834177,3417169,1183935
300030,supply,5,1,1,0.47135335732457062,0,0.32999999999999996,9,0,4608,4608,2560,1536,1184,9651476,6303734,3872486,1199156
300030,capacity,0,0,0,1.9187126016624791,214.59212106627089,0.77000000000000024,59,0,0,30208,13440,9544,8160,0,37651463,23666251,8536535
300030,capacity,0,0,1,1.8752182622957656,314.88585361945206,0.39000000000000001,59,4,0,30208,12416,7360,6296,0,37563537,22411533,6777151
300030,capacity,0,0.34999999999999998,0,2.2569221952441954,241.71198529105504,1.0100000000000005,59,0,0,30208,24576,14088,10224,0,37491062,22480172,10322758
300030,capacity,0,0.34999999999999998,1,2.4430425783778222,301.84448230951335,0.95000000000000051,59,4,0,30208,24384,12448,8512,0,38114994,23984226,9396974
300030,capacity,0,1,0,2.630354811925256,269.48595537718285,1.2500000000000007,59,0,0,30208,27584,14192,8648,0,39171304,23728624,9021157
300030,capacity,0,1,1,3.2482026364025942,313.632101066811,1.5700000000000007,59,4,0,30208,27648,12944,8672,0,38202175,22596643,9115418
300030,capacity,2,0,0,2.7869867364504324,757.55833702703455,0.33000000000000002,19,0,9728,9728,6592,4456,3792,22680390,12740199,9525309,5018864
300030,capacity,2,0,1,3.5493552468925316,1147.8785848767764,0.28000000000000003,19,3,9728,9728,6912,3584,2944,20606671,12638813,7633201,3241526
300030,capacity,2,0.34999999999999998,0,2.7952931906859448,730.13814692815367,0.39000000000000001,19,0,9728,9728,8768,4624,3752,20688576,12367234,8341411,4078115
300030,capacity,2,0.34999999999999998,1,3.5457693323311914,1103.7710522971533,0.33999999999999997,19,3,9728,9728,8896,3896,2888,18982988,11823211,7236802,2951570
300030,capacity,2,1,0,2.9308602653096187,776.68142254951408,0.46000000000000008,19,0,9728,9728,9536,4296,2992,19819651,11986544,7234191,3118147
300030,capacity,2,1,1,3.7098267239911982,1123.7240497398595,0.5,19,3,9728,9728,9600,4144,2976,19258835,12175951,7248109,3077785
300030,capacity,5,0,0,3.630552002840258,1156.0145581236832,0.18000000000000002,9,0,4608,4608,3200,2160,1976,9361931,5626996,3649398,2021286
300030,capacity,5,0,1,3.630552002840258,1156.0145581236832,0.18000000000000002,9,1,4608,4608,3200,1480,1288,9487019,5596318,3454405,1288877
300030,capacity,5,0.34999999999999998,0,3.630552002840258,1156.0145581236832,0.18000000000000002,9,0,4608,4608,4096,2304,1840,9660320,5754125,3448263,1891486
300030,capacity,5,0.34999999999999998,1,3.630552002840258,1156.0145581236832,0.18000000000000002,9,1,4608,4608,4096,1720,1256,12298997,6427802,4107840,1500466
300030,capacity,5,1,0,3.594458062338771,1111.5737216906402,0.20999999999999999,9,0,4608,4608,4480,2000,1472,10695556,6178376,4455346,1925104
300030,capacity,5,1,1,3.594458062338771,1111.5737216906402,0.20999999999999999,9,1,4608,4608,4480,1856,1360,10090207,5797111,4149533,1615921
300030,demand,0,0,0,1.2394729613708659,21.839636381414305,1.1500000000000004,59,0,0,30208,16704,11864,9760,0,38250336,23582175,10284714
300030,demand,0,0,1,1.3010777210335485,21.839636381414305,1.1500000000000004,59,2,0,30208,17600,11952,9704,0,42157875,28032209,12360558
300030,demand,0,0.34999999999999998,0,1.2525195305623318,20.564929915058009,1.1600000000000004,59,0,0,30208,20992,12680,9272,0,40789575,22998341,10042570
300030,demand,0,0.34999999999999998,1,1.5102084597373644,22.248768541600903,1.3699999999999999,59,2,0,30208,20224,12032,9360,0,42522170,25458447,10903532
300030,demand,0,1,0,1.8132717616661755,15.322504976359088,1.7000000000000002,59,0,0,30208,26496,15032,8728,0,39937309,26999826,9526287
300030,demand,0,1,1,1.5508579385767101,15.322504976359088,1.48,59,1,0,30208,23168,12808,8088,0,44253957,27542848,9157503
300030,demand,2,0,0,1.6650136108591538,85.7451789944582,0.89000000000000024,19,0,9728,9728,7232,5424,4848,24249431,14757572,11351735,4966085
300030,demand,2,0,1,1.4404173557117919,104.86257372430126,0.84000000000000019,19,1,9728,9728,6656,4096,3416,25662992,13467736,9838920,4648266
300030,demand,2,0.34999999999999998,0,1.5228967256635089,105.92478229178833,1.1200000000000001,19,0,9728,9728,7936,5064,4032,23729996,13362196,9869787,5700386
300030,demand,2,0.34999999999999998,1,1.6863206722478388,104.86257372430126,1.0900000000000001,19,1,9728,9728,8000,4360,3256,38416552,12021638,7550706,3322241
300030,demand,2,1,0,1.5908465884861869,90.979177821119151,1.0300000000000002,19,0,9728,9728,8640,4232,3024,19818283,11741827,7830261,3435481
300030,demand,2,1,1,1.8924987561066566,90.979177821119151,1,19,1,9728,9728,8832,3808,2760,20069255,13361008,7752802,3034930
300030,demand,5,0,0,2.7922423369129352,359.04283754796774,0.57999999999999996,9,0,4608,4608,3904,2720,2544,9333917,5672500,3534686,2444902
300030,demand,5,0,1,2.7922423369129352,359.04283754796774,0.57999999999999996,9,0,4608,4608,3904,2080,1848,9319013,6251927,3429346,1844574
300030,demand,5,0.34999999999999998,0,2.7922423369129352,359.04283754796774,0.57999999999999996,9,0,4608,4608,4480,2544,2264,9309281,5553051,3354299,2320061
300030,demand,5,0.34999999999999998,1,2.7922423369129352,359.04283754796774,0.57999999999999996,9,0,4608,4608,4480,2064,1768,9141761,5700204,3365488,1759544
300030,demand,5,1,0,3.8784740467714056,328.21345672199863,0.60999999999999999,9,0,4608,4608,4608,1992,1648,9303474,5758702,3382186,1869592
300030,demand,5,1,1,3.8784740467714056,328.21345672199863,0.60999999999999999,9,0,4608,4608,4608,1784,1432,9564830,5942089,3441555,1533994
300030,combined,0,0,0,1.3493470395080001,41.097088926240211,1.2200000000000002,59,0,0,30208,13248,10064,8840,0,43023754,27072830,9075037
300030,combined,0,0,1,11.49387021056034,496.46343834093619,0.37,59,37,0,30208,24064,5616,4896,0,40333785,24463429,5459196
300030,combined,0,0.34999999999999998,0,1.6272230924544968,3.6390024633737852,1.5600000000000003,59,0,0,30208,18496,11848,9440,0,43203588,25379244,11482502
300030,combined,0,0.34999999999999998,1,1.7092819993778741,4.8243946494466741,1.3800000000000001,59,3,0,30208,21696,11512,8376,0,38432657,22641852,8697321
300030,combined,0,1,0,1.8864159032415331,0,1.7900000000000003,59,0,0,30208,25984,14264,8616,0,39390345,23165607,9008124
300030,combined,0,1,1,1.8859510776415669,5.6176530252386137,1.5800000000000003,59,3,0,30208,22400,12216,7848,0,37704852,23018448,8099213
300030,combined,2,0,0,2.6491478921301743,177.23867940962572,1.0800000000000001,19,0,9728,9728,7680,5528,4736,19962130,11839033,7389742,5069526
300030,combined,2,0,1,9.1931642220714345,4873.2846659510478,0.18000000000000002,19,13,9728,9728,8960,2416,2056,22097850,13759701,10337954,2610811
300030,combined,2,0.34999999999999998,0,2.3959819372133748,86.787409413492213,1.1100000000000001,19,0,9728,9728,7936,4912,4048,22077624,13171891,9113184,5215226
300030,combined,2,0.34999999999999998,1,9.3253381375477957,3171.0307259603237,0.059999999999999998,19,13,9728,9728,9088,2168,1736,22518467,13585900,9782086,2291239
300030,combined,2,1,0,2.8841531184204503,41.800769050669665,1.1799999999999999,19,0,9728,9728,7616,3280,2576,23515885,13411169,10005974,3723192
300030,combined,2,1,1,15.258480845467366,2262.0263257621341,0.13,19,12,9728,9728,8448,2088,1728,23167457,13381605,9706238,2434001
300030,combined,5,0,0,6.1812673318326885,1494.1973907465772,0.65000000000000002,9,0,4608,4608,4352,3544,3480,9559590,5793184,3517529,3650179
300030,combined,5,0,1,10.045805299766991,6619.5909554882874,0.15000000000000002,9,6,4608,4608,4352,1272,1216,9430517,5784230,4309865,1173129
300030,combined,5,0.34999999999999998,0,5.1069383201062077,740.40842827126858,0.76000000000000001,9,0,4608,4608,4288,3072,2752,9716856,7282281,3354683,2797371
300030,combined,5,0.34999999999999998,1,9.3253381375477957,3171.0307259603237,0.059999999999999998,9,6,4608,4608,4288,1152,888,9491911,5471618,4406162,977887
300030,combined,5,1,0,5.1086232701258787,1237.1558401347716,0.63,9,0,4608,4608,4544,1904,1416,10098061,5752513,3508033,1397136
300030,combined,5,1,1,9.1006321676851378,3059.2812182212419,0.029999999999999999,9,6,4608,4608,4544,1232,904,10077932,5960557,3365359,1157929
300031,normal,0,0,0,0.3652129522162369,0,0.35999999999999999,59,0,0,30208,11136,7568,5864,0,40277419,23431886,6503714
300031,normal,0,0,1,0.3652129522162369,0,0.35999999999999999,59,0,0,30208,11136,7568,5864,0,41872288,28107876,7846366
300031,normal,0,0.34999999999999998,0,0.38000000000000012,0,0.38000000000000012,59,0,0,30208,15616,9112,6056,0,39102890,23441201,6351048
300031,normal,0,0.34999999999999998,1,0.38000000000000012,0,0.38000000000000012,59,0,0,30208,15616,9112,6056,0,39276713,23550404,6213136
300031,normal,0,1,0,0.62000000000000033,0,0.62000000000000033,59,0,0,30208,19520,11136,6920,0,38960172,23064476,7593408
300031,normal,0,1,1,0.62000000000000033,0,0.62000000000000033,59,0,0,30208,19520,11136,6920,0,39655382,25050433,7447695
300031,normal,2,0,0,0.13,0,0.13,19,0,9728,9728,2624,1984,1720,22138414,13510980,11227835,2273992
300031,normal,2,0,1,0.13,0,0.13,19,0,9728,9728,2624,1984,1720,23143440,13263099,9965936,2529028
300031,normal,2,0.34999999999999998,0,0.39000000000000001,0,0.39000000000000001,19,0,9728,9728,7744,4016,2704,40309138,21125939,41319917,3269553
300031,normal,2,0.34999999999999998,1,0.39000000000000001,0,0.39000000000000001,19,0,9728,9728,7744,4016,2704,45136257,25874082,42961615,3018011
300031,normal,2,1,0,0.41000000000000014,0,0.41000000000000014,19,0,9728,9728,8768,4256,2664,46018513,75719671,12927244,3338480
300031,normal,2,1,1,0.41000000000000014,0,0.41000000000000014,19,0,9728,9728,8768,4256,2664,70995899,25627243,9287019,8162379
300031,normal,5,0,0,0.10000000000000001,4.0526797751895458,0.10000000000000001,9,0,4608,4608,1472,1064,984,31084523,6150234,36528404,1323328
300031,normal,5,0,1,0.10000000000000001,4.0526797751895458,0.10000000000000001,9,0,4608,4608,1472,1064,984,18982260,10249299,44498569,1336680
300031,normal,5,0.34999999999999998,0,0.3532993662873502,60.829272529526207,0.26000000000000001,9,0,4608,4608,3968,1992,1608,18346499,14350148,11645286,23977649
300031,normal,5,0.34999999999999998,1,0.3532993662873502,60.829272529526207,0.26000000000000001,9,0,4608,4608,3968,1992,1608,30428022,10101980,4185677,1653484
300031,normal,5,1,0,0.3731679652791039,77.728862132755324,0.22999999999999998,9,0,4608,4608,4480,2232,1680,17376787,11234037,27518186,1871526
300031,normal,5,1,1,0.3731679652791039,77.728862132755324,0.22999999999999998,9,0,4608,4608,4480,2232,1680,43836092,10021196,11816425,1667417
300031,supply,0,0,0,0.93569405860512345,0,0.91000000000000014,59,0,0,30208,9280,7408,6392,0,84399487,93781485,11915770
300031,supply,0,0,1,0.93569405860512345,0,0.91000000000000014,59,0,0,30208,9280,7408,6392,0,51303027,27148610,8340670
300031,supply,0,0.34999999999999998,0,0.89877687013577345,0,0.89000000000000012,59,0,0,30208,12672,7944,6176,0,37592781,35307250,6875461
300031,supply,0,0.34999999999999998,1,0.89877687013577345,0,0.89000000000000012,59,0,0,30208,12672,7944,6176,0,36407540,22194826,6581438
300031,supply,0,1,0,0.89877687013577323,0,0.89000000000000024,59,0,0,30208,16960,9480,6328,0,36309194,22054735,6440454
300031,supply,0,1,1,0.89877687013577323,0,0.89000000000000024,59,0,0,30208,16960,9480,6328,0,40046393,28283869,8204012
300031,supply,2,0,0,0.58867878740337831,0.84977912661611654,0.51000000000000001,19,0,9728,9728,4672,3496,2992,23413676,13194396,9118402,4580209
300031,supply,2,0,1,0.58867878740337831,0.84977912661611654,0.51000000000000001,19,0,9728,9728,4672,3496,2992,27750434,13378162,9340679,4203498
300031,supply,2,0.34999999999999998,0,0.6274132531474983,0,0.53000000000000003,19,0,9728,9728,5248,3320,2664,22738072,13184460,9420598,3730842
300031,supply,2,0.34999999999999998,1,0.6274132531474983,0,0.53000000000000003,19,0,9728,9728,5248,3320,2664,19956506,12315148,8472608,3074436
300031,supply,2,1,0,0.79193321559781471,0,0.70999999999999996,19,0,9728,9728,6720,3640,2520,19756157,12221570,7413089,2584501
300031,supply,2,1,1,0.79193321559781471,0,0.70999999999999996,19,0,9728,9728,6720,3640,2520,18991639,11962756,7189511,2628798
300031,supply,5,0,0,1.3402228264652853,6.4120555043995608,0.34999999999999998,9,0,4608,4608,2560,1928,1760,9302609,5639941,5640832,1747138
300031,supply,5,0,1,1.3402228264652853,6.4120555043995608,0.34999999999999998,9,0,4608,4608,2560,1928,1760,10088938,6220458,3403347,1748412
300031,supply,5,0.34999999999999998,0,1.3176034062526496,6.4120555043995608,0.5,9,0,4608,4608,3136,1888,1480,9440527,5984612,3921458,1534208
300031,supply,5,0.34999999999999998,1,1.3176034062526496,6.4120555043995608,0.5,9,0,4608,4608,3136,1888,1480,9101496,5673772,3410839,1509451
300031,supply,5,1,0,1.271187976602574,0,0.56000000000000005,9,0,4608,4608,3520,1712,1240,8953165,6030883,3407624,1243024
300031,supply,5,1,1,1.271187976602574,0,0.56000000000000005,9,0,4608,4608,3520,1712,1240,8977136,5594415,3372272,1232189
300031,capacity,0,0,0,3.3078166130419637,612.68867779978132,1.04,59,0,0,30208,18112,12936,11432,0,37810567,23038408,12444384
300031,capacity,0,0,1,6.2419206930547961,2379.0401588077534,0.74000000000000021,59,20,0,30208,24000,10560,8224,0,41045993,23283750,9270972
300031,capacity,0,0.34999999999999998,0,3.4279415355372764,630.03303117392954,1.1500000000000006,59,0,0,30208,26432,16528,11808,0,49091355,28342116,13972630
300031,capacity,0,0.34999999999999998,1,6.2453696844833617,2342.6805156534738,0.72000000000000008,59,20,0,30208,27264,11456,8040,0,40813775,25806651,9618410
300031,capacity,0,1,0,3.2036302797033431,497.76193966960477,1.2100000000000004,59,0,0,30208,28864,16344,8848,0,41910456,26838250,9482158
300031,capacity,0,1,1,3.4608972276454306,700.61168459165322,0.97000000000000042,59,6,0,30208,28224,13760,8080,0,45089385,25001810,8622432
300031,capacity,2,0,0,3.4902279877814815,982.63196390072028,0.49999999999999994,19,0,9728,9728,7424,5344,4592,21389901,12644757,8073194,6285737
300031,capacity,2,0,1,8.5725567693075213,4415.488766083251,0.18000000000000002,19,10,9728,9728,8448,2496,2096,26052652,13078946,8172885,2632386
300031,capacity,2,0.34999999999999998,0,3.5509114993528472,980.30023975678125,0.49999999999999994,19,0,9728,9728,9024,5432,4464,21810674,13237219,7592389,6200043
300031,capacity,2,0.34999999999999998,1,8.540329199365539,4406.8466098057334,0.15000000000000002,19,10,9728,9728,9344,2672,2056,22646382,12861010,7962717,2673956
300031,capacity,2,1,0,4.1029633226143485,999.02530739561848,0.65000000000000024,19,0,9728,9728,9536,4064,2784,21324744,16242479,7733756,2981601
300031,capacity,2,1,1,8.6337383925177988,4425.5414748953172,0.17999999999999999,19,10,9728,9728,9664,2656,1888,22281802,14074162,9668882,2169664
300031,capacity,5,0,0,3.7275319385789745,1096.5136144671369,0.34999999999999998,9,0,4608,4608,3904,2728,2520,11340917,7199386,3747038,3237505
300031,capacity,5,0,1,10.500027135034026,5299.6777151269516,0,9,7,4608,4608,4224,792,648,11940643,7145938,3921960,714208
300031,capacity,5,0.34999999999999998,0,3.7275319385789745,1096.5136144671369,0.34999999999999998,9,0,4608,4608,4480,2632,2424,11440387,7963982,4308484,3262734
300031,capacity,5,0.34999999999999998,1,10.500027135034026,5299.6777151269516,0,9,7,4608,4608,4480,800,672,12468219,12948226,3698812,1025148
300031,capacity,5,1,0,4.048467538071022,1210.9547047302792,0.28000000000000003,9,0,4608,4608,4608,1984,1584,9593733,5775137,3649238,1614869
300031,capacity,5,1,1,10.500027135034026,5299.6777151269516,0,9,7,4608,4608,4608,832,688,9566563,6327932,3891113,718743
300031,demand,0,0,0,1.2307772495399969,15.112731080720032,1.1400000000000006,59,0,0,30208,17024,12368,9624,0,39602016,25112943,10966955
300031,demand,0,0,1,1.2307772495399969,15.112731080720032,1.1400000000000006,59,0,0,30208,17024,12136,9272,0,37763420,22270974,9725431
300031,demand,0,0.34999999999999998,0,1.2305156517852414,6.5064712698171405,1.1300000000000001,59,0,0,30208,21184,12888,9472,0,38252685,22784562,9694388
300031,demand,0,0.34999999999999998,1,1.2305156517852414,6.5064712698171405,1.1300000000000001,59,0,0,30208,21184,12680,9168,0,37795671,24772088,9679090
300031,demand,0,1,0,1.7649431294421818,36.472231191134135,1.6100000000000005,59,0,0,30208,26368,14472,8800,0,36830171,22292276,8968195
300031,demand,0,1,1,1.7649431294421818,36.472231191134135,1.6100000000000005,59,0,0,30208,26368,14376,8744,0,36363565,22666829,9140168
300031,demand,2,0,0,1.450525792155712,212.47210297233261,0.7300000000000002,19,0,9728,9728,6144,4392,3864,19123605,11456934,7179736,3951074
300031,demand,2,0,1,6.2803779218333764,2681.6029378010571,0.37999999999999995,19,8,9728,9728,7744,3016,2608,18822034,11739368,7050689,2662991
300031,demand,2,0.34999999999999998,0,1.4470832134092533,204.50669602186443,0.74000000000000021,19,0,9728,9728,8064,4808,3776,18685023,11566880,7030763,3674450
300031,demand,2,0.34999999999999998,1,6.5276117805825047,2744.7680422454728,0.56000000000000005,19,8,9728,9728,8512,3336,2760,19757123,11770387,7846022,2738831
300031,demand,2,1,0,2.6311983595126076,804.91287996844926,0.70000000000000018,19,0,9728,9728,9408,4608,3008,18947489,12036056,7231303,3083403
300031,demand,2,1,1,6.398953640474212,2694.5323363767934,0.53000000000000003,19,8,9728,9728,9472,3200,2144,19369079,11814531,7156092,2245298
300031,demand,5,0,0,3.916284254756055,1476.6340447099317,0.32999999999999996,9,0,4608,4608,3584,2488,2288,9346649,6908195,4406470,2384051
300031,demand,5,0,1,8.4744582819048322,4258.6965215916671,0.080000000000000002,9,6,4608,4608,3776,920,824,9011266,5613783,3405219,934461
300031,demand,5,0.34999999999999998,0,3.8669251679021608,1434.8720734246876,0.42999999999999994,9,0,4608,4608,4032,2384,2208,9105634,5586652,3465879,2279893
300031,demand,5,0.34999999999999998,1,8.4744582819048322,4258.6965215916671,0.080000000000000002,9,6,4608,4608,4160,1000,864,9091984,5546782,3333040,858305
300031,demand,5,1,0,3.8669251679021608,1434.8720734246876,0.42999999999999994,9,0,4608,4608,4352,1808,1400,8824422,5440191,3356876,1388946
300031,demand,5,1,1,8.4744582819048322,4258.6965215916671,0.080000000000000002,9,6,4608,4608,4416,1048,832,9343576,5869910,3542856,839253
300031,combined,0,0,0,1.3847039014745854,20.560369597674121,1.2800000000000005,59,0,0,30208,15552,11624,9368,0,37648792,23436067,9797198
300031,combined,0,0,1,13.122517362610107,805.27736473971925,0.050000000000000003,59,40,0,30208,24640,5296,4312,0,45373961,25247670,5174629
300031,combined,0,0.34999999999999998,0,1.6147569670894166,9.9987367931483249,1.5400000000000005,59,0,0,30208,18560,12192,9440,0,40342391,25580622,10131860
300031,combined,0,0.34999999999999998,1,12.91324900797963,713.40356168749452,0.22000000000000003,59,40,0,30208,26368,6168,4648,0,43006364,26865518,5036314
300031,combined,0,1,0,2.1202502649069714,15.273818922647575,1.9800000000000002,59,0,0,30208,24768,14200,8784,0,43322427,24850786,9851542
300031,combined,0,1,1,12.736690974072108,635.76277866312489,0.28000000000000003,59,40,0,30208,27712,7296,4920,0,45169613,27207590,6046810
300031,combined,2,0,0,3.4778364343714374,221.48996527121597,0.93000000000000016,19,0,9728,9728,6464,4816,4408,21629687,12735381,8585561,5209975
300031,combined,2,0,1,10.77873652060506,3412.5614998417391,0,19,13,9728,9728,7488,1456,1352,22706124,15313916,7928389,1742431
300031,combined,2,0.34999999999999998,0,3.7395605998975276,53.341956522283276,1.1800000000000002,19,0,9728,9728,7744,4992,4168,23257352,16072678,8574069,4663756
300031,combined,2,0.34999999999999998,1,13.260539151551834,2562.9288813486214,0.14000000000000001,19,13,9728,9728,8576,1792,1496,22173336,13536373,9166949,1670512
300031,combined,2,1,0,2.7317101966222506,468.69092974228607,1.0600000000000003,19,0,9728,9728,8640,3952,2648,22241487,12102172,8061590,2874142
300031,combined,2,1,1,13.260539151551841,2562.9288813486214,0.14000000000000001,19,13,9728,9728,8768,1928,1600,22096637,12547017,8152194,2171559
300031,combined,5,0,0,6.3846709639007209,1596.9335860427709,0.49999999999999994,9,0,4608,4608,3264,3000,2928,9441620,6107929,3727136,3066078
300031,combined,5,0,1,10.77873652060506,3412.5614998417391,0,9,6,4608,4608,3264,576,576,9241129,6649706,3884751,622970
300031,combined,5,0.34999999999999998,0,6.5112890661060936,1901.4382394033566,0.55000000000000004,9,0,4608,4608,4096,2912,2680,9755155,5724260,3531400,2796096
300031,combined,5,0.34999999999999998,1,10.77873652060506,3412.5614998417391,0,9,6,4608,4608,4096,840,680,10814941,8628086,3901438,702530
300031,combined,5,1,0,6.4289835368275652,1816.0891365376169,0.57999999999999996,9,0,4608,4608,4544,1952,1408,10405865,6287531,3892516,1666325
300031,combined,5,1,1,10.585139124899548,3289.6035554252107,0.029999999999999999,9,6,4608,4608,4544,1048,792,10311502,6043181,3394063,982466
300032,normal,0,0,0,0.33999999999999997,0,0.33999999999999997,59,0,0,30208,8576,6448,5368,0,40684334,25148960,5853660
300032,normal,0,0,1,0.33999999999999997,0,0.33999999999999997,59,0,0,30208,8576,6448,5368,0,39978796,23096932,5789768
300032,normal,0,0.34999999999999998,0,0.34000000000000008,0,0.34000000000000008,59,0,0,30208,13632,8040,5792,0,38482593,22975721,6490665
300032,normal,0,0.34999999999999998,1,0.34000000000000008,0,0.34000000000000008,59,0,0,30208,13632,8040,5792,0,41631513,25773561,6466743
300032,normal,0,1,0,0.59608017170389249,0,0.54000000000000015,59,0,0,30208,17600,9408,6776,0,44712789,24953592,7780266
300032,normal,0,1,1,0.59608017170389249,0,0.54000000000000015,59,0,0,30208,17600,9408,6776,0,40811284,23549361,8063455
300032,normal,2,0,0,0.36650094206761286,13.280294385243341,0.3600000000000001,19,0,9728,9728,4736,2832,2304,22516983,15189737,8826813,4186223
300032,normal,2,0,1,0.36650094206761286,13.280294385243341,0.3600000000000001,19,0,9728,9728,4736,2832,2304,20970489,12846301,7586410,2433359
300032,normal,2,0.34999999999999998,0,0.3600000000000001,0.38794478694912371,0.3600000000000001,19,0,9728,9728,5568,3104,2384,20466563,13335758,7345403,2804461
300032,normal,2,0.34999999999999998,1,0.3600000000000001,0.38794478694912371,0.3600000000000001,19,0,9728,9728,5568,3104,2384,20326913,12683524,7744998,2579764
300032,normal,2,1,0,0.39000000000000012,0.41619363650275076,0.39000000000000012,19,0,9728,9728,6400,3240,2424,20965190,12970824,7503013,2482350
300032,normal,2,1,1,0.39000000000000012,0.41619363650275076,0.39000000000000012,19,0,9728,9728,6400,3240,2424,22836228,14934182,8365808,2845498
300032,normal,5,0,0,0.080000000000000002,4.4239385863580196,0.080000000000000002,9,0,4608,4608,2112,1416,1016,10752631,6556557,3750232,1106391
300032,normal,5,0,1,0.080000000000000002,4.4239385863580196,0.080000000000000002,9,0,4608,4608,2112,1416,1016,10783968,6227660,4157754,1285190
300032,normal,5,0.34999999999999998,0,0.080000000000000002,20.225332929916245,0.080000000000000002,9,0,4608,4608,2688,1536,1072,10460008,5868976,4241933,1206921
300032,normal,5,0.34999999999999998,1,0.080000000000000002,20.225332929916245,0.080000000000000002,9,0,4608,4608,2688,1536,1072,10569182,5952774,5012406,1381915
300032,normal,5,1,0,0.11,20.225332929916245,0.11,9,0,4608,4608,3136,1768,1128,9417182,6150825,3760434,2443499
300032,normal,5,1,1,0.11,20.225332929916245,0.11,9,0,4608,4608,3136,1768,1128,9946061,5734814,3802419,1116447
300032,supply,0,0,0,1.4803614627480186,10.739720075121987,1.4600000000000002,59,0,0,30208,13824,10096,8808,0,41306353,25779726,9976940
300032,supply,0,0,1,12.813297372739799,2119.0821051038188,0.5,59,38,0,30208,24320,5832,5352,0,40510908,26123639,5717163
300032,supply,0,0.34999999999999998,0,2.1772435789129627,60.947803774635105,2.0299999999999998,59,0,0,30208,21888,13160,10496,0,39612589,23910269,11173143
300032,supply,0,0.34999999999999998,1,8.9461188074694178,1130.4852022953726,0.47999999999999998,59,38,0,30208,27712,6960,5480,0,42431165,25216740,6613499
300032,supply,0,1,0,1.9569643988943408,18.484655481809934,1.9300000000000002,59,0,0,30208,24320,13856,8504,0,40692108,25523471,9039506
300032,supply,0,1,1,11.433406566863788,1374.0072927766773,0.68000000000000005,59,38,0,30208,29376,7744,5408,0,41020056,24066578,6700684
300032,supply,2,0,0,4.5885168094875617,313.73100598246253,1.1800000000000002,19,0,9728,9728,7744,6136,5384,20672062,12730918,7681996,5596567
300032,supply,2,0,1,15.952924453841415,3562.624033630932,0,19,13,9728,9728,7936,1632,1432,21051303,13176250,7448693,1612634
300032,supply,2,0.34999999999999998,0,4.3892217321226088,217.47716605277876,1.1900000000000002,19,0,9728,9728,8960,5952,4848,19850045,13457772,7713423,5149603
300032,supply,2,0.34999999999999998,1,16.097639457239392,3702.0418943081777,0.029999999999999999,19,13,9728,9728,8960,1960,1520,20350251,12259215,7314247,3722665
300032,supply,2,1,0,4.3628655209855109,385.20446348902851,1.2000000000000002,19,0,9728,9728,9472,4448,2592,20010099,12276960,7275019,2642003
300032,supply,2,1,1,16.097639457239392,3702.0418943081777,0.029999999999999999,19,13,9728,9728,9472,2368,1688,20366040,12318596,7253709,1764685
300032,supply,5,0,0,9.8218566322325902,920.38648166142252,0.69999999999999996,9,0,4608,4608,3776,3320,3096,9145922,5952584,3434205,3320792
300032,supply,5,0,1,15.952924453841415,3562.624033630932,0,9,6,4608,4608,3776,832,680,9174820,5792912,3514133,675390
300032,supply,5,0.34999999999999998,0,9.8218566322325902,920.38648166142252,0.69999999999999996,9,0,4608,4608,4416,3400,2960,9011572,5540473,3679563,2891676
300032,supply,5,0.34999999999999998,1,15.952924453841415,3562.624033630932,0,9,6,4608,4608,4416,1072,736,10162079,7678430,4891893,745093
300032,supply,5,1,0,9.7288516395746729,1711.9450775696985,0.80000000000000004,9,0,4608,4608,4608,1824,1248,9483224,6642426,3373533,1324149
300032,supply,5,1,1,15.952924453841415,3562.624033630932,0,9,6,4608,4608,4608,1344,912,8826823,5621562,3451961,916385
300032,capacity,0,0,0,2.2413298850280587,363.08956508251561,0.7200000000000002,59,0,0,30208,13120,9808,8632,0,38881084,22774294,8905454
300032,capacity,0,0,1,2.9052886127917552,892.10889113845383,0.16,59,9,0,30208,12864,6336,5584,0,38117848,22857468,5791506
300032,capacity,0,0.34999999999999998,0,2.3075489987841658,358.62314414136586,0.81000000000000028,59,0,0,30208,21120,12528,9264,0,38846801,23696070,9806580
300032,capacity,0,0.34999999999999998,1,3.1650324824709153,892.10889113845383,0.35999999999999999,59,9,0,30208,24128,11160,7640,0,38328204,23186066,8349959
300032,capacity,0,1,0,2.9552172936675136,459.14175452709975,1.1400000000000003,59,0,0,30208,26816,14408,8432,0,38403556,23308451,8915420
300032,capacity,0,1,1,3.8491078854506116,868.69774415012557,0.99000000000000032,59,9,0,30208,27712,12224,7912,0,37175258,22851695,7927505
300032,capacity,2,0,0,2.2078838780510894,478.25594454622359,0.35999999999999999,19,0,9728,9728,4544,3464,3152,20668178,11780672,7344427,3112458
300032,capacity,2,0,1,2.9052886127917552,892.10889113845383,0.16,19,3,9728,9728,4864,2288,1976,19458259,11783925,7043241,2017297
300032,capacity,2,0.34999999999999998,0,2.3125988642989341,487.20226840308874,0.40999999999999998,19,0,9728,9728,8128,4968,3656,19252407,11496631,7740151,3590576
300032,capacity,2,0.34999999999999998,1,3.0767933869519721,906.25151646465076,0.26000000000000001,19,3,9728,9728,8640,3976,2704,20957609,12454939,7691389,2635069
300032,capacity,2,1,0,2.5318335799761904,521.58406640351438,0.52000000000000002,19,0,9728,9728,9408,4864,3120,20006089,13316636,7463846,4244028
300032,capacity,2,1,1,3.2606749325247417,862.05237788825229,0.40999999999999998,19,3,9728,9728,9472,4040,2464,19852352,12054422,7703039,2613656
300032,capacity,5,0,0,2.2822783692652022,522.57209748605794,0.31999999999999995,9,0,4608,4608,2880,2328,2104,9463223,5687683,3727095,2206052
300032,capacity,5,0,1,7.9809680160143719,3647.3089537809547,0,9,6,4608,4608,3520,840,616,9352306,5918884,5618209,660534
300032,capacity,5,0.34999999999999998,0,2.1808031647568895,481.31712082959803,0.30999999999999994,9,0,4608,4608,3776,2416,1992,9164859,5629477,3892417,1920378
300032,capacity,5,0.34999999999999998,1,7.9809680160143719,3647.3089537809547,0,9,6,4608,4608,4224,1176,760,9004222,5662305,3421305,809709
300032,capacity,5,1,0,2.587069824803149,521.82611114824635,0.39999999999999997,9,0,4608,4608,4480,2520,1736,9038403,5342795,3382905,1988752
300032,capacity,5,1,1,7.9809680160143719,3647.3089537809547,0,9,6,4608,4608,4544,1400,800,9116029,5591441,3455355,783794
300032,demand,0,0,0,0.67814171205646778,1.2387447763277883,0.59000000000000008,59,0,0,30208,13632,9872,8064,0,36917074,22647465,8485822
300032,demand,0,0,1,0.67814171205646778,1.2387447763277883,0.59000000000000008,59,1,0,30208,13632,9600,7304,0,38626015,22990338,7729463
300032,demand,0,0.34999999999999998,0,0.82796493697001394,7.5029964631834645,0.7400000000000001,59,0,0,30208,20864,12560,8960,0,37246559,22392445,9577541
300032,demand,0,0.34999999999999998,1,0.82796493697001394,7.5029964631834645,0.7400000000000001,59,1,0,30208,20864,12328,8312,0,37894175,23238806,9067511
300032,demand,0,1,0,1.3188917339728168,19.861866486853547,1.1400000000000003,59,0,0,30208,24384,13496,8024,0,37128980,22371842,7964165
300032,demand,0,1,1,1.3188917339728168,19.861866486853547,1.1400000000000003,59,0,0,30208,24384,13496,8024,0,36335322,22476555,8093950
300032,demand,2,0,0,0.47512534155685904,6.9718748108591981,0.39000000000000001,19,0,9728,9728,5312,3728,3224,19292491,12287146,7520661,3365871
300032,demand,2,0,1,0.43306202496766344,7.290906407747439,0.33999999999999997,19,1,9728,9728,5312,3520,2728,18931762,11646537,7157371,2753075
300032,demand,2,0.34999999999999998,0,0.50471735114008831,10.183692534552037,0.42000000000000004,19,0,9728,9728,7616,4648,3440,19162801,11661252,7253960,3392657
300032,demand,2,0.34999999999999998,1,0.46300249081317124,10.498538541096952,0.37,19,1,9728,9728,7616,4544,3160,19882997,11616483,7186818,3198828
300032,demand,2,1,0,0.57651371853560218,19.214839761937654,0.47999999999999998,19,0,9728,9728,8640,4936,2944,19997668,12123054,7079836,3037622
300032,demand,2,1,1,0.74994150763123779,14.951121659405811,0.57000000000000006,19,1,9728,9728,8576,4456,2656,20262388,11907605,7633561,2724253
300032,demand,5,0,0,0.6029093026507788,21.370347426887605,0.26000000000000001,9,0,4608,4608,2880,1840,1672,9210742,5966685,3659573,2039889
300032,demand,5,0,1,0.5642980130846893,24.554145717733832,0.20000000000000001,9,1,4608,4608,2880,1672,1240,11468129,5789218,3343278,1288456
300032,demand,5,0.34999999999999998,0,0.6029093026507788,21.370347426887605,0.26000000000000001,9,0,4608,4608,3776,2304,1904,10669724,5621696,3421593,1976324
300032,demand,5,0.34999999999999998,1,0.59429801308468932,24.554145717733832,0.23000000000000001,9,1,4608,4608,3776,2208,1592,9537355,5782658,3529498,1640867
300032,demand,5,1,0,0.6539897789672503,12.445344516647427,0.30999999999999994,9,0,4608,4608,4032,2368,1568,9162844,5911633,3362154,1582578
300032,demand,5,1,1,0.60801988503948523,13.020750702989481,0.26000000000000001,9,1,4608,4608,4032,2288,1504,9469592,6184111,3684511,1517482
300032,combined,0,0,0,1.2746122347544397,0,1.1600000000000004,59,0,0,30208,14208,10360,8752,0,39048289,23697511,9299313
300032,combined,0,0,1,1.2746122347544397,0,1.1600000000000004,59,0,0,30208,14208,10360,8744,0,37519262,23351721,9117838
300032,combined,0,0.34999999999999998,0,1.2699355602775551,3.6500286411254663,1.1799999999999999,59,0,0,30208,18176,10872,8856,0,38230434,23676463,9973490
300032,combined,0,0.34999999999999998,1,1.2699355602775551,3.6500286411254663,1.1799999999999999,59,0,0,30208,18176,10872,8856,0,38425245,23033816,9723914
300032,combined,0,1,0,1.3899355602775549,3.6500286411254663,1.2999999999999998,59,0,0,30208,21312,10648,7232,0,38202678,23452700,8053736
300032,combined,0,1,1,1.3899355602775549,3.6500286411254663,1.2999999999999998,59,0,0,30208,21312,10648,7232,0,40687170,23091391,8076413
300032,combined,2,0,0,0.78673307334892573,48.272754121701723,0.66000000000000003,19,0,9728,9728,6656,4304,3576,20304067,12183237,7441132,3834391
300032,combined,2,0,1,0.78673307334892573,48.272754121701723,0.66000000000000003,19,0,9728,9728,6656,4256,3440,19969575,11937269,7573592,3795309
300032,combined,2,0.34999999999999998,0,0.71951702577369925,32.380564161572579,0.62,19,0,9728,9728,7680,4328,3224,20750872,12968334,7512990,4047118
300032,combined,2,0.34999999999999998,1,0.71951702577369925,32.380564161572579,0.62,19,0,9728,9728,7680,4360,3176,20819615,12051922,7702343,3310126
300032,combined,2,1,0,0.89331549991473858,10.853064822901274,0.75000000000000011,19,0,9728,9728,9344,4536,2688,20323439,13457878,7776526,2743544
300032,combined,2,1,1,0.89331549991473858,10.853064822901274,0.75000000000000011,19,0,9728,9728,9344,4624,2776,20600802,12820894,8129589,2917935
300032,combined,5,0,0,0.91741228716946688,118.03741324988292,0.32999999999999996,9,0,4608,4608,3648,2536,2344,9544055,6089549,3414765,2876524
300032,combined,5,0,1,0.91741228716946688,118.03741324988292,0.32999999999999996,9,0,4608,4608,3648,2536,2296,9148289,5834848,3488655,2273999
300032,combined,5,0.34999999999999998,0,0.91741228716946688,118.03741324988292,0.32999999999999996,9,0,4608,4608,4352,2488,2072,9474430,5923120,3651731,2411760
300032,combined,5,0.34999999999999998,1,0.91741228716946688,118.03741324988292,0.32999999999999996,9,0,4608,4608,4352,2488,2048,9933681,5934759,3783890,2110105
300032,combined,5,1,0,0.91741228716946688,118.03741324988292,0.32999999999999996,9,0,4608,4608,4544,2528,1800,10513028,5956440,3724551,1894931
300032,combined,5,1,1,0.91741228716946688,118.03741324988292,0.32999999999999996,9,0,4608,4608,4544,2528,1800,9304743,5782698,3780025,1850355
