seed,profile,delay,lambda,filter,day,choice,reason,objective,risk,full_queries,cost_queries,natural_queries,tail_queries,full_ns,cost_ns,natural_ns,tail_ns,tail_risk_pruned,tail_objective_pruned,tail_bound_checks,common_ns,validation_risk,validation_queries
300001,normal,0,0,0,0,0,RECOMMENDATION,0.022960211297415579,0.375668127868172,512,64,64,64,360835,63115,58638,88854,0,7,15,688780,,0
300001,normal,0,0,0,1,0,RECOMMENDATION,0.050748187343902802,0.43211479901005501,512,320,152,96,415036,227142,138790,98909,0,7,19,804766,,0
300001,normal,0,0,0,2,0,RECOMMENDATION,0.14161885200551014,0.71558687369595431,512,384,256,176,371381,391872,344951,1182885,0,7,29,669280,,0
300001,normal,0,0,0,3,0,RECOMMENDATION,0.030516115621576384,0.28051816010869624,512,192,80,80,459334,199061,85299,81514,0,7,17,973018,,0
300001,normal,0,0,0,4,6,RECOMMENDATION,0.1344113455333738,0.6334769570381994,512,384,288,200,1158769,1496218,267924,186001,0,6,31,638754,,0
300001,normal,0,0,0,5,0,RECOMMENDATION,0.020813574912961395,0.32595444381590355,512,64,64,64,404570,47061,59600,68173,0,7,15,650231,,0
300001,normal,0,0,0,6,0,RECOMMENDATION,0.01218780245303982,0.16353711176138669,512,64,64,64,413414,49795,60040,153941,0,7,15,645134,,0
300001,normal,0,0,0,7,0,RECOMMENDATION,0.013587561947679428,0.20587477903921655,512,64,64,64,369457,46270,56004,64107,0,7,15,688799,,0
300001,normal,0,0,0,8,0,RECOMMENDATION,0.0078446569364272762,0.11391727513669717,512,64,64,64,377159,47372,55735,65289,0,7,15,742771,,0
300001,normal,0,0,0,9,0,RECOMMENDATION,0.014562330880909627,0.22122100241987819,512,64,64,64,402858,45428,178319,66751,0,7,15,729831,,0
300001,normal,0,0,0,10,0,RECOMMENDATION,0.024095913157029848,0.17537405943677564,512,64,64,64,361335,182726,58207,71208,0,7,15,819677,,0
300001,normal,0,0,0,11,0,RECOMMENDATION,0.06266560008274244,0.55991719920920946,512,320,144,96,384120,260653,124739,99370,0,7,19,604663,,0
300001,normal,0,0,0,12,0,RECOMMENDATION,0.054931680534769788,0.31832187784683896,512,320,152,104,388536,234344,128634,100692,0,7,20,781330,,0
300001,normal,0,0,0,13,6,RECOMMENDATION,0.14566083522886444,0.6177025717461686,512,384,296,240,366543,286842,284459,222565,0,5,35,590792,,0
300001,normal,0,0,0,14,0,RECOMMENDATION,0.0065104646714822349,0.092689179827557935,512,64,64,64,470199,47341,57337,78569,0,7,15,674888,,0
300001,normal,0,0,0,15,0,RECOMMENDATION,0.018772456642653979,0.21305644402669341,512,64,64,64,414055,45920,58468,67211,0,7,15,592214,,0
300001,normal,0,0,0,16,0,RECOMMENDATION,0.018550731107467099,0.19503038961860469,512,64,64,64,364731,52149,58548,68553,0,7,15,603190,,0
300001,normal,0,0,0,17,0,RECOMMENDATION,0.0078766076217245597,0.095027598796287374,512,64,64,64,363078,119521,59730,67271,0,7,15,686687,,0
300001,normal,0,0,0,18,0,RECOMMENDATION,0.0037333812499706835,0.016763903406207915,512,64,64,64,366052,45810,58268,114873,0,7,15,892887,,0
300001,normal,0,0,0,19,0,RECOMMENDATION,0.0092413945828224413,0.042329439125398986,512,64,64,64,428127,49595,62525,70867,0,7,15,630472,,0
300001,normal,0,0,0,20,0,RECOMMENDATION,0.0056456984165728884,0.028490638209748027,512,64,64,64,480355,48242,60451,71298,0,7,15,693818,,0
300001,normal,0,0,0,21,0,RECOMMENDATION,0.0085264500255118943,0.023967899903004478,512,64,64,64,409098,46160,64257,73791,0,7,15,657002,,0
300001,normal,0,0,0,22,0,RECOMMENDATION,0.014280991876453637,0.037889527113977785,512,64,64,64,366924,46580,61313,73120,0,7,15,599395,,0
300001,normal,0,0,0,23,0,RECOMMENDATION,0.014833672773484699,0.044789891477515414,512,64,64,64,384951,46680,61302,72961,0,7,15,653546,,0
300001,normal,0,0,0,24,0,RECOMMENDATION,0.0057266066948584759,0.020560235602211346,512,64,64,64,390139,48293,61893,70487,0,7,15,695049,,0
300001,normal,0,0,0,25,0,RECOMMENDATION,0.019587615812638418,0.085900748077187367,512,64,64,64,388046,45639,61744,72429,0,7,15,584893,,0
300001,normal,0,0,0,26,0,RECOMMENDATION,0.0251674267110099,0.11835954618505676,512,64,64,64,406684,47031,61383,72921,0,7,15,644713,,0
300001,normal,0,0,0,27,0,RECOMMENDATION,0.024225897585052104,0.19135529682482261,512,64,64,64,372262,50026,62474,71168,0,7,15,741509,,0
300001,normal,0,0,0,28,0,RECOMMENDATION,0.051950418901017266,0.14409311832847638,512,320,136,144,363949,232971,121804,158218,0,7,25,641519,,0
300001,normal,0,0,0,29,0,RECOMMENDATION,0.022028627134128519,0.10620187522563043,512,64,64,64,387525,47362,76565,71687,0,7,15,586245,,0
300001,normal,0,0,0,30,0,RECOMMENDATION,0.013495694976066487,0.072801311690468981,512,64,64,64,380464,57277,60862,73531,0,7,15,700247,,0
300001,normal,0,0,0,31,0,RECOMMENDATION,0.043183526661345721,0.15082961776247422,512,192,112,104,368857,136356,115895,103427,0,7,20,607727,,0
300001,normal,0,0,0,32,0,RECOMMENDATION,0.034696071263307766,0.13015177827394078,512,192,96,96,380084,139050,101172,101704,0,7,19,579945,,0
300001,normal,0,0,0,33,3,RECOMMENDATION,0.15929334305787388,0.19951232168447716,512,448,384,368,394986,495208,361616,412363,0,5,51,662019,,0
300001,normal,0,0,0,34,0,RECOMMENDATION,0.0099132285960153114,0.031263277081008782,512,64,64,64,632294,46320,61463,72339,0,7,15,670732,,0
300001,normal,0,0,0,35,0,RECOMMENDATION,0.0098518780181328508,0.052310001931927662,512,64,64,64,370540,46270,60932,73181,0,7,15,736682,,0
300001,normal,0,0,0,36,0,RECOMMENDATION,0.016576383553316091,0.056376768735264329,512,64,64,64,427766,49394,63996,72360,0,7,15,683351,,0
300001,normal,0,0,0,37,0,RECOMMENDATION,0.021076177906415514,0.090527942139120757,512,64,64,64,576330,46540,120832,75224,0,7,15,623041,,0
300001,normal,0,0,0,38,0,RECOMMENDATION,0.080139187621498353,0.20544659800838527,512,320,200,176,365512,225390,189807,173823,0,7,29,652705,,0
300001,normal,0,0,0,39,0,RECOMMENDATION,0.048201784010990144,0.14513761517050747,512,192,120,112,382017,135865,106962,110175,0,7,21,590061,,0
300001,normal,0,0,0,40,0,RECOMMENDATION,0.081209422328282155,0.22581147624558909,512,320,216,208,430690,292251,195044,195856,0,7,33,578984,,0
300001,normal,0,0,0,41,0,RECOMMENDATION,0.02026946199973003,0.11057622929162458,512,64,64,64,382647,45799,61302,69024,0,7,15,641238,,0
300001,normal,0,0,0,42,0,RECOMMENDATION,0.035807921955815301,0.15915520161452998,512,192,96,96,378992,135485,86070,115103,0,7,19,585124,,0
300001,normal,0,0,0,43,0,RECOMMENDATION,0.0034938626864748413,0.016307230331389061,512,64,64,64,364180,45739,57286,65238,0,7,15,646436,,0
300001,normal,0,0,0,44,0,RECOMMENDATION,0.027789492916399951,0.12091815063601742,512,64,64,64,381947,49615,63346,71588,0,7,15,665144,,0
300001,normal,0,0,0,45,0,RECOMMENDATION,0.031527160541819373,0.1300218126067709,512,192,80,80,379503,133822,75715,86861,0,7,17,590251,,0
300001,normal,0,0,0,46,0,RECOMMENDATION,0.0074243515032490371,0.086046981930409702,512,64,64,64,387454,46039,58208,96056,0,7,15,629700,,0
300001,normal,0,0,0,47,0,RECOMMENDATION,0.044452449936058284,0.15582810311329959,512,192,120,112,367565,134863,106911,110037,0,7,21,660096,,0
300001,normal,0,0,0,48,0,RECOMMENDATION,0.0066184197295614325,0.051797450406568003,512,64,64,64,374725,46550,57407,66791,0,7,15,594888,,0
300001,normal,0,0,0,49,0,RECOMMENDATION,0.014741118233175072,0.10807913509871793,512,64,64,64,397500,46149,73180,70467,0,7,15,627096,,0
300001,normal,0,0,0,50,0,RECOMMENDATION,0.12965492548145088,0.21422679116488749,512,384,240,248,365462,303428,212370,464391,0,7,38,586836,,0
300001,normal,0,0,0,51,3,RECOMMENDATION,0.16599956407014393,0.21714780188893573,512,448,392,392,403489,316218,379112,389217,0,4,53,626966,,0
300001,normal,0,0,0,52,0,RECOMMENDATION,0.0035121981924964379,0.014394203896611999,512,64,64,64,363689,47822,60811,69334,0,7,15,666766,,0
300001,normal,0,0,0,53,0,RECOMMENDATION,0.006909113624033833,0.024872995099312178,512,64,64,64,364230,45389,60161,68053,0,7,15,629379,,0
300001,normal,0,0,0,54,0,RECOMMENDATION,0.002703237825499501,0.01218192847908553,512,64,64,64,359372,45178,57166,66600,0,7,15,591482,,0
300001,normal,0,0,0,55,0,RECOMMENDATION,0.024621577711318662,0.12861659500431419,512,64,64,64,396048,46430,62274,71639,0,7,15,821540,,0
300001,normal,0,0,0,56,0,RECOMMENDATION,0.059615404245533389,0.14792042253549223,512,320,160,152,525363,231520,141815,144889,0,7,26,642700,,0
300001,normal,0,0,0,57,0,RECOMMENDATION,0.022165552117732037,0.09668886469053499,512,64,64,64,479094,46930,65459,73921,0,7,15,730714,,0
300001,normal,0,0,0,58,3,RECOMMENDATION,0.15757437999877807,0.17760606970622847,512,448,344,344,364280,342257,313373,329778,0,6,49,640086,,0
300001,normal,0,0,1,0,0,RECOMMENDATION,0.022960211297415579,0.375668127868172,512,64,64,64,359372,47492,54793,63395,0,7,15,819086,,0
300001,normal,0,0,1,1,0,RECOMMENDATION,0.050748187343902802,0.43211479901005501,512,320,152,96,410019,224128,134993,96866,0,7,19,692976,,0
300001,normal,0,0,1,2,0,RECOMMENDATION,0.14161885200551014,0.71558687369595431,512,384,256,176,422878,272862,262776,167653,0,7,29,595709,,0
300001,normal,0,0,1,3,0,RECOMMENDATION,0.030516115621576384,0.28051816010869624,512,192,80,80,402257,136396,69395,78799,0,7,17,585564,,0
300001,normal,0,0,1,4,6,RECOMMENDATION,0.1344113455333738,0.6334769570381994,512,384,288,200,391541,278661,259752,181985,0,6,31,591643,,0
300001,normal,0,0,1,5,0,RECOMMENDATION,0.020813574912961395,0.32595444381590355,512,64,64,64,361505,44888,77567,66280,0,7,15,708038,,0
300001,normal,0,0,1,6,0,RECOMMENDATION,0.01218780245303982,0.16353711176138669,512,64,64,64,366453,46229,58047,87383,0,7,15,603501,,0
300001,normal,0,0,1,7,0,RECOMMENDATION,0.013587561947679428,0.20587477903921655,512,64,64,64,362657,46961,54532,62344,0,7,15,605895,,0
300001,normal,0,0,1,8,0,RECOMMENDATION,0.0078446569364272762,0.11391727513669717,512,64,64,64,359242,45689,53661,62143,0,7,15,597842,,0
300001,normal,0,0,1,9,0,RECOMMENDATION,0.014562330880909627,0.22122100241987819,512,64,64,64,415226,45138,57928,67072,0,7,15,809691,,0
300001,normal,0,0,1,10,0,RECOMMENDATION,0.024095913157029848,0.17537405943677564,512,64,64,64,417300,45799,55775,84647,0,7,15,580176,,0
300001,normal,0,0,1,11,0,RECOMMENDATION,0.06266560008274244,0.55991719920920946,512,320,144,96,365952,224769,123786,97967,0,7,19,601969,,0
300001,normal,0,0,1,12,0,RECOMMENDATION,0.054931680534769788,0.31832187784683896,512,320,152,104,379643,231209,129655,117166,0,7,20,644373,,0
300001,normal,0,0,1,13,6,RECOMMENDATION,0.14566083522886444,0.6177025717461686,512,384,296,240,410720,277108,276267,227152,0,5,35,650792,,0
300001,normal,0,0,1,14,0,RECOMMENDATION,0.0065104646714822349,0.092689179827557935,512,64,64,64,364600,45889,57016,87633,0,7,15,619575,,0
300001,normal,0,0,1,15,0,RECOMMENDATION,0.018772456642653979,0.21305644402669341,512,64,64,64,365352,45378,59049,83936,0,7,15,611394,,0
300001,normal,0,0,1,16,0,RECOMMENDATION,0.018550731107467099,0.19503038961860469,512,64,64,64,363369,47632,58138,68413,0,7,15,610522,,0
300001,normal,0,0,1,17,0,RECOMMENDATION,0.0078766076217245597,0.095027598796287374,512,64,64,64,362978,61914,59299,67772,0,7,15,593766,,0
300001,normal,0,0,1,18,0,RECOMMENDATION,0.0037333812499706835,0.016763903406207915,512,64,64,64,382237,45449,75003,74504,0,7,15,576910,,0
300001,normal,0,0,1,19,0,RECOMMENDATION,0.0092413945828224413,0.042329439125398986,512,64,64,64,402738,46070,61994,71057,0,7,15,673847,,0
300001,normal,0,0,1,20,0,RECOMMENDATION,0.0056456984165728884,0.028490638209748027,512,64,64,64,365422,47622,59480,70406,0,7,15,599044,,0
300001,normal,0,0,1,21,0,RECOMMENDATION,0.0085264500255118943,0.023967899903004478,512,64,64,64,365041,46180,64948,74342,0,7,15,661248,,0
300001,normal,0,0,1,22,0,RECOMMENDATION,0.014280991876453637,0.037889527113977785,512,64,64,64,393064,46130,61633,75434,0,7,15,863063,,0
300001,normal,0,0,1,23,0,RECOMMENDATION,0.014833672773484699,0.044789891477515414,512,64,64,64,389048,46741,61643,75124,0,7,15,588187,,0
300001,normal,0,0,1,24,0,RECOMMENDATION,0.0057266066948584759,0.020560235602211346,512,64,64,64,366754,48753,62284,70366,0,7,15,738655,,0
300001,normal,0,0,1,25,0,RECOMMENDATION,0.019587615812638418,0.085900748077187367,512,64,64,64,414004,69445,61774,78258,0,7,15,632254,,0
300001,normal,0,0,1,26,0,RECOMMENDATION,0.0251674267110099,0.11835954618505676,512,64,64,64,409108,45769,62003,72750,0,7,15,633636,,0
300001,normal,0,0,1,27,0,RECOMMENDATION,0.024225897585052104,0.19135529682482261,512,64,64,64,416169,46711,61903,70055,0,7,15,628389,,0
300001,normal,0,0,1,28,0,RECOMMENDATION,0.051950418901017266,0.14409311832847638,512,320,136,144,402798,305632,122636,177048,0,7,25,606795,,0
300001,normal,0,0,1,29,0,RECOMMENDATION,0.022028627134128519,0.10620187522563043,512,64,64,64,384590,47061,65248,72620,0,7,15,603782,,0
300001,normal,0,0,1,30,0,RECOMMENDATION,0.013495694976066487,0.072801311690468981,512,64,64,64,369718,46680,60412,89515,0,7,15,593986,,0
300001,normal,0,0,1,31,0,RECOMMENDATION,0.043183526661345721,0.15082961776247422,512,192,112,104,386002,136356,101052,102695,0,7,20,602669,,0
300001,normal,0,0,1,32,0,RECOMMENDATION,0.034696071263307766,0.13015177827394078,512,192,96,96,579194,138670,86400,102134,0,7,19,597723,,0
300001,normal,0,0,1,33,3,RECOMMENDATION,0.15929334305787388,0.19951232168447716,512,448,384,368,508698,316257,362768,359533,0,5,51,739496,,0
300001,normal,0,0,1,34,0,RECOMMENDATION,0.0099132285960153114,0.031263277081008782,512,64,64,64,365581,45859,60932,71749,0,7,15,649841,,0
300001,normal,0,0,1,35,0,RECOMMENDATION,0.0098518780181328508,0.052310001931927662,512,64,64,64,366904,45919,60230,158589,0,7,15,601248,,0
300001,normal,0,0,1,36,0,RECOMMENDATION,0.016576383553316091,0.056376768735264329,512,64,64,64,401265,49645,64537,73831,0,7,15,607416,,0
300001,normal,0,0,1,37,0,RECOMMENDATION,0.021076177906415514,0.090527942139120757,512,64,64,64,366183,45920,78238,72109,0,7,15,590632,,0
300001,normal,0,0,1,38,0,RECOMMENDATION,0.080139187621498353,0.20544659800838527,512,320,200,176,438432,226903,224949,173121,0,7,29,599796,,0
300001,normal,0,0,1,39,0,RECOMMENDATION,0.048201784010990144,0.14513761517050747,512,192,120,112,399883,137768,107352,109866,0,7,21,578413,,0
300001,normal,0,0,1,40,0,RECOMMENDATION,0.081209422328282155,0.22581147624558909,512,320,216,208,377150,229447,196287,201815,0,7,33,592625,,0
300001,normal,0,0,1,41,0,RECOMMENDATION,0.02026946199973003,0.11057622929162458,512,64,64,64,376859,45519,62094,71608,0,7,15,618423,,0
300001,normal,0,0,1,42,0,RECOMMENDATION,0.035807921955815301,0.15915520161452998,512,192,96,96,382517,136376,87031,118639,0,7,19,587477,,0
300001,normal,0,0,1,43,0,RECOMMENDATION,0.0034938626864748413,0.016307230331389061,512,64,64,64,365361,45489,57757,65018,0,7,15,633396,,0
300001,normal,0,0,1,44,0,RECOMMENDATION,0.027789492916399951,0.12091815063601742,512,64,64,64,380985,49645,63165,71748,0,7,15,648559,,0
300001,normal,0,0,1,45,0,RECOMMENDATION,0.031527160541819373,0.1300218126067709,512,192,80,80,398742,135184,75714,87252,0,7,17,592484,,0
300001,normal,0,0,1,46,0,RECOMMENDATION,0.0074243515032490371,0.086046981930409702,512,64,64,64,363739,45819,58388,89194,0,7,15,584252,,0
300001,normal,0,0,1,47,0,RECOMMENDATION,0.044452449936058284,0.15582810311329959,512,192,120,112,365942,319683,107993,147733,0,7,21,595899,,0
300001,normal,0,0,1,48,0,RECOMMENDATION,0.0066184197295614325,0.051797450406568003,512,64,64,64,395317,46080,56525,66972,0,7,15,582018,,0
300001,normal,0,0,1,49,0,RECOMMENDATION,0.014741118233175072,0.10807913509871793,512,64,64,64,364851,46119,92129,72589,0,7,15,668320,,0
300001,normal,0,0,1,50,0,RECOMMENDATION,0.12965492548145088,0.21422679116488749,512,384,240,248,366633,291650,269096,238059,0,7,38,755570,,0
300001,normal,0,0,1,51,3,RECOMMENDATION,0.16599956407014393,0.21714780188893573,512,448,392,392,597211,319241,446293,370348,0,4,53,610341,,0
300001,normal,0,0,1,52,0,RECOMMENDATION,0.0035121981924964379,0.014394203896611999,512,64,64,64,362978,47472,60101,69265,0,7,15,624122,,0
300001,normal,0,0,1,53,0,RECOMMENDATION,0.006909113624033833,0.024872995099312178,512,64,64,64,469999,46390,61613,68905,0,7,15,602359,,0
300001,normal,0,0,1,54,0,RECOMMENDATION,0.002703237825499501,0.01218192847908553,512,64,64,64,376638,45548,56915,66832,0,7,15,578282,,0
300001,normal,0,0,1,55,0,RECOMMENDATION,0.024621577711318662,0.12861659500431419,512,64,64,64,382778,46650,62474,71067,0,7,15,580587,,0
300001,normal,0,0,1,56,0,RECOMMENDATION,0.059615404245533389,0.14792042253549223,512,320,160,152,376899,232481,142815,146271,0,7,26,640386,,0
300001,normal,0,0,1,57,0,RECOMMENDATION,0.022165552117732037,0.09668886469053499,512,64,64,64,384531,46681,63325,73371,0,7,15,600727,,0
300001,normal,0,0,1,58,3,RECOMMENDATION,0.15757437999877807,0.17760606970622847,512,448,344,344,369328,315887,331290,345501,0,6,49,613055,,0
300001,normal,0,0.34999999999999998,0,0,0,RECOMMENDATION,0.14640798209718031,0.375668127868172,512,384,232,104,357119,304249,194674,99030,0,7,20,610341,,0
300001,normal,0,0.34999999999999998,0,1,0,RECOMMENDATION,0.18422650142705607,0.43211479901005501,512,448,280,112,391561,314946,316207,112030,0,7,21,609690,,0
300001,normal,0,0.34999999999999998,0,2,6,RECOMMENDATION,0.34117407272381162,0.70416999882794817,512,512,296,200,372403,458292,263378,190548,0,6,31,596660,,0
300001,normal,0,0.34999999999999998,0,3,0,RECOMMENDATION,0.078732549171250291,0.19258956275287351,512,320,152,96,543320,226031,152590,94652,0,7,19,597261,,0
300001,normal,0,0.34999999999999998,0,4,4,RECOMMENDATION,0.28741975884518117,0.60574878676631772,512,512,296,184,481727,396729,281414,170877,0,6,29,582429,,0
300001,normal,0,0.34999999999999998,0,5,0,RECOMMENDATION,0.13397276874535818,0.33777369761356929,512,384,136,104,362267,268715,214414,99360,0,7,20,634598,,0
300001,normal,0,0.34999999999999998,0,6,0,RECOMMENDATION,0.084740511189617257,0.20571246664053924,512,320,176,96,365492,249617,154964,95595,0,7,19,623701,,0
300001,normal,0,0.34999999999999998,0,7,0,RECOMMENDATION,0.10942027495601449,0.26780976594506739,512,320,192,96,384621,226282,163547,91708,0,7,19,639907,,0
300001,normal,0,0.34999999999999998,0,8,4,RECOMMENDATION,0.086560108107259892,0.17299686627726441,512,320,168,152,365702,312872,142956,166311,0,6,25,607578,,0
300001,normal,0,0.34999999999999998,0,9,4,RECOMMENDATION,0.099900839648271095,0.20682181879239664,512,320,200,152,412443,237659,179611,204318,0,6,25,1050375,,0
300001,normal,0,0.34999999999999998,0,10,0,RECOMMENDATION,0.076863796030757436,0.17451267168701501,512,320,144,96,362277,222696,166261,98659,0,7,19,618684,,0
300001,normal,0,0.34999999999999998,0,11,0,RECOMMENDATION,0.24250032006666319,0.56436596434929853,512,448,288,112,578943,316428,254474,113811,0,7,21,581358,,0
300001,normal,0,0.34999999999999998,0,12,4,RECOMMENDATION,0.1673123838614991,0.34024737636718988,512,448,240,168,361465,323899,233142,159701,0,6,27,697613,,0
300001,normal,0,0.34999999999999998,0,13,6,RECOMMENDATION,0.30391509289829571,0.603657569216554,512,512,336,208,411511,366984,308125,192260,0,6,32,731835,,0
300001,normal,0,0.34999999999999998,0,14,0,RECOMMENDATION,0.05292497837173165,0.13290005011576131,512,320,160,96,365752,257438,140852,98579,0,7,19,679075,,0
300001,normal,0,0.34999999999999998,0,15,0,RECOMMENDATION,0.098190991151583834,0.23288622970207887,512,320,152,96,395407,227744,134123,95243,0,7,19,637402,,0
300001,normal,0,0.34999999999999998,0,16,0,RECOMMENDATION,0.090950417006444073,0.2183801822723816,512,320,160,96,395947,251760,139310,98089,0,7,19,607908,,0
300001,normal,0,0.34999999999999998,0,17,5,RECOMMENDATION,0.045219413869658449,0.064959093086771072,512,192,136,136,363770,135204,141314,131338,0,6,23,581789,,0
300001,normal,0,0.34999999999999998,0,18,0,RECOMMENDATION,0.0070254285428011098,0.013532467958004208,512,64,64,64,363088,45318,58278,70777,0,7,15,593716,,0
300001,normal,0,0.34999999999999998,0,19,0,RECOMMENDATION,0.025535159094692783,0.054158994247477277,512,64,64,64,411952,46830,79650,71158,0,7,15,827038,,0
300001,normal,0,0.34999999999999998,0,20,0,RECOMMENDATION,0.012744369017184834,0.025852236379490967,512,64,64,64,366994,47182,77777,126862,0,7,15,592143,,0
300001,normal,0,0.34999999999999998,0,21,0,RECOMMENDATION,0.014304536248064218,0.024452331132027376,512,64,64,64,364530,45599,76916,75674,0,7,15,649511,,0
300001,normal,0,0.34999999999999998,0,22,0,RECOMMENDATION,0.022850334262661736,0.03832160632752328,512,64,64,64,370299,45850,62694,73260,0,7,15,613856,,0
300001,normal,0,0.34999999999999998,0,23,0,RECOMMENDATION,0.029112124999370131,0.051213854824470599,512,64,64,64,373814,58779,62404,75103,0,7,15,622559,,0
300001,normal,0,0.34999999999999998,0,24,0,RECOMMENDATION,0.014966258343713035,0.028891383966512512,512,64,64,64,380985,47893,61132,69434,0,7,15,599425,,0
300001,normal,0,0.34999999999999998,0,25,0,RECOMMENDATION,0.050437106716052157,0.091561606122117528,512,320,96,104,365342,224318,86741,119130,0,7,20,579164,,0
300001,normal,0,0.34999999999999998,0,26,0,RECOMMENDATION,0.078186635678838448,0.14851589869475135,512,320,152,136,705204,228615,135394,130998,0,7,24,648459,,0
300001,normal,0,0.34999999999999998,0,27,0,RECOMMENDATION,0.041087051128352391,0.085553856486213095,512,192,80,88,369407,136757,73361,89114,0,7,18,658234,,0
300001,normal,0,0.34999999999999998,0,28,0,RECOMMENDATION,0.11422597339174434,0.18056778827125944,512,320,176,168,434847,234775,155464,181003,0,7,28,628619,,0
300001,normal,0,0.34999999999999998,0,29,0,RECOMMENDATION,0.077937221090842834,0.14808227814675404,512,320,136,136,364550,236447,122775,131640,0,7,24,635819,,0
300001,normal,0,0.34999999999999998,0,30,0,RECOMMENDATION,0.05573183742039748,0.10887340600672969,512,320,128,120,390579,228796,112980,118839,0,7,22,624542,,0
300001,normal,0,0.34999999999999998,0,31,0,RECOMMENDATION,0.12012252273517261,0.20208684765834248,512,384,184,160,366694,269968,270789,151860,0,7,27,633546,,0
300001,normal,0,0.34999999999999998,0,32,0,RECOMMENDATION,0.10656015353862218,0.18140525992137663,512,320,160,144,361616,267023,140461,143127,0,7,25,578693,,0
300001,normal,0,0.34999999999999998,0,33,3,RECOMMENDATION,0.18853416128012879,0.22817836527268945,512,448,376,352,362327,451221,350519,391231,0,5,49,730462,,0
300001,normal,0,0.34999999999999998,0,34,0,RECOMMENDATION,0.030019169530279992,0.05453547370681338,512,192,80,80,393223,135284,74152,85449,0,7,17,681809,,0
300001,normal,0,0.34999999999999998,0,35,0,RECOMMENDATION,0.045150137572920378,0.091353006891249131,512,192,104,80,370750,137507,96206,88274,0,7,17,612704,,0
300001,normal,0,0.34999999999999998,0,36,0,RECOMMENDATION,0.051336732082841133,0.094312784953275192,512,320,112,112,366744,236807,100652,139671,0,7,21,759156,,0
300001,normal,0,0.34999999999999998,0,37,0,RECOMMENDATION,0.080314495653954585,0.146627491863314,512,320,144,104,366823,225560,130267,108092,0,7,20,605806,,0
300001,normal,0,0.34999999999999998,0,38,3,RECOMMENDATION,0.16179300786069101,0.17198409516964921,512,448,304,280,384100,333293,270849,273493,0,6,41,601598,,0
300001,normal,0,0.34999999999999998,0,39,0,RECOMMENDATION,0.0070507288189436707,0.014126847571251034,512,64,64,64,711914,47432,58929,66751,0,7,15,593696,,0
300001,normal,0,0.34999999999999998,0,40,0,RECOMMENDATION,0.013019520435580856,0.0290870007410075,512,64,64,64,363048,48553,58629,68263,0,7,15,819517,,0
300001,normal,0,0.34999999999999998,0,41,0,RECOMMENDATION,0.0033657860628044456,0.0076531638116217162,512,64,64,64,358361,44858,56826,66140,0,7,15,707168,,0
300001,normal,0,0.34999999999999998,0,42,0,RECOMMENDATION,0.0077455618596995422,0.016706032057928706,512,64,64,64,362467,45078,55724,67863,0,7,15,606275,,0
300001,normal,0,0.34999999999999998,0,43,0,RECOMMENDATION,0.0062591209807377887,0.012377205237790539,512,64,64,64,387155,46840,56655,65448,0,7,15,655770,,0
300001,normal,0,0.34999999999999998,0,44,0,RECOMMENDATION,0.0096350953308677999,0.017521335463164443,512,64,64,64,377059,112029,84177,70726,0,7,15,610442,,0
300001,normal,0,0.34999999999999998,0,45,0,RECOMMENDATION,0.0056212153553182719,0.010777812666629125,512,64,64,64,363158,45219,61142,70506,0,7,15,680588,,0
300001,normal,0,0.34999999999999998,0,46,0,RECOMMENDATION,0.0075914897485411595,0.015813847225003834,512,64,64,64,362758,45999,57587,70316,0,7,15,604412,,0
300001,normal,0,0.34999999999999998,0,47,0,RECOMMENDATION,0.0079013353249556967,0.015863605173301369,512,64,64,64,363048,45509,57677,86520,0,7,15,590571,,0
300001,normal,0,0.34999999999999998,0,48,0,RECOMMENDATION,0.0051034187269322125,0.011421150091357758,512,64,64,64,374495,46470,55994,64527,0,7,15,592104,,0
300001,normal,0,0.34999999999999998,0,49,0,RECOMMENDATION,0.0070554508004340268,0.015196033424739198,512,64,64,64,378821,45338,59029,66980,0,7,15,624083,,0
300001,normal,0,0.34999999999999998,0,50,0,RECOMMENDATION,0.017928158498666903,0.035050635891151816,512,64,64,64,365402,46040,60341,83546,0,7,15,584512,,0
300001,normal,0,0.34999999999999998,0,51,0,RECOMMENDATION,0.090537653559623843,0.14431742228433247,512,320,168,152,367424,272502,177017,148744,0,7,26,650822,,0
300001,normal,0,0.34999999999999998,0,52,0,RECOMMENDATION,0.021987838787933318,0.046739788518993991,512,64,64,64,381326,47202,61443,70687,0,7,15,590842,,0
300001,normal,0,0.34999999999999998,0,53,0,RECOMMENDATION,0.018427121239627055,0.036965020326228636,512,64,64,64,363309,45368,78028,67973,0,7,15,589220,,0
300001,normal,0,0.34999999999999998,0,54,0,RECOMMENDATION,0.022584821572726281,0.052179220005976121,512,64,64,64,362618,45428,58858,85119,0,7,15,591493,,0
300001,normal,0,0.34999999999999998,0,55,0,RECOMMENDATION,0.13563983967451426,0.2297672792605536,512,384,200,176,366914,269437,192130,166582,0,7,29,615338,,0
300001,normal,0,0.34999999999999998,0,56,3,RECOMMENDATION,0.16638485889162688,0.17901327141247508,512,448,296,288,383179,324379,283988,534166,0,6,42,584613,,0
300001,normal,0,0.34999999999999998,0,57,0,RECOMMENDATION,0.011035145696750463,0.019314609564376403,512,64,64,64,364791,45298,62925,72921,0,7,15,601107,,0
300001,normal,0,0.34999999999999998,0,58,0,RECOMMENDATION,0.047415374885663421,0.086776021374120729,512,192,80,96,366934,134794,120792,101354,0,7,19,674468,,0
300001,normal,0,0.34999999999999998,1,0,0,RECOMMENDATION,0.14640798209718031,0.375668127868172,512,384,232,104,356579,274645,242176,100181,0,7,20,623902,,0
300001,normal,0,0.34999999999999998,1,1,0,RECOMMENDATION,0.18422650142705607,0.43211479901005501,512,448,280,112,381355,313242,244880,110648,0,7,21,610892,,0
300001,normal,0,0.34999999999999998,1,2,6,RECOMMENDATION,0.34117407272381162,0.70416999882794817,512,512,296,200,366643,361716,275065,206492,0,6,31,585594,,0
300001,normal,0,0.34999999999999998,1,3,0,RECOMMENDATION,0.078732549171250291,0.19258956275287351,512,320,152,96,377800,223467,127092,90577,0,7,19,595870,,0
300001,normal,0,0.34999999999999998,1,4,4,RECOMMENDATION,0.28741975884518117,0.60574878676631772,512,512,296,184,374295,368896,261155,169566,0,6,29,596781,,0
300001,normal,0,0.34999999999999998,1,5,0,RECOMMENDATION,0.13397276874535818,0.33777369761356929,512,384,136,104,363179,269557,134963,100101,0,7,20,716392,,0
300001,normal,0,0.34999999999999998,1,6,0,RECOMMENDATION,0.084740511189617257,0.20571246664053924,512,320,176,96,395256,227814,155765,97477,0,7,19,686906,,0
300001,normal,0,0.34999999999999998,1,7,0,RECOMMENDATION,0.10942027495601449,0.26780976594506739,512,320,192,96,365802,224528,219110,119539,0,7,19,624704,,0
300001,normal,0,0.34999999999999998,1,8,4,RECOMMENDATION,0.086560108107259892,0.17299686627726441,512,320,168,152,360253,230497,160963,136246,0,6,25,608518,,0
300001,normal,0,0.34999999999999998,1,9,4,RECOMMENDATION,0.099900839648271095,0.20682181879239664,512,320,200,152,362878,242506,176516,144127,0,6,25,604112,,0
300001,normal,0,0.34999999999999998,1,10,0,RECOMMENDATION,0.076863796030757436,0.17451267168701501,512,320,144,96,393734,225611,120482,97987,0,7,19,581588,,0
300001,normal,0,0.34999999999999998,1,11,0,RECOMMENDATION,0.24250032006666319,0.56436596434929853,512,448,288,112,543741,347645,299773,113272,0,7,21,594236,,0
300001,normal,0,0.34999999999999998,1,12,4,RECOMMENDATION,0.1673123838614991,0.34024737636718988,512,448,240,168,401927,324239,207152,159200,0,6,27,658073,,0
300001,normal,0,0.34999999999999998,1,13,6,RECOMMENDATION,0.30391509289829571,0.603657569216554,512,512,336,208,369958,390450,390399,199360,0,6,32,691323,,0
300001,normal,0,0.34999999999999998,1,14,0,RECOMMENDATION,0.05292497837173165,0.13290005011576131,512,320,160,96,365421,225150,138278,108603,0,7,19,589640,,0
300001,normal,0,0.34999999999999998,1,15,0,RECOMMENDATION,0.098190991151583834,0.23288622970207887,512,320,152,96,367115,226662,147142,93991,0,7,19,617903,,0
300001,normal,0,0.34999999999999998,1,16,0,RECOMMENDATION,0.090950417006444073,0.2183801822723816,512,320,160,96,361576,263839,139480,97858,0,7,19,646967,,0
300001,normal,0,0.34999999999999998,1,17,5,RECOMMENDATION,0.045219413869658449,0.064959093086771072,512,192,136,136,584612,138178,123616,166230,0,6,23,593426,,0
300001,normal,0,0.34999999999999998,1,18,0,RECOMMENDATION,0.0070254285428011098,0.013532467958004208,512,64,64,64,364610,46029,58499,110146,0,7,15,582710,,0
300001,normal,0,0.34999999999999998,1,19,0,RECOMMENDATION,0.025535159094692783,0.054158994247477277,512,64,64,64,366623,103396,62164,71217,0,7,15,648308,,0
300001,normal,0,0.34999999999999998,1,20,0,RECOMMENDATION,0.012744369017184834,0.025852236379490967,512,64,64,64,421386,48373,61172,86751,0,7,15,813137,,0
300001,normal,0,0.34999999999999998,1,21,0,RECOMMENDATION,0.014304536248064218,0.024452331132027376,512,64,64,64,381296,46020,69135,80892,0,7,15,679746,,0
300001,normal,0,0.34999999999999998,1,22,0,RECOMMENDATION,0.022850334262661736,0.03832160632752328,512,64,64,64,406514,47983,63997,77737,0,7,15,666977,,0
300001,normal,0,0.34999999999999998,1,23,0,RECOMMENDATION,0.029112124999370131,0.051213854824470599,512,64,64,64,400304,46630,61532,73821,0,7,15,613716,,0
300001,normal,0,0.34999999999999998,1,24,0,RECOMMENDATION,0.014966258343713035,0.028891383966512512,512,64,64,64,366543,47672,61883,69696,0,7,15,601798,,0
300001,normal,0,0.34999999999999998,1,25,0,RECOMMENDATION,0.050437106716052157,0.091561606122117528,512,320,96,104,380975,224759,86801,106540,0,7,20,600096,,0
300001,normal,0,0.34999999999999998,1,26,0,RECOMMENDATION,0.078186635678838448,0.14851589869475135,512,320,152,136,382788,345151,135845,146130,0,7,24,626696,,0
300001,normal,0,0.34999999999999998,1,27,0,RECOMMENDATION,0.041087051128352391,0.085553856486213095,512,192,80,88,369358,153622,72780,89334,0,7,18,615629,,0
300001,normal,0,0.34999999999999998,1,28,0,RECOMMENDATION,0.11422597339174434,0.18056778827125944,512,320,176,168,591192,259962,156677,167684,0,7,28,661578,,0
300001,normal,0,0.34999999999999998,1,29,0,RECOMMENDATION,0.077937221090842834,0.14808227814675404,512,320,136,136,457100,226532,121323,130337,0,7,24,609139,,0
300001,normal,0,0.34999999999999998,1,30,0,RECOMMENDATION,0.05573183742039748,0.10887340600672969,512,320,128,120,367064,225060,131258,118369,0,7,22,618383,,0
300001,normal,0,0.34999999999999998,1,31,0,RECOMMENDATION,0.12012252273517261,0.20208684765834248,512,384,184,160,379703,295496,164758,149916,0,7,27,580576,,0
300001,normal,0,0.34999999999999998,1,32,0,RECOMMENDATION,0.10656015353862218,0.18140525992137663,512,320,160,144,376439,231098,146962,143657,0,7,25,607446,,0
300001,normal,0,0.34999999999999998,1,33,3,RECOMMENDATION,0.18853416128012879,0.22817836527268945,512,448,376,352,377540,332282,355576,343199,0,5,49,829953,,0
300001,normal,0,0.34999999999999998,1,34,0,RECOMMENDATION,0.030019169530279992,0.05453547370681338,512,192,80,80,368787,137818,103135,89365,0,7,17,855862,,0
300001,normal,0,0.34999999999999998,1,35,0,RECOMMENDATION,0.045150137572920378,0.091353006891249131,512,192,104,80,391151,137117,95825,87511,0,7,17,653998,,0
300001,normal,0,0.34999999999999998,1,36,0,RECOMMENDATION,0.051336732082841133,0.094312784953275192,512,320,112,112,365992,260793,101743,110377,0,7,21,636370,,0
300001,normal,0,0.34999999999999998,1,37,0,RECOMMENDATION,0.080314495653954585,0.146627491863314,512,320,144,104,395717,223898,130747,107852,0,7,20,664983,,0
300001,normal,0,0.34999999999999998,1,38,3,RECOMMENDATION,0.16179300786069101,0.17198409516964921,512,448,304,280,362727,327224,289147,272331,0,6,41,598133,,0
300001,normal,0,0.34999999999999998,1,39,0,RECOMMENDATION,0.0070507288189436707,0.014126847571251034,512,64,64,64,378040,46079,57947,66981,0,7,15,595038,,0
300001,normal,0,0.34999999999999998,1,40,0,RECOMMENDATION,0.013019520435580856,0.0290870007410075,512,64,64,64,363148,47632,58788,68162,0,7,15,640497,,0
300001,normal,0,0.34999999999999998,1,41,0,RECOMMENDATION,0.0033657860628044456,0.0076531638116217162,512,64,64,64,357440,44537,53420,181044,0,7,15,600406,,0
300001,normal,0,0.34999999999999998,1,42,0,RECOMMENDATION,0.0077455618596995422,0.016706032057928706,512,64,64,64,456349,102004,57416,73341,0,7,15,696081,,0
300001,normal,0,0.34999999999999998,1,43,0,RECOMMENDATION,0.0062591209807377887,0.012377205237790539,512,64,64,64,395918,47201,58368,67012,0,7,15,599234,,0
300001,normal,0,0.34999999999999998,1,44,0,RECOMMENDATION,0.0096350953308677999,0.017521335463164443,512,64,64,64,361336,47913,61443,70416,0,7,15,603071,,0
300001,normal,0,0.34999999999999998,1,45,0,RECOMMENDATION,0.0056212153553182719,0.010777812666629125,512,64,64,64,421216,46180,59791,68013,0,7,15,618083,,0
300001,normal,0,0.34999999999999998,1,46,0,RECOMMENDATION,0.0075914897485411595,0.015813847225003834,512,64,64,64,360514,96165,57246,70166,0,7,15,621539,,0
300001,normal,0,0.34999999999999998,1,47,0,RECOMMENDATION,0.0079013353249556967,0.015863605173301369,512,64,64,64,379152,45759,60281,69895,0,7,15,580026,,0
300001,normal,0,0.34999999999999998,1,48,0,RECOMMENDATION,0.0051034187269322125,0.011421150091357758,512,64,64,64,357180,72730,59480,80782,0,7,15,680327,,0
300001,normal,0,0.34999999999999998,1,49,0,RECOMMENDATION,0.0070554508004340268,0.015196033424739198,512,64,64,64,364751,49996,59519,66952,0,7,15,631202,,0
300001,normal,0,0.34999999999999998,1,50,0,RECOMMENDATION,0.017928158498666903,0.035050635891151816,512,64,64,64,378260,46740,60711,80421,0,7,15,653306,,0
300001,normal,0,0.34999999999999998,1,51,0,RECOMMENDATION,0.090537653559623843,0.14431742228433247,512,320,168,152,446795,244719,153502,147823,0,7,26,592804,,0
300001,normal,0,0.34999999999999998,1,52,0,RECOMMENDATION,0.021987838787933318,0.046739788518993991,512,64,64,64,418943,47662,61002,71298,0,7,15,601868,,0
300001,normal,0,0.34999999999999998,1,53,0,RECOMMENDATION,0.018427121239627055,0.036965020326228636,512,64,64,64,377530,46551,61412,70086,0,7,15,605544,,0
300001,normal,0,0.34999999999999998,1,54,0,RECOMMENDATION,0.022584821572726281,0.052179220005976121,512,64,64,64,375497,61673,59740,68073,0,7,15,579444,,0
300001,normal,0,0.34999999999999998,1,55,0,RECOMMENDATION,0.13563983967451426,0.2297672792605536,512,384,200,176,450720,269717,178209,246322,0,7,29,741309,,0
300001,normal,0,0.34999999999999998,1,56,3,RECOMMENDATION,0.16638485889162688,0.17901327141247508,512,448,296,288,421166,396679,267304,271039,0,6,42,578984,,0
300001,normal,0,0.34999999999999998,1,57,0,RECOMMENDATION,0.011035145696750463,0.019314609564376403,512,64,64,64,387094,46400,63617,73191,0,7,15,594106,,0
300001,normal,0,0.34999999999999998,1,58,0,RECOMMENDATION,0.047415374885663421,0.086776021374120729,512,192,80,96,401856,135314,73251,101253,0,7,19,607056,,0
300001,normal,0,1,0,0,0,RECOMMENDATION,0.375668127868172,0.375668127868172,512,512,336,120,387245,362778,282136,111929,0,7,22,593446,,0
300001,normal,0,1,0,1,0,RECOMMENDATION,0.43211479901005501,0.43211479901005501,512,512,360,120,360985,373164,310168,120763,0,7,22,652204,,0
300001,normal,0,1,0,2,6,RECOMMENDATION,0.70416999882794817,0.70416999882794817,512,512,312,176,382166,363378,275396,168003,0,6,28,583741,,0
300001,normal,0,1,0,3,0,RECOMMENDATION,0.19258956275287351,0.19258956275287351,512,448,216,120,378952,318260,182946,110116,0,7,22,666626,,0
300001,normal,0,1,0,4,4,RECOMMENDATION,0.60574878676631772,0.60574878676631772,512,512,336,176,362687,370308,325771,350819,0,6,28,623110,,0
300001,normal,0,1,0,5,4,RECOMMENDATION,0.33406059238634978,0.33406059238634978,512,512,240,176,378821,357219,206832,162695,0,6,28,712856,,0
300001,normal,0,1,0,6,0,RECOMMENDATION,0.15704736876999514,0.15704736876999514,512,448,248,112,369628,331911,395166,111028,0,7,21,668639,,0
300001,normal,0,1,0,7,0,RECOMMENDATION,0.2117854723662965,0.2117854723662965,512,448,288,112,383599,313123,259812,117618,0,7,21,647266,,0
300001,normal,0,1,0,8,4,RECOMMENDATION,0.1427031501537088,0.1427031501537088,512,384,200,160,358961,322156,230277,324410,0,6,26,1488396,,0
300001,normal,0,1,0,9,4,RECOMMENDATION,0.17585663793272779,0.17585663793272779,512,448,288,168,650121,340364,249957,188884,0,6,27,755871,,0
300001,normal,0,1,0,10,0,RECOMMENDATION,0.19683785725975012,0.19683785725975012,512,448,248,112,415617,317499,214453,116606,0,7,21,1665974,,0
300001,normal,0,1,0,11,0,RECOMMENDATION,0.55076828449011506,0.55076828449011506,512,512,360,120,371791,392823,322958,164529,0,7,22,672315,,0
300001,normal,0,1,0,12,0,RECOMMENDATION,0.30965019924890286,0.30965019924890286,512,512,280,120,362437,371130,252722,133912,0,7,22,665154,,0
300001,normal,0,1,0,13,6,RECOMMENDATION,0.603657569216554,0.603657569216554,512,512,368,176,396879,364480,337590,165030,0,6,28,674398,,0
300001,normal,0,1,0,14,5,RECOMMENDATION,0.11848642132794093,0.11848642132794093,512,320,224,152,367735,225009,232250,142956,0,6,25,672575,,0
300001,normal,0,1,0,15,0,RECOMMENDATION,0.22725699274642233,0.22725699274642233,512,448,248,112,379353,311931,210728,322206,0,7,21,581198,,0
300001,normal,0,1,0,16,0,RECOMMENDATION,0.19235864980329484,0.19235864980329484,512,448,208,112,361976,414285,175415,110848,0,7,21,584823,,0
300001,normal,0,1,0,17,0,RECOMMENDATION,0.033521633808874948,0.033521633808874948,512,192,80,80,364801,222346,71708,80902,0,7,17,667688,,0
300001,normal,0,1,0,18,0,RECOMMENDATION,0.013532467958004208,0.013532467958004208,512,64,64,64,395797,45619,58438,75134,0,7,15,694978,,0
300001,normal,0,1,0,19,0,RECOMMENDATION,0.054158994247477187,0.054158994247477187,512,320,112,96,368596,225911,100241,99689,0,7,19,671073,,0
300001,normal,0,1,0,20,0,RECOMMENDATION,0.025852236379490967,0.025852236379490967,512,64,64,64,382167,48443,60392,70546,0,7,15,634717,,0
300001,normal,0,1,0,21,0,RECOMMENDATION,0.024452331132027376,0.024452331132027376,512,64,64,64,390329,45780,135885,74222,0,7,15,582270,,0
300001,normal,0,1,0,22,0,RECOMMENDATION,0.03832160632752328,0.03832160632752328,512,192,80,80,366723,135425,73120,112100,0,7,17,638844,,0
300001,normal,0,1,0,23,0,RECOMMENDATION,0.051213854824470599,0.051213854824470599,512,320,96,96,372343,228505,100171,101955,0,7,19,614517,,0
300001,normal,0,1,0,24,0,RECOMMENDATION,0.028891383966512512,0.028891383966512512,512,64,64,64,389668,48243,61383,70006,0,7,15,630772,,0
300001,normal,0,1,0,25,0,RECOMMENDATION,0.091561606122117528,0.091561606122117528,512,320,104,112,366884,228025,125219,114633,0,7,21,628249,,0
300001,normal,0,1,0,26,0,RECOMMENDATION,0.14851589869475135,0.14851589869475135,512,384,168,184,382728,272150,150336,177048,0,7,30,709501,,0
300001,normal,0,1,0,27,0,RECOMMENDATION,0.085553856486213095,0.085553856486213095,512,320,120,152,370920,277328,110056,180992,0,7,26,670452,,0
300001,normal,0,1,0,28,3,RECOMMENDATION,0.17265731414048119,0.17265731414048119,512,448,184,216,382377,340223,189115,217137,0,6,33,597502,,0
300001,normal,0,1,0,29,0,RECOMMENDATION,0.014774451868448731,0.014774451868448731,512,64,64,64,386955,47131,60862,68743,0,7,15,643842,,0
300001,normal,0,1,0,30,0,RECOMMENDATION,0.01522685885425774,0.01522685885425774,512,64,64,64,415007,46050,60421,116936,0,7,15,578353,,0
300001,normal,0,1,0,31,0,RECOMMENDATION,0.017957792155270845,0.017957792155270845,512,64,64,64,398862,45528,60070,68724,0,7,15,578934,,0
300001,normal,0,1,0,32,0,RECOMMENDATION,0.010587547407133078,0.010587547407133078,512,64,64,64,425563,48062,57116,68894,0,7,15,643631,,0
300001,normal,0,1,0,33,0,RECOMMENDATION,0.079850211737736917,0.079850211737736917,512,320,120,96,444421,229557,111218,100071,0,7,19,611623,,0
300001,normal,0,1,0,34,0,RECOMMENDATION,0.05453547370681338,0.05453547370681338,512,320,96,112,367564,226792,86761,129505,0,7,21,787950,,0
300001,normal,0,1,0,35,0,RECOMMENDATION,0.091353006891249131,0.091353006891249131,512,320,160,104,372933,260714,144138,106891,0,7,20,646086,,0
300001,normal,0,1,0,36,0,RECOMMENDATION,0.094312784953275192,0.094312784953275192,512,320,128,160,367946,235265,114193,157598,0,7,27,648789,,0
300001,normal,0,1,0,37,0,RECOMMENDATION,0.146627491863314,0.146627491863314,512,384,160,112,380995,270158,143406,113792,0,7,21,608298,,0
300001,normal,0,1,0,38,3,RECOMMENDATION,0.17198409516964921,0.17198409516964921,512,448,272,248,363528,398391,242386,243657,0,6,37,600006,,0
300001,normal,0,1,0,39,0,RECOMMENDATION,0.014126847571251034,0.014126847571251034,512,64,64,64,395467,47392,59300,67452,0,7,15,615178,,0
300001,normal,0,1,0,40,0,RECOMMENDATION,0.0290870007410075,0.0290870007410075,512,64,64,64,364109,47272,58188,70226,0,7,15,624372,,0
300001,normal,0,1,0,41,0,RECOMMENDATION,0.0076531638116217162,0.0076531638116217162,512,64,64,64,403178,45919,54582,67361,0,7,15,633086,,0
300001,normal,0,1,0,42,0,RECOMMENDATION,0.016706032057928706,0.016706032057928706,512,64,64,64,424391,45869,73702,69235,0,7,15,616801,,0
300001,normal,0,1,0,43,0,RECOMMENDATION,0.012377205237790539,0.012377205237790539,512,64,64,64,392803,45058,55774,64377,0,7,15,586535,,0
300001,normal,0,1,0,44,0,RECOMMENDATION,0.017521335463164443,0.017521335463164443,512,64,64,64,389318,48163,60281,69265,0,7,15,636822,,0
300001,normal,0,1,0,45,0,RECOMMENDATION,0.010777812666629125,0.010777812666629125,512,64,64,64,361686,45309,60501,68533,0,7,15,640157,,0
300001,normal,0,1,0,46,0,RECOMMENDATION,0.015813847225003834,0.015813847225003834,512,64,64,64,358921,45228,57016,70105,0,7,15,663432,,0
300001,normal,0,1,0,47,0,RECOMMENDATION,0.015863605173301369,0.015863605173301369,512,64,64,64,384120,45639,58288,70365,0,7,15,661028,,0
300001,normal,0,1,0,48,0,RECOMMENDATION,0.011421150091357758,0.011421150091357758,512,64,64,64,356559,47392,82775,69715,0,7,15,633817,,0
300001,normal,0,1,0,49,0,RECOMMENDATION,0.015196033424739198,0.015196033424739198,512,64,64,64,361787,45118,61132,67272,0,7,15,758645,,0
300001,normal,0,1,0,50,0,RECOMMENDATION,0.035050635891151816,0.035050635891151816,512,192,80,80,368226,163817,71929,84628,0,7,17,652485,,0
300001,normal,0,1,0,51,0,RECOMMENDATION,0.14431742228433247,0.14431742228433247,512,384,176,152,394696,274133,157988,143397,0,7,26,782832,,0
300001,normal,0,1,0,52,0,RECOMMENDATION,0.046739788518993991,0.046739788518993991,512,192,96,104,365281,140512,88304,125389,0,7,20,843152,,0
300001,normal,0,1,0,53,0,RECOMMENDATION,0.036965020326228636,0.036965020326228636,512,192,80,80,364601,207824,73441,82084,0,7,17,634698,,0
300001,normal,0,1,0,54,0,RECOMMENDATION,0.052179220005976121,0.052179220005976121,512,320,160,112,363489,257679,143536,109275,0,7,21,607026,,0
300001,normal,0,1,0,55,3,RECOMMENDATION,0.16740826496212255,0.16740826496212255,512,448,256,176,368937,315637,239972,187382,0,6,28,646936,,0
300001,normal,0,1,0,56,0,RECOMMENDATION,0.029717532900870959,0.029717532900870959,512,64,64,64,379263,289497,63906,73430,0,7,15,644042,,0
300001,normal,0,1,0,57,0,RECOMMENDATION,0.019314609564376403,0.019314609564376403,512,64,64,64,366503,46170,70557,76866,0,7,15,1674087,,0
300001,normal,0,1,0,58,0,RECOMMENDATION,0.086776021374120729,0.086776021374120729,512,320,120,128,366974,243618,106191,125881,0,7,23,606786,,0
300001,normal,0,1,1,0,0,RECOMMENDATION,0.375668127868172,0.375668127868172,512,512,336,120,368416,389868,282736,111348,0,7,22,585063,,0
300001,normal,0,1,1,1,0,RECOMMENDATION,0.43211479901005501,0.43211479901005501,512,512,360,120,362137,355977,364731,118178,0,7,22,582369,,0
300001,normal,0,1,1,2,6,RECOMMENDATION,0.70416999882794817,0.70416999882794817,512,512,312,176,378882,380624,276597,169446,0,6,28,649009,,0
300001,normal,0,1,1,3,0,RECOMMENDATION,0.19258956275287351,0.19258956275287351,512,448,216,120,366964,327795,181183,109795,0,7,22,640767,,0
300001,normal,0,1,1,4,4,RECOMMENDATION,0.60574878676631772,0.60574878676631772,512,512,336,176,391060,368727,297639,163947,0,6,28,654268,,0
300001,normal,0,1,1,5,4,RECOMMENDATION,0.33406059238634978,0.33406059238634978,512,512,240,176,361125,370379,233723,162495,0,6,28,661579,,0
300001,normal,0,1,1,6,0,RECOMMENDATION,0.15704736876999514,0.15704736876999514,512,448,248,112,380303,327454,218330,109575,0,7,21,592825,,0
300001,normal,0,1,1,7,0,RECOMMENDATION,0.2117854723662965,0.2117854723662965,512,448,288,112,362917,329587,241845,99550,0,7,21,614277,,0
300001,normal,0,1,1,8,4,RECOMMENDATION,0.1427031501537088,0.1427031501537088,512,384,200,160,356217,274785,165250,141263,0,6,26,585795,,0
300001,normal,0,1,1,9,4,RECOMMENDATION,0.17585663793272779,0.17585663793272779,512,448,288,168,1201213,373503,281475,186532,0,6,27,829723,,0
300001,normal,0,1,1,10,0,RECOMMENDATION,0.19683785725975012,0.19683785725975012,512,448,248,112,368546,328916,326092,115734,0,7,21,1453884,,0
300001,normal,0,1,1,11,0,RECOMMENDATION,0.55076828449011506,0.55076828449011506,512,512,360,120,372963,546345,323899,120993,0,7,22,683021,,0
300001,normal,0,1,1,12,0,RECOMMENDATION,0.30965019924890286,0.30965019924890286,512,512,280,120,402047,372232,240022,114192,0,7,22,623290,,0
300001,normal,0,1,1,13,6,RECOMMENDATION,0.603657569216554,0.603657569216554,512,512,368,176,373043,391500,430230,171909,0,6,28,648609,,0
300001,normal,0,1,1,14,5,RECOMMENDATION,0.11848642132794093,0.11848642132794093,512,320,224,152,364921,225210,207774,143907,0,6,25,866207,,0
300001,normal,0,1,1,15,0,RECOMMENDATION,0.22725699274642233,0.22725699274642233,512,448,248,112,390660,313674,268535,106189,0,7,21,634618,,0
300001,normal,0,1,1,16,0,RECOMMENDATION,0.19235864980329484,0.19235864980329484,512,448,208,112,368005,321876,190448,112060,0,7,21,669170,,0
300001,normal,0,1,1,17,0,RECOMMENDATION,0.033521633808874948,0.033521633808874948,512,192,80,80,363308,134373,74242,79981,0,7,17,654087,,0
300001,normal,0,1,1,18,0,RECOMMENDATION,0.013532467958004208,0.013532467958004208,512,64,64,64,376869,46741,60261,75203,0,7,15,656501,,0
300001,normal,0,1,1,19,0,RECOMMENDATION,0.054158994247477187,0.054158994247477187,512,320,112,96,536320,227613,100631,105619,0,7,19,605364,,0
300001,normal,0,1,1,20,0,RECOMMENDATION,0.025852236379490967,0.025852236379490967,512,64,64,64,365281,47382,60251,70337,0,7,15,628038,,0
300001,normal,0,1,1,21,0,RECOMMENDATION,0.024452331132027376,0.024452331132027376,512,64,64,64,542900,46871,64006,74672,0,7,15,716682,,0
300001,normal,0,1,1,22,0,RECOMMENDATION,0.03832160632752328,0.03832160632752328,512,192,80,80,367184,135785,73592,86701,0,7,17,679806,,0
300001,normal,0,1,1,23,0,RECOMMENDATION,0.051213854824470599,0.051213854824470599,512,320,96,96,372202,336829,87132,104388,0,7,19,664042,,0
300001,normal,0,1,1,24,0,RECOMMENDATION,0.028891383966512512,0.028891383966512512,512,64,64,64,370099,51067,63255,103286,0,7,15,1516108,,0
300001,normal,0,1,1,25,0,RECOMMENDATION,0.091561606122117528,0.091561606122117528,512,320,104,112,405542,226983,95144,134012,0,7,21,615679,,0
300001,normal,0,1,1,26,0,RECOMMENDATION,0.14851589869475135,0.14851589869475135,512,384,168,184,467335,270097,148845,179992,0,7,30,619515,,0
300001,normal,0,1,1,27,0,RECOMMENDATION,0.085553856486213095,0.085553856486213095,512,320,120,152,371621,229807,144508,192700,0,7,26,707888,,0
300001,normal,0,1,1,28,3,RECOMMENDATION,0.17265731414048119,0.17265731414048119,512,448,184,216,384571,323488,166842,215124,0,6,33,793248,,0
300001,normal,0,1,1,29,0,RECOMMENDATION,0.014774451868448731,0.014774451868448731,512,64,64,64,384730,45368,60942,68453,0,7,15,642490,,0
300001,normal,0,1,1,30,0,RECOMMENDATION,0.01522685885425774,0.01522685885425774,512,64,64,64,388987,45759,60130,72289,0,7,15,651153,,0
300001,normal,0,1,1,31,0,RECOMMENDATION,0.017957792155270845,0.017957792155270845,512,64,64,64,363979,45759,59670,69005,0,7,15,612023,,0
300001,normal,0,1,1,32,0,RECOMMENDATION,0.010587547407133078,0.010587547407133078,512,64,64,64,377770,48353,58618,70416,0,7,15,698624,,0
300001,normal,0,1,1,33,0,RECOMMENDATION,0.079850211737736917,0.079850211737736917,512,320,120,96,407105,228095,111398,106140,0,7,19,661538,,0
300001,normal,0,1,1,34,0,RECOMMENDATION,0.05453547370681338,0.05453547370681338,512,320,96,112,370189,228785,129676,158018,0,7,21,613836,,0
300001,normal,0,1,1,35,0,RECOMMENDATION,0.091353006891249131,0.091353006891249131,512,320,160,104,398651,226742,142895,105069,0,7,20,673146,,0
300001,normal,0,1,1,36,0,RECOMMENDATION,0.094312784953275192,0.094312784953275192,512,320,128,160,380775,233262,113862,156375,0,7,27,614167,,0
300001,normal,0,1,1,37,0,RECOMMENDATION,0.146627491863314,0.146627491863314,512,384,160,112,382538,311250,143106,154053,0,7,21,614287,,0
300001,normal,0,1,1,38,3,RECOMMENDATION,0.17198409516964921,0.17198409516964921,512,448,272,248,611889,324229,244088,247013,0,6,37,671273,,0
300001,normal,0,1,1,39,0,RECOMMENDATION,0.014126847571251034,0.014126847571251034,512,64,64,64,588158,46990,58899,69575,0,7,15,918927,,0
300001,normal,0,1,1,40,0,RECOMMENDATION,0.0290870007410075,0.0290870007410075,512,64,64,64,523390,49104,60100,70156,0,7,15,781299,,0
300001,normal,0,1,1,41,0,RECOMMENDATION,0.0076531638116217162,0.0076531638116217162,512,64,64,64,611853,47722,54021,65949,0,7,15,616040,,0
300001,normal,0,1,1,42,0,RECOMMENDATION,0.016706032057928706,0.016706032057928706,512,64,64,64,416379,46020,55754,70957,0,7,15,748400,,0
300001,normal,0,1,1,43,0,RECOMMENDATION,0.012377205237790539,0.012377205237790539,512,64,64,64,419604,45519,81804,66030,0,7,15,604572,,0
300001,normal,0,1,1,44,0,RECOMMENDATION,0.017521335463164443,0.017521335463164443,512,64,64,64,361626,52450,138159,95705,0,7,15,653837,,0
300001,normal,0,1,1,45,0,RECOMMENDATION,0.010777812666629125,0.010777812666629125,512,64,64,64,375757,46711,61903,70276,0,7,15,808129,,0
300001,normal,0,1,1,46,0,RECOMMENDATION,0.015813847225003834,0.015813847225003834,512,64,64,64,387314,80942,57787,71838,0,7,15,852967,,0
300001,normal,0,1,1,47,0,RECOMMENDATION,0.015863605173301369,0.015863605173301369,512,64,64,64,367955,256818,59440,73341,0,7,15,855020,,0
300001,normal,0,1,1,48,0,RECOMMENDATION,0.011421150091357758,0.011421150091357758,512,64,64,64,456158,97867,58598,66560,0,7,15,771775,,0
300001,normal,0,1,1,49,0,RECOMMENDATION,0.015196033424739198,0.015196033424739198,512,64,64,64,409017,66621,63085,359562,0,7,15,764284,,0
300001,normal,0,1,1,50,0,RECOMMENDATION,0.035050635891151816,0.035050635891151816,512,192,80,80,405823,133702,111308,85801,0,7,17,803572,,0
300001,normal,0,1,1,51,0,RECOMMENDATION,0.14431742228433247,0.14431742228433247,512,384,176,152,366974,296668,196386,189887,0,7,26,810833,,0
300001,normal,0,1,1,52,0,RECOMMENDATION,0.046739788518993991,0.046739788518993991,512,192,96,104,365151,139971,87683,101253,0,7,20,616921,,0
300001,normal,0,1,1,53,0,RECOMMENDATION,0.036965020326228636,0.036965020326228636,512,192,80,80,391611,134924,129896,82663,0,7,17,829153,,0
300001,normal,0,1,1,54,0,RECOMMENDATION,0.052179220005976121,0.052179220005976121,512,320,160,112,365411,223107,138669,124648,0,7,21,638253,,0
300001,normal,0,1,1,55,3,RECOMMENDATION,0.16740826496212255,0.16740826496212255,512,448,256,176,367906,549059,229757,169646,0,6,28,652675,,0
300001,normal,0,1,1,56,0,RECOMMENDATION,0.029717532900870959,0.029717532900870959,512,64,64,64,379363,48073,62554,71988,0,7,15,631293,,0
300001,normal,0,1,1,57,0,RECOMMENDATION,0.019314609564376403,0.019314609564376403,512,64,64,64,398221,47812,63516,73430,0,7,15,618193,,0
300001,normal,0,1,1,58,0,RECOMMENDATION,0.086776021374120729,0.086776021374120729,512,320,120,128,395867,230558,106340,225140,0,7,23,583130,,0
300001,normal,2,0,0,2,0,RECOMMENDATION,0.14161885200551014,0.71558687369595431,512,384,256,176,365872,269907,227634,216146,0,7,29,634057,,0
300001,normal,2,0,0,5,0,RECOMMENDATION,0.042001435989083319,0.51446464769581801,512,192,80,80,363819,135034,91979,83526,0,7,17,680557,,0
300001,normal,2,0,0,8,0,RECOMMENDATION,0.034927905566446933,0.37388989247078153,512,192,80,80,363879,167603,70206,119782,0,7,17,705495,,0
300001,normal,2,0,0,11,6,RECOMMENDATION,0.13311386475819895,0.70171300856812446,512,384,288,232,378091,270438,293773,226702,0,6,35,677082,,0
300001,normal,2,0,0,14,0,RECOMMENDATION,0.017937710201653245,0.2324824170589298,512,64,64,64,366593,45349,57507,68965,0,7,15,712606,,0
300001,normal,2,0,0,17,0,RECOMMENDATION,0.012173968679257678,0.15134995012534003,512,64,64,64,381867,45328,62284,84168,0,7,15,658233,,0
300001,normal,2,0,0,20,0,RECOMMENDATION,0.0049528781804637507,0.027005815410487171,512,64,64,64,383920,59980,60161,70286,0,7,15,588379,,0
300001,normal,2,0,0,23,0,RECOMMENDATION,0.012060481982284625,0.028758315882700804,512,64,64,64,370029,46250,61132,72710,0,7,15,597873,,0
300001,normal,2,0,0,26,0,RECOMMENDATION,0.0066624723600130237,0.05397949734633295,512,64,64,64,408847,46741,58609,70436,0,7,15,646887,,0
300001,normal,2,0,0,29,0,RECOMMENDATION,0.0050478137942438356,0.038020802847088787,512,64,64,64,456970,46320,76365,70677,0,7,15,598864,,0
300001,normal,2,0,0,32,0,RECOMMENDATION,0.0076820200961940149,0.046197255741596201,512,64,64,64,362658,46750,57116,68824,0,7,15,598463,,0
300001,normal,2,0,0,35,6,RECOMMENDATION,0.11021818317561359,0.32135125720862673,512,320,272,272,401046,239612,248506,261595,0,6,40,867659,,0
300001,normal,2,0,0,38,0,RECOMMENDATION,0.12882522530865925,0.41998465973411386,512,384,264,208,406063,329096,258700,232211,0,7,33,590080,,0
300001,normal,2,0,0,41,6,RECOMMENDATION,0.18118279279376728,0.56917181318358512,512,448,336,288,362307,330929,571363,269086,0,5,41,609640,,0
300001,normal,2,0,0,44,6,RECOMMENDATION,0.12514186228467616,0.41753005324325781,512,384,152,120,360915,293382,129535,110687,0,7,22,578362,,0
300001,normal,2,0,0,47,0,RECOMMENDATION,0.10120724404447846,0.55380303294643163,512,320,200,112,407204,228655,190277,106531,0,7,21,627266,,0
300001,normal,2,0,0,50,6,RECOMMENDATION,0.14491228214824156,0.67183402079896037,512,384,264,200,370930,271570,283308,205450,0,7,32,613536,,0
300001,normal,2,0,0,53,6,RECOMMENDATION,0.21161073200859801,0.87561256376527341,512,448,200,144,361285,312111,175675,151599,0,7,25,590321,,0
300001,normal,2,0,0,56,0,RECOMMENDATION,0.011661159330946346,0.092119986570553702,512,64,64,64,479304,47792,61202,69946,0,7,15,607197,,0
300001,normal,2,0,1,2,0,RECOMMENDATION,0.14161885200551014,0.71558687369595431,512,384,256,176,436689,271350,229467,166922,0,7,29,628098,,0
300001,normal,2,0,1,5,0,RECOMMENDATION,0.042001435989083319,0.51446464769581801,512,192,80,80,393504,134593,75113,83436,0,7,17,673136,,0
300001,normal,2,0,1,8,0,RECOMMENDATION,0.034927905566446933,0.37388989247078153,512,192,80,80,360454,137918,69295,78338,0,7,17,622319,,0
300001,normal,2,0,1,11,6,RECOMMENDATION,0.13311386475819895,0.70171300856812446,512,384,288,232,382617,301315,263668,226040,0,6,35,643242,,0
300001,normal,2,0,1,14,0,RECOMMENDATION,0.017937710201653245,0.2324824170589298,512,64,64,64,365682,45359,57467,65740,0,7,15,605203,,0
300001,normal,2,0,1,17,0,RECOMMENDATION,0.012173968679257678,0.15134995012534003,512,64,64,64,378801,64728,62244,70997,0,7,15,626856,,0
300001,normal,2,0,1,20,0,RECOMMENDATION,0.0049528781804637507,0.027005815410487171,512,64,64,64,382677,47982,59741,70616,0,7,15,583591,,0
300001,normal,2,0,1,23,0,RECOMMENDATION,0.012060481982284625,0.028758315882700804,512,64,64,64,475027,46230,61082,72038,0,7,15,591693,,0
300001,normal,2,0,1,26,0,RECOMMENDATION,0.0066624723600130237,0.05397949734633295,512,64,64,64,363468,45849,58028,71197,0,7,15,679786,,0
300001,normal,2,0,1,29,0,RECOMMENDATION,0.0050478137942438356,0.038020802847088787,512,64,64,64,378301,54622,61002,69505,0,7,15,627217,,0
300001,normal,2,0,1,32,0,RECOMMENDATION,0.0076820200961940149,0.046197255741596201,512,64,64,64,365842,46850,57456,82574,0,7,15,581697,,0
300001,normal,2,0,1,35,6,RECOMMENDATION,0.11021818317561359,0.32135125720862673,512,320,272,272,367765,225280,246342,284790,0,6,40,664393,,0
300001,normal,2,0,1,38,0,RECOMMENDATION,0.12882522530865925,0.41998465973411386,512,384,264,208,387004,270819,265050,220463,0,7,33,619135,,0
300001,normal,2,0,1,41,6,RECOMMENDATION,0.18118279279376728,0.56917181318358512,512,448,336,288,362437,329368,332582,273283,0,5,41,587967,,0
300001,normal,2,0,1,44,6,RECOMMENDATION,0.12514186228467616,0.41753005324325781,512,384,152,120,360995,277589,142365,110448,0,7,22,577892,,0
300001,normal,2,0,1,47,0,RECOMMENDATION,0.10120724404447846,0.55380303294643163,512,320,200,112,424771,262166,176266,106050,0,7,21,673737,,0
300001,normal,2,0,1,50,6,RECOMMENDATION,0.14491228214824156,0.67183402079896037,512,384,264,200,365312,269116,252101,194313,0,7,32,651794,,0
300001,normal,2,0,1,53,6,RECOMMENDATION,0.21161073200859801,0.87561256376527341,512,448,200,144,360534,312732,202336,134454,1,6,25,637362,,0
300001,normal,2,0,1,56,0,RECOMMENDATION,0.011661159330946346,0.092119986570553702,512,64,64,64,380314,47902,61042,69524,0,7,15,610072,,0
300001,normal,2,0.34999999999999998,0,2,6,RECOMMENDATION,0.34117407272381162,0.70416999882794817,512,512,296,200,365702,357950,276257,231860,0,6,31,846698,,0
300001,normal,2,0.34999999999999998,0,5,4,RECOMMENDATION,0.16663865466719957,0.37423512788165042,512,448,176,168,362818,328796,155916,157528,0,6,27,706126,,0
300001,normal,2,0.34999999999999998,0,8,4,RECOMMENDATION,0.086560108107259892,0.17299686627726441,512,320,168,152,357700,230418,216217,135205,0,6,25,618063,,0
300001,normal,2,0.34999999999999998,0,11,6,RECOMMENDATION,0.26775554354700482,0.57698148289975126,512,448,280,192,367364,342156,274084,186041,0,6,30,591953,,0
300001,normal,2,0.34999999999999998,0,14,0,RECOMMENDATION,0.077316937221407978,0.19636073399222467,512,320,200,96,360925,222205,183476,89695,0,7,19,596971,,0
300001,normal,2,0.34999999999999998,0,17,0,RECOMMENDATION,0.061327888349232036,0.15349975021347587,512,320,120,96,391031,223658,102154,152961,0,7,19,606025,,0
300001,normal,2,0.34999999999999998,0,20,0,RECOMMENDATION,0.012921394191229637,0.030373591570349415,512,64,64,64,361416,47392,58368,68374,0,7,15,598704,,0
300001,normal,2,0.34999999999999998,0,23,0,RECOMMENDATION,0.01585445612185736,0.030222677687602974,512,64,64,64,367324,45699,59329,72911,0,7,15,595178,,0
300001,normal,2,0.34999999999999998,0,26,0,RECOMMENDATION,0.010952059552288942,0.027308872987957904,512,64,64,64,360574,65629,53220,62224,0,7,15,619025,,0
300001,normal,2,0.34999999999999998,0,29,0,RECOMMENDATION,0.0063005647535064515,0.014343999392319598,512,128,128,128,358331,88794,109695,133782,0,6,22,589710,,0
300001,normal,2,0.34999999999999998,0,32,0,RECOMMENDATION,0.0042406421763718774,0.0099739368840493104,512,64,64,64,358972,62865,52650,64588,0,7,15,589891,,0
300001,normal,2,0.34999999999999998,0,35,0,RECOMMENDATION,0.028868736581752936,0.064371858561311279,512,64,64,64,403409,46840,61093,69805,0,7,15,591453,,0
300001,normal,2,0.34999999999999998,0,38,0,RECOMMENDATION,0.12605260150503375,0.21237158598534406,512,384,200,176,365181,270358,174613,226332,0,7,29,588207,,0
300001,normal,2,0.34999999999999998,0,41,0,RECOMMENDATION,0.036718376399755774,0.08339330814475121,512,192,80,88,377339,201334,71938,84087,0,7,18,595879,,0
300001,normal,2,0.34999999999999998,0,44,0,RECOMMENDATION,0.027101368141994153,0.062376817411087089,512,64,64,64,362768,47322,74863,68003,0,7,15,576220,,0
300001,normal,2,0.34999999999999998,0,47,0,RECOMMENDATION,0.027546701704582909,0.063991071334004723,512,64,64,64,380053,45629,56305,79190,0,7,15,640887,,0
300001,normal,2,0.34999999999999998,0,50,0,RECOMMENDATION,0.04836493784220415,0.083731350427146911,512,192,88,80,364651,150978,84097,90807,0,7,17,721750,,0
300001,normal,2,0.34999999999999998,0,53,0,RECOMMENDATION,0.019133804256059241,0.041834067920175438,512,128,128,128,363939,110417,157668,133691,0,6,22,655630,,0
300001,normal,2,0.34999999999999998,0,56,3,RECOMMENDATION,0.1600751398705994,0.16914458373043734,512,448,352,344,360944,319873,316118,358301,0,5,48,611242,,0
300001,normal,2,0.34999999999999998,1,2,6,RECOMMENDATION,0.34117407272381162,0.70416999882794817,512,512,296,200,365041,372261,261274,189115,0,6,31,605895,0.5628110374293448,1024
300001,normal,2,0.34999999999999998,1,5,4,RECOMMENDATION,0.16663865466719957,0.37423512788165042,512,448,176,168,363229,328977,181464,158168,0,6,27,631633,0.38964247902906501,1024
300001,normal,2,0.34999999999999998,1,8,4,RECOMMENDATION,0.086560108107259892,0.17299686627726441,512,320,168,152,358642,259842,141113,136016,0,6,25,626946,0.22128990428581305,1024
300001,normal,2,0.34999999999999998,1,11,6,RECOMMENDATION,0.26775554354700482,0.57698148289975126,512,448,280,192,369127,318871,449808,186501,0,6,30,592875,0.54373102250703365,1024
300001,normal,2,0.34999999999999998,1,14,0,RECOMMENDATION,0.077316937221407978,0.19636073399222467,512,320,200,96,376529,327254,167542,91357,0,7,19,595038,0.34472237450389481,1024
300001,normal,2,0.34999999999999998,1,17,0,RECOMMENDATION,0.061327888349232036,0.15349975021347587,512,320,120,96,513125,317810,799166,96756,0,7,19,616721,0.2019660484601716,1024
300001,normal,2,0.34999999999999998,1,20,0,RECOMMENDATION,0.012921394191229637,0.030373591570349415,512,64,64,64,362567,62444,59700,97347,0,7,15,584952,0.092354689900486106,1024
300001,normal,2,0.34999999999999998,1,23,0,RECOMMENDATION,0.01585445612185736,0.030222677687602974,512,64,64,64,407965,46931,60271,80221,0,7,15,661218,0.058527518236186786,1024
300001,normal,2,0.34999999999999998,1,26,0,RECOMMENDATION,0.010952059552288942,0.027308872987957904,512,64,64,64,570110,45930,54933,91789,0,7,15,636721,0.03276678893641273,1024
300001,normal,2,0.34999999999999998,1,29,0,RECOMMENDATION,0.0063005647535064515,0.014343999392319598,512,128,128,128,458752,120291,110016,115614,0,6,22,611133,0.026301314240898141,1024
300001,normal,2,0.34999999999999998,1,32,0,RECOMMENDATION,0.0042406421763718774,0.0099739368840493104,512,64,64,64,356678,46209,52809,64847,0,7,15,593466,0.0087540754037291578,1024
300001,normal,2,0.34999999999999998,1,35,0,RECOMMENDATION,0.028868736581752936,0.064371858561311279,512,64,64,64,384190,45790,59920,70466,0,7,15,612244,0.068393077676651093,1024
300001,normal,2,0.34999999999999998,1,38,0,RECOMMENDATION,0.12605260150503375,0.21237158598534406,512,384,200,176,384030,269917,175975,179551,0,7,29,644783,0.20967285892046003,1024
300001,normal,2,0.34999999999999998,1,41,0,RECOMMENDATION,0.036718376399755774,0.08339330814475121,512,192,80,88,376888,134262,71598,84578,0,7,18,595789,0.085756291127127224,1024
300001,normal,2,0.34999999999999998,1,44,0,RECOMMENDATION,0.027101368141994153,0.062376817411087089,512,64,64,64,363048,47371,60892,84848,0,7,15,589309,0.071473033599428346,1024
300001,normal,2,0.34999999999999998,1,47,0,RECOMMENDATION,0.027546701704582909,0.063991071334004723,512,64,64,64,362377,45368,56255,65359,0,7,15,659185,0.062534723127054756,1024
300001,normal,2,0.34999999999999998,1,50,0,RECOMMENDATION,0.04836493784220415,0.083731350427146911,512,192,88,80,380694,136135,80392,86621,0,7,17,603081,0.12655027182094561,1024
300001,normal,2,0.34999999999999998,1,53,0,RECOMMENDATION,0.019133804256059241,0.041834067920175438,512,128,128,128,363048,90427,167242,150787,0,6,22,590161,0.083711632637174946,1024
300001,normal,2,0.34999999999999998,1,56,3,RECOMMENDATION,0.1600751398705994,0.16914458373043734,512,448,352,344,456889,320213,317299,336758,0,5,48,590852,0.1841502080406775,1024
300001,normal,2,1,0,2,6,RECOMMENDATION,0.70416999882794817,0.70416999882794817,512,512,312,176,433274,420274,275045,167833,0,6,28,587457,,0
300001,normal,2,1,0,5,4,RECOMMENDATION,0.37423512788165042,0.37423512788165042,512,512,192,176,379913,361646,168043,181815,0,6,28,649620,,0
300001,normal,2,1,0,8,4,RECOMMENDATION,0.17299686627726441,0.17299686627726441,512,448,152,112,357170,372122,125049,99750,0,7,21,602309,,0
300001,normal,2,1,0,11,6,RECOMMENDATION,0.57698148289975126,0.57698148289975126,512,512,272,176,368036,392492,242686,169426,0,6,28,576641,,0
300001,normal,2,1,0,14,0,RECOMMENDATION,0.19636073399222467,0.19636073399222467,512,448,328,168,360695,329607,277428,150948,0,6,27,631703,,0
300001,normal,2,1,0,17,5,RECOMMENDATION,0.1393028862766495,0.1393028862766495,512,384,184,160,362808,284560,157338,147342,0,6,26,628289,,0
300001,normal,2,1,0,20,0,RECOMMENDATION,0.012866177317067413,0.012866177317067413,512,64,64,64,391281,47251,57036,67192,0,7,15,588578,,0
300001,normal,2,1,0,23,0,RECOMMENDATION,0.018921875689908777,0.018921875689908777,512,64,64,64,364370,45168,59560,71919,0,7,15,593606,,0
300001,normal,2,1,0,26,0,RECOMMENDATION,0.013167930426765249,0.013167930426765249,512,64,64,64,358120,44377,52900,64818,0,7,15,655339,,0
300001,normal,2,1,0,29,0,RECOMMENDATION,0.0077952480235087118,0.0077952480235087118,512,64,64,64,375596,44697,58478,64438,0,7,15,634066,,0
300001,normal,2,1,0,32,0,RECOMMENDATION,0.0099739368840493104,0.0099739368840493104,512,64,64,64,357870,46651,96405,91207,0,7,15,645405,,0
300001,normal,2,1,0,35,0,RECOMMENDATION,0.072181011552175586,0.072181011552175586,512,320,152,104,369618,1353963,135465,105109,0,7,20,642790,,0
300001,normal,2,1,0,38,3,RECOMMENDATION,0.16371055844143581,0.16371055844143581,512,448,272,232,399053,1668358,272682,229707,0,6,35,779025,,0
300001,normal,2,1,0,41,0,RECOMMENDATION,0.009424929738406437,0.009424929738406437,512,64,64,64,357359,44998,73891,63194,0,7,15,617623,,0
300001,normal,2,1,0,44,0,RECOMMENDATION,0.011273027465947065,0.011273027465947065,512,64,64,64,447045,47131,57708,67683,0,7,15,602769,,0
300001,normal,2,1,0,47,0,RECOMMENDATION,0.009059693397247116,0.009059693397247116,512,64,64,64,560145,46821,54022,67171,0,7,15,631964,,0
300001,normal,2,1,0,50,0,RECOMMENDATION,0.010827472131870065,0.010827472131870065,512,64,64,64,356889,44537,54593,67562,0,7,15,787098,,0
300001,normal,2,1,0,53,0,RECOMMENDATION,0.016292729558718917,0.016292729558718917,512,64,64,64,361395,45308,62054,68394,0,7,15,620186,,0
300001,normal,2,1,0,56,0,RECOMMENDATION,0.021612043014206002,0.021612043014206002,512,64,64,64,382628,48643,60031,103286,0,7,15,758054,,0
300001,normal,2,1,1,2,6,RECOMMENDATION,0.70416999882794817,0.70416999882794817,512,512,312,176,427044,385582,277028,170226,0,6,28,662490,,0
300001,normal,2,1,1,5,4,RECOMMENDATION,0.37423512788165042,0.37423512788165042,512,512,192,176,376828,456208,166351,226953,0,6,28,678925,,0
300001,normal,2,1,1,8,4,RECOMMENDATION,0.17299686627726441,0.17299686627726441,512,448,152,112,570992,320063,124939,101083,0,7,21,619705,,0
300001,normal,2,1,1,11,6,RECOMMENDATION,0.57698148289975126,0.57698148289975126,512,512,272,176,419112,373874,243207,225680,0,6,28,584793,,0
300001,normal,2,1,1,14,0,RECOMMENDATION,0.19636073399222467,0.19636073399222467,512,448,328,168,490320,311249,337599,191019,0,6,27,683151,,0
300001,normal,2,1,1,17,5,RECOMMENDATION,0.1393028862766495,0.1393028862766495,512,384,184,160,413104,267364,181874,144498,0,6,26,587106,,0
300001,normal,2,1,1,20,0,RECOMMENDATION,0.012866177317067413,0.012866177317067413,512,64,64,64,406023,47011,58018,68233,0,7,15,611923,,0
300001,normal,2,1,1,23,0,RECOMMENDATION,0.018921875689908777,0.018921875689908777,512,64,64,64,380154,45499,60331,73180,0,7,15,580836,,0
300001,normal,2,1,1,26,0,RECOMMENDATION,0.013167930426765249,0.013167930426765249,512,64,64,64,379393,45098,55654,119230,0,7,15,612865,,0
300001,normal,2,1,1,29,0,RECOMMENDATION,0.0077952480235087118,0.0077952480235087118,512,64,64,64,358701,44898,60321,66460,0,7,15,670852,,0
300001,normal,2,1,1,32,0,RECOMMENDATION,0.0099739368840493104,0.0099739368840493104,512,64,64,64,369919,45909,52420,64927,0,7,15,609310,,0
300001,normal,2,1,1,35,0,RECOMMENDATION,0.072181011552175586,0.072181011552175586,512,320,152,104,379572,243758,130497,104347,0,7,20,579094,,0
300001,normal,2,1,1,38,3,RECOMMENDATION,0.16371055844143581,0.16371055844143581,512,448,272,232,365391,384441,322617,226361,0,6,35,633867,,0
300001,normal,2,1,1,41,0,RECOMMENDATION,0.009424929738406437,0.009424929738406437,512,64,64,64,357660,44958,54403,62765,0,7,15,622419,,0
300001,normal,2,1,1,44,0,RECOMMENDATION,0.011273027465947065,0.011273027465947065,512,64,64,64,358020,47602,57537,67742,0,7,15,651453,,0
300001,normal,2,1,1,47,0,RECOMMENDATION,0.009059693397247116,0.009059693397247116,512,64,64,64,358011,121243,55513,67382,0,7,15,636010,,0
300001,normal,2,1,1,50,0,RECOMMENDATION,0.010827472131870065,0.010827472131870065,512,64,64,64,406003,44968,55624,65919,0,7,15,613405,,0
300001,normal,2,1,1,53,0,RECOMMENDATION,0.016292729558718917,0.016292729558718917,512,64,64,64,361015,45098,62173,68864,0,7,15,634067,,0
300001,normal,2,1,1,56,0,RECOMMENDATION,0.021612043014206002,0.021612043014206002,512,64,64,64,383799,60070,60381,69565,0,7,15,698464,,0
300001,normal,5,0,0,5,0,RECOMMENDATION,0.042001435989083319,0.51446464769581801,512,192,80,80,429659,135634,71959,79891,0,7,17,623461,,0
300001,normal,5,0,0,11,6,RECOMMENDATION,0.13311386475819895,0.70171300856812446,512,384,288,248,371861,271210,302346,246472,0,5,36,711894,,0
300001,normal,5,0,0,17,0,RECOMMENDATION,0.012173968679257678,0.15134995012534003,512,64,64,64,364080,45458,60902,68483,0,7,15,641689,,0
300001,normal,5,0,0,23,0,RECOMMENDATION,0.012060481982284625,0.028758315882700804,512,64,64,64,388987,46541,61593,72970,0,7,15,576310,,0
300001,normal,5,0,0,29,0,RECOMMENDATION,0.0050478137942438356,0.038020802847088787,512,64,64,64,364020,45428,59590,131790,0,7,15,586305,,0
300001,normal,5,0,0,35,6,RECOMMENDATION,0.11021818317561359,0.32135125720862673,512,320,272,272,371020,227283,276757,262827,0,6,40,640216,,0
300001,normal,5,0,0,41,6,RECOMMENDATION,0.18118279279376728,0.56917181318358512,512,448,336,288,377209,316137,318080,268917,0,5,41,740367,,0
300001,normal,5,0,0,47,6,RECOMMENDATION,0.22033456390168971,0.78494252820541499,512,448,160,144,364721,528628,135995,131338,0,7,25,607578,,0
300001,normal,5,0,0,53,6,RECOMMENDATION,0.22279154991157746,0.88449963557696532,512,448,352,304,374805,312492,326352,278199,0,6,44,639485,,0
300001,normal,5,0,1,5,0,RECOMMENDATION,0.042001435989083319,0.51446464769581801,512,192,80,80,401696,135375,73180,81163,0,7,17,613225,,0
300001,normal,5,0,1,11,6,RECOMMENDATION,0.13311386475819895,0.70171300856812446,512,384,288,248,394455,271540,261925,241795,0,5,36,577681,,0
300001,normal,5,0,1,17,0,RECOMMENDATION,0.012173968679257678,0.15134995012534003,512,64,64,64,413845,46760,61312,69244,0,7,15,674178,,0
300001,normal,5,0,1,23,0,RECOMMENDATION,0.012060481982284625,0.028758315882700804,512,64,64,64,390780,46821,61894,74772,0,7,15,638604,,0
300001,normal,5,0,1,29,0,RECOMMENDATION,0.0050478137942438356,0.038020802847088787,512,64,64,64,363839,45138,60021,69264,0,7,15,629641,,0
300001,normal,5,0,1,35,6,RECOMMENDATION,0.11021818317561359,0.32135125720862673,512,320,272,272,367575,225991,294705,260443,0,6,40,591693,,0
300001,normal,5,0,1,41,6,RECOMMENDATION,0.18118279279376728,0.56917181318358512,512,448,336,288,390099,316098,314525,281795,0,5,41,697955,,0
300001,normal,5,0,1,47,6,RECOMMENDATION,0.22033456390168971,0.78494252820541499,512,448,160,128,368446,313744,135785,191569,4,3,23,682610,,0
300001,normal,5,0,1,53,6,RECOMMENDATION,0.22279154991157746,0.88449963557696532,512,448,352,304,359362,352152,379263,277589,0,6,44,588659,,0
300001,normal,5,0.34999999999999998,0,5,0,RECOMMENDATION,0.20736356008644044,0.51446464769581801,512,448,176,112,362467,312452,194714,106020,0,7,21,578563,,0
300001,normal,5,0.34999999999999998,0,11,6,RECOMMENDATION,0.33212356509167285,0.70171300856812446,512,512,312,248,433465,361306,283688,272743,0,5,36,615178,,0
300001,normal,5,0.34999999999999998,0,17,0,RECOMMENDATION,0.060885562185386502,0.15134995012534003,512,320,168,152,363739,223838,152721,191439,0,6,25,594758,,0
300001,normal,5,0.34999999999999998,0,23,0,RECOMMENDATION,0.01790472384743029,0.028758315882700804,512,64,64,64,371681,46330,61042,72199,0,7,15,631353,,0
300001,normal,5,0.34999999999999998,0,29,0,RECOMMENDATION,0.016588359962739566,0.038020802847088787,512,64,64,64,454857,46921,61543,69164,0,7,15,626416,,0
300001,normal,5,0.34999999999999998,0,35,3,RECOMMENDATION,0.15961707328433269,0.16820389810938632,512,448,304,264,369287,372753,305261,251981,0,6,39,665374,,0
300001,normal,5,0.34999999999999998,0,41,0,RECOMMENDATION,0.012277060096879998,0.030224300044424588,512,64,64,64,359112,44628,56485,62194,0,7,15,698364,,0
300001,normal,5,0.34999999999999998,0,47,0,RECOMMENDATION,0.024642799719983517,0.056529125850191236,512,64,64,64,365191,46000,57236,80111,0,7,15,593255,,0
300001,normal,5,0.34999999999999998,0,53,0,RECOMMENDATION,0.03279175812998783,0.065014955661948898,512,192,80,80,386203,135915,73591,80902,0,7,17,644092,,0
300001,normal,5,0.34999999999999998,1,5,0,RECOMMENDATION,0.20736356008644044,0.51446464769581801,512,448,176,112,362577,327725,152190,106641,0,7,21,643000,,0
300001,normal,5,0.34999999999999998,1,11,6,RECOMMENDATION,0.33212356509167285,0.70171300856812446,512,512,312,248,384641,382157,281365,263598,0,5,36,583371,,0
300001,normal,5,0.34999999999999998,1,17,0,RECOMMENDATION,0.060885562185386502,0.15134995012534003,512,320,168,152,388236,224379,153312,146552,0,6,25,602369,,0
300001,normal,5,0.34999999999999998,1,23,0,RECOMMENDATION,0.01790472384743029,0.028758315882700804,512,64,64,64,371702,46541,61853,76446,0,7,15,623672,,0
300001,normal,5,0.34999999999999998,1,29,0,RECOMMENDATION,0.016588359962739566,0.038020802847088787,512,64,64,64,364009,45689,61243,68864,0,7,15,607417,,0
300001,normal,5,0.34999999999999998,1,35,3,RECOMMENDATION,0.15961707328433269,0.16820389810938632,512,448,304,264,406874,317199,298020,248916,0,6,39,621508,,0
300001,normal,5,0.34999999999999998,1,41,0,RECOMMENDATION,0.012277060096879998,0.030224300044424588,512,64,64,64,359743,44637,55804,62694,0,7,15,639395,,0
300001,normal,5,0.34999999999999998,1,47,0,RECOMMENDATION,0.024642799719983517,0.056529125850191236,512,64,64,64,368686,47031,59109,86621,0,7,15,668228,,0
300001,normal,5,0.34999999999999998,1,53,0,RECOMMENDATION,0.03279175812998783,0.065014955661948898,512,192,80,80,384510,134884,74062,112499,0,7,17,658514,,0
300001,normal,5,1,0,5,4,RECOMMENDATION,0.50183487984864461,0.50183487984864461,512,512,256,176,430730,358280,242676,163106,0,6,28,613917,,0
300001,normal,5,1,0,11,6,RECOMMENDATION,0.67437670592432775,0.67437670592432775,512,512,320,176,369818,389969,291871,174503,0,6,28,698474,,0
300001,normal,5,1,0,17,5,RECOMMENDATION,0.12937936837603681,0.12937936837603681,512,384,176,160,443039,271450,156456,150857,0,6,26,653186,,0
300001,normal,5,1,0,23,0,RECOMMENDATION,0.024795817213852558,0.024795817213852558,512,64,64,64,369017,45859,60952,72029,0,7,15,632344,,0
300001,normal,5,1,0,29,0,RECOMMENDATION,0.050195482133389105,0.050195482133389105,512,320,128,120,618254,225641,113181,114032,0,7,22,625083,,0
300001,normal,5,1,0,35,3,RECOMMENDATION,0.17505913957532293,0.17505913957532293,512,448,272,200,366703,314124,276167,196397,0,6,31,705284,,0
300001,normal,5,1,0,41,0,RECOMMENDATION,0.052057248476518415,0.052057248476518415,512,320,128,160,362307,234524,108534,144769,0,7,27,613936,,0
300001,normal,5,1,0,47,0,RECOMMENDATION,0.083408244237808932,0.083408244237808932,512,320,160,128,542179,226282,157498,118810,0,7,23,583210,,0
300001,normal,5,1,0,53,0,RECOMMENDATION,0.10987310986681625,0.10987310986681625,512,320,112,128,406824,225370,101943,121974,0,7,23,707398,,0
300001,normal,5,1,1,5,4,RECOMMENDATION,0.50183487984864461,0.50183487984864461,512,512,256,176,361916,393484,223908,167844,0,6,28,642179,,0
300001,normal,5,1,1,11,6,RECOMMENDATION,0.67437670592432775,0.67437670592432775,512,512,320,176,435618,360434,318270,173181,0,6,28,616801,,0
300001,normal,5,1,1,17,5,RECOMMENDATION,0.12937936837603681,0.12937936837603681,512,384,176,160,362577,268345,155585,150237,0,6,26,643361,,0
300001,normal,5,1,1,23,0,RECOMMENDATION,0.024795817213852558,0.024795817213852558,512,64,64,64,401075,79760,62684,74192,0,7,15,591593,,0
300001,normal,5,1,1,29,0,RECOMMENDATION,0.050195482133389105,0.050195482133389105,512,320,128,120,364860,223828,114403,114894,0,7,22,613416,,0
300001,normal,5,1,1,35,3,RECOMMENDATION,0.17505913957532293,0.17505913957532293,512,448,272,200,365321,328475,238500,191940,0,6,31,611663,,0
300001,normal,5,1,1,41,0,RECOMMENDATION,0.052057248476518415,0.052057248476518415,512,320,128,160,362598,268114,108293,144528,0,7,27,622599,,0
300001,normal,5,1,1,47,0,RECOMMENDATION,0.083408244237808932,0.083408244237808932,512,320,160,128,405612,224629,137417,119159,0,7,23,629661,,0
300001,normal,5,1,1,53,0,RECOMMENDATION,0.10987310986681625,0.10987310986681625,512,320,112,128,383259,225340,100632,122775,0,7,23,625655,,0
300001,supply,0,0,0,0,0,RECOMMENDATION,0.0072042540707384067,0.10890010057432363,512,64,64,64,377149,46811,54573,62053,0,7,15,627707,,0
300001,supply,0,0,0,1,0,RECOMMENDATION,0.0072976515591645971,0.12261156293599489,512,64,64,64,360494,44617,57557,64557,0,7,15,630762,,0
300001,supply,0,0,0,2,0,RECOMMENDATION,0.028308923871882438,0.35512250461932737,512,64,64,64,375326,74633,89035,66240,0,7,15,611333,,0
300001,supply,0,0,0,3,0,RECOMMENDATION,0.0083312813369694795,0.14388738767895787,512,64,64,64,399764,45709,54612,66050,0,7,15,625193,,0
300001,supply,0,0,0,4,0,RECOMMENDATION,0.012447434060961141,0.17959496877228961,512,64,64,64,360605,46591,116737,64958,0,7,15,619104,,0
300001,supply,0,0,0,5,0,RECOMMENDATION,0.025258757774418109,0.23918757821326592,512,64,64,64,494356,47452,153952,70236,0,7,15,1079189,,0
300001,supply,0,0,0,6,0,RECOMMENDATION,0.01529108498876581,0.17142597439652113,512,64,64,64,365251,44938,58028,69875,0,7,15,824925,,0
300001,supply,0,0,0,7,0,RECOMMENDATION,0.022803630196569974,0.32628542373841901,512,64,64,64,362527,45028,56055,65279,0,7,15,636721,,0
300001,supply,0,0,0,8,0,RECOMMENDATION,0.022326375337573916,0.26551284757550636,512,64,64,64,361235,49114,57537,66671,0,7,15,1513755,,0
300001,supply,0,0,0,9,0,RECOMMENDATION,0.029714091594589372,0.26430457932125057,512,64,64,64,409579,46921,60040,68403,0,7,15,609570,,0
300001,supply,0,0,0,10,0,RECOMMENDATION,0.051263898655159797,0.33325138460035514,512,320,136,96,422228,266302,120032,96837,0,7,19,585313,,0
300001,supply,0,0,0,11,0,RECOMMENDATION,0.027504042159929274,0.23626052779399567,512,64,64,64,370850,46590,59871,70496,0,7,15,698304,,0
300001,supply,0,0,0,12,0,RECOMMENDATION,0.014997863952303162,0.17728909039337615,512,64,64,64,361476,48513,84938,67893,0,7,15,910795,,0
300001,supply,0,0,0,13,0,RECOMMENDATION,0.02236593930112175,0.25982035748637555,512,64,64,64,362407,45558,87462,68263,0,7,15,652775,,0
300001,supply,0,0,0,14,0,RECOMMENDATION,0.010229600750135341,0.14879618330745292,512,64,64,64,444702,47191,131990,70887,0,7,15,686075,,0
300001,supply,0,0,0,15,0,RECOMMENDATION,0.012852773492550689,0.21952844354902395,512,64,64,64,398462,44848,54252,62485,0,7,15,589870,,0
300001,supply,0,0,0,16,0,RECOMMENDATION,0.023313408272204909,0.27199964522967573,512,64,64,64,379943,46170,54532,105449,0,7,15,579324,,0
300001,supply,0,0,0,17,0,RECOMMENDATION,0.026998346779957542,0.27699578244609924,512,64,64,64,362577,44998,63536,108243,0,7,15,594097,,0
300001,supply,0,0,0,18,0,RECOMMENDATION,0.049542181888762006,0.38887941110893537,512,192,120,80,365332,134864,105189,83267,0,7,17,661899,,0
300001,supply,0,0,0,19,3,RECOMMENDATION,0.24752182044344273,0.50657961668406004,512,448,408,408,434636,351220,387214,424902,0,4,55,642359,,0
300001,supply,0,0,0,20,3,RECOMMENDATION,0.30995719446091163,0.55296389726227735,512,512,440,432,362978,389207,415066,468958,0,3,57,629560,,0
300001,supply,0,0,0,21,3,RECOMMENDATION,0.30216273808966049,0.66708209407136054,512,512,456,432,363678,1348845,443940,447245,0,3,57,635389,,0
300001,supply,0,0,0,22,3,RECOMMENDATION,0.28831324408148207,0.4513239273147957,512,512,448,416,426234,365972,439042,410781,0,4,56,681128,,0
300001,supply,0,0,0,23,3,RECOMMENDATION,0.29588638451492888,0.6484696114257128,512,512,440,424,388186,361806,403499,454325,0,4,57,581829,,0
300001,supply,0,0,0,24,3,RECOMMENDATION,0.32995315767871169,0.60055579720472274,512,512,456,440,362858,416699,423700,485553,0,3,58,581768,,0
300001,supply,0,0,0,25,3,RECOMMENDATION,0.26606703461671694,0.56031694349649064,512,448,424,416,365071,316518,403269,421345,0,4,56,695630,,0
300001,supply,0,0,0,26,0,RECOMMENDATION,0.047293322140733972,0.47544621957315786,512,192,152,80,361005,175194,128785,80300,0,7,17,650142,,0
300001,supply,0,0,0,27,6,RECOMMENDATION,0.10577242502239413,0.47628596597530215,512,320,256,184,415437,226431,228424,170557,0,6,29,670672,,0
300001,supply,0,0,0,28,0,RECOMMENDATION,0.020707448151103609,0.26644394799345844,512,64,64,64,374925,47391,55173,64537,0,7,15,610742,,0
300001,supply,0,0,0,29,0,RECOMMENDATION,0.0031816292585829186,0.039586852094074108,512,64,64,64,497922,45478,55323,62213,0,7,15,614628,,0
300001,supply,0,0,0,30,0,RECOMMENDATION,0.013543283141365416,0.22126007552347124,512,64,64,64,373163,45409,57186,115534,0,7,15,579334,,0
300001,supply,0,0,0,31,0,RECOMMENDATION,0.019858123830606426,0.24689617777305556,512,64,64,64,364991,45088,56736,68143,0,7,15,611593,,0
300001,supply,0,0,0,32,0,RECOMMENDATION,0.020438793392650912,0.27803772118861148,512,64,64,64,360654,47532,57617,66410,0,7,15,658374,,0
300001,supply,0,0,0,33,0,RECOMMENDATION,0.015227351450486185,0.1482220132487459,512,64,64,64,395206,46290,83917,69143,0,7,15,675991,,0
300001,supply,0,0,0,34,0,RECOMMENDATION,0.010403471336324402,0.16682220231352943,512,64,64,64,375356,45669,70947,71628,0,7,15,621048,,0
300001,supply,0,0,0,35,0,RECOMMENDATION,0.033009097516805176,0.21763413428119707,512,192,80,80,399203,136616,72739,86770,0,7,17,633757,,0
300001,supply,0,0,0,36,0,RECOMMENDATION,0.013045557528838996,0.14487228958351453,512,64,64,64,426283,50226,62475,71287,0,7,15,929443,,0
300001,supply,0,0,0,37,0,RECOMMENDATION,0.011797894746372701,0.029922195950037287,512,64,64,64,366614,45518,64077,133683,0,7,15,578733,,0
300001,supply,0,0,0,38,0,RECOMMENDATION,0.02016551759249148,0.22898369944320901,512,64,64,64,361906,45289,58348,91127,0,7,15,616751,,0
300001,supply,0,0,0,39,0,RECOMMENDATION,0.01855456738906899,0.14733395839765714,512,64,64,64,583320,78338,94723,67653,0,7,15,667087,,0
300001,supply,0,0,0,40,0,RECOMMENDATION,0.0010503145369875027,0.006431233777792587,512,64,64,64,357008,46511,54963,91748,0,7,15,641678,,0
300001,supply,0,0,0,41,0,RECOMMENDATION,0.008547345853104394,0.11093061539725661,512,64,64,64,361416,45198,81753,69966,0,7,15,654217,,0
300001,supply,0,0,0,42,0,RECOMMENDATION,0.0041173531971347406,0.015451961903407641,512,64,64,64,405993,46791,59330,79260,0,7,15,890595,,0
300001,supply,0,0,0,43,0,RECOMMENDATION,0.0046219964115790449,0.049570354980394582,512,64,64,64,387616,46591,57867,68273,0,7,15,640507,,0
300001,supply,0,0,0,44,0,RECOMMENDATION,0.0047716379634014068,0.056273641582087572,512,64,64,64,521257,46641,56065,101814,0,7,15,611212,,0
300001,supply,0,0,0,45,0,RECOMMENDATION,0.0021625275547035336,0.012642816728362797,512,64,64,64,357750,70136,58659,68734,0,7,15,747428,,0
300001,supply,0,0,0,46,0,RECOMMENDATION,0.0026337844585152628,0.014868892642067418,512,64,64,64,387084,46059,149286,124117,0,7,15,581258,,0
300001,supply,0,0,0,47,0,RECOMMENDATION,0.0023568551282232594,0.029510525890151636,512,64,64,64,495428,45989,54472,63115,0,7,15,731644,,0
300001,supply,0,0,0,48,0,RECOMMENDATION,0.0044186177937637922,0.063680686357212385,512,64,64,64,388406,47341,56796,89655,0,7,15,683682,,0
300001,supply,0,0,0,49,0,RECOMMENDATION,0.0035281606151357538,0.036767416489612459,512,64,64,64,471051,59229,200192,223197,0,7,15,629290,,0
300001,supply,0,0,0,50,0,RECOMMENDATION,0.0015694308301781278,0.013650675261265607,512,64,64,64,417630,45248,56245,68613,0,7,15,698855,,0
300001,supply,0,0,0,51,0,RECOMMENDATION,0.010214224645792627,0.077069408793458138,512,64,64,64,367685,46280,58919,157898,0,7,15,1111518,,0
300001,supply,0,0,0,52,0,RECOMMENDATION,0.0014734410762228423,0.0082714551591438566,512,64,64,64,356337,47432,54693,65069,0,7,15,689240,,0
300001,supply,0,0,0,53,0,RECOMMENDATION,0.0026707590657984344,0.016223144229618257,512,64,64,64,371341,49745,55904,64277,0,7,15,614588,,0
300001,supply,0,0,0,54,0,RECOMMENDATION,0.0055520557050204207,0.052111852075564957,512,64,64,64,417481,45779,56896,72550,0,7,15,638514,,0
300001,supply,0,0,0,55,0,RECOMMENDATION,0.0052914334137582845,0.037079015802021234,512,64,64,64,377900,45789,59309,69495,0,7,15,708369,,0
300001,supply,0,0,0,56,0,RECOMMENDATION,0.0074833381541700777,0.038014263981743235,512,64,64,64,664573,47161,58098,70366,0,7,15,646346,,0
300001,supply,0,0,0,57,0,RECOMMENDATION,0.002238087566858529,0.012474536530718939,512,64,64,64,358621,45298,58838,94853,0,7,15,717723,,0
300001,supply,0,0,0,58,0,RECOMMENDATION,0.0077177040954913047,0.043528843084274862,512,64,64,64,365882,45499,59250,72389,0,7,15,688269,,0
300001,supply,0,0,1,0,0,RECOMMENDATION,0.0072042540707384067,0.10890010057432363,512,64,64,64,392242,46781,155344,65318,0,7,15,630402,,0
300001,supply,0,0,1,1,0,RECOMMENDATION,0.0072976515591645971,0.12261156293599489,512,64,64,64,394415,46380,58869,65428,0,7,15,635219,,0
300001,supply,0,0,1,2,0,RECOMMENDATION,0.028308923871882438,0.35512250461932737,512,64,64,64,453985,46010,54352,110908,0,7,15,582399,,0
300001,supply,0,0,1,3,0,RECOMMENDATION,0.0083312813369694795,0.14388738767895787,512,64,64,64,360925,44958,53961,65459,0,7,15,664283,,0
300001,supply,0,0,1,4,0,RECOMMENDATION,0.012447434060961141,0.17959496877228961,512,64,64,64,514817,46791,56695,65628,0,7,15,656381,,0
300001,supply,0,0,1,5,0,RECOMMENDATION,0.025258757774418109,0.23918757821326592,512,64,64,64,441267,47071,61413,68333,0,7,15,652976,,0
300001,supply,0,0,1,6,0,RECOMMENDATION,0.01529108498876581,0.17142597439652113,512,64,64,64,394626,45369,100682,68945,0,7,15,697332,,0
300001,supply,0,0,1,7,0,RECOMMENDATION,0.022803630196569974,0.32628542373841901,512,64,64,64,362608,44868,56255,66000,0,7,15,693336,,0
300001,supply,0,0,1,8,0,RECOMMENDATION,0.022326375337573916,0.26551284757550636,512,64,64,64,434465,46561,56756,63846,0,7,15,621639,,0
300001,supply,0,0,1,9,0,RECOMMENDATION,0.029714091594589372,0.26430457932125057,512,64,64,64,393965,45900,60752,68724,0,7,15,596811,,0
300001,supply,0,0,1,10,0,RECOMMENDATION,0.051263898655159797,0.33325138460035514,512,320,136,96,374956,224288,117157,99009,0,7,19,751875,,0
300001,supply,0,0,1,11,0,RECOMMENDATION,0.027504042159929274,0.23626052779399567,512,64,64,64,500005,46600,60211,70376,0,7,15,651884,,0
300001,supply,0,0,1,12,0,RECOMMENDATION,0.014997863952303162,0.17728909039337615,512,64,64,64,378841,46880,72009,69144,0,7,15,613516,,0
300001,supply,0,0,1,13,0,RECOMMENDATION,0.02236593930112175,0.25982035748637555,512,64,64,64,361866,45990,60962,69605,0,7,15,746577,,0
300001,supply,0,0,1,14,0,RECOMMENDATION,0.010229600750135341,0.14879618330745292,512,64,64,64,455317,46170,57827,284589,0,7,15,656000,,0
300001,supply,0,0,1,15,0,RECOMMENDATION,0.012852773492550689,0.21952844354902395,512,64,64,64,438922,45158,54973,67161,0,7,15,622620,,0
300001,supply,0,0,1,16,0,RECOMMENDATION,0.023313408272204909,0.27199964522967573,512,64,64,64,360895,47181,55414,65369,0,7,15,684683,,0
300001,supply,0,0,1,17,0,RECOMMENDATION,0.026998346779957542,0.27699578244609924,512,64,64,64,425542,45759,119390,64928,0,7,15,820939,,0
300001,supply,0,0,1,18,0,RECOMMENDATION,0.049542181888762006,0.38887941110893537,512,192,120,80,389398,135785,105950,110707,0,7,17,689991,,0
300001,supply,0,0,1,19,3,RECOMMENDATION,0.24752182044344273,0.50657961668406004,512,448,408,408,429378,342837,417640,523409,0,4,55,603241,,0
300001,supply,0,0,1,20,3,RECOMMENDATION,0.30995719446091163,0.55296389726227735,512,512,440,432,374855,390059,432432,423549,0,3,57,634207,,0
300001,supply,0,0,1,21,3,RECOMMENDATION,0.30216273808966049,0.66708209407136054,512,512,456,432,430911,439814,444111,475068,0,3,57,597391,,0
300001,supply,0,0,1,22,3,RECOMMENDATION,0.28831324408148207,0.4513239273147957,512,512,448,416,646386,362717,437531,408077,0,4,56,677372,,0
300001,supply,0,0,1,23,3,RECOMMENDATION,0.29588638451492888,0.6484696114257128,512,512,440,424,400815,420825,538623,410249,0,4,57,581548,,0
300001,supply,0,0,1,24,3,RECOMMENDATION,0.32995315767871169,0.60055579720472274,512,512,456,440,415377,426113,641829,433965,0,3,58,598974,,0
300001,supply,0,0,1,25,3,RECOMMENDATION,0.26606703461671694,0.56031694349649064,512,448,424,416,430470,317970,585664,460725,0,4,56,762211,,0
300001,supply,0,0,1,26,0,RECOMMENDATION,0.047293322140733972,0.47544621957315786,512,192,152,80,387525,134513,128273,81203,0,7,17,945406,,0
300001,supply,0,0,1,27,6,RECOMMENDATION,0.10577242502239413,0.47628596597530215,512,320,256,184,430380,254674,367685,173822,0,6,29,939748,,0
300001,supply,0,0,1,28,0,RECOMMENDATION,0.020707448151103609,0.26644394799345844,512,64,64,64,361005,47431,55043,65249,0,7,15,625123,,0
300001,supply,0,0,1,29,0,RECOMMENDATION,0.0031816292585829186,0.039586852094074108,512,64,64,64,358531,44817,56114,62074,0,7,15,608118,,0
300001,supply,0,0,1,30,0,RECOMMENDATION,0.013543283141365416,0.22126007552347124,512,64,64,64,364019,62955,65228,66960,0,7,15,614919,,0
300001,supply,0,0,1,31,0,RECOMMENDATION,0.019858123830606426,0.24689617777305556,512,64,64,64,368066,45549,57617,68994,0,7,15,853027,,0
300001,supply,0,0,1,32,0,RECOMMENDATION,0.020438793392650912,0.27803772118861148,512,64,64,64,361005,102194,59490,66992,0,7,15,645334,,0
300001,supply,0,0,1,33,0,RECOMMENDATION,0.015227351450486185,0.1482220132487459,512,64,64,64,620787,47001,61252,70016,0,7,15,844154,,0
300001,supply,0,0,1,34,0,RECOMMENDATION,0.010403471336324402,0.16682220231352943,512,64,64,64,415007,68544,58688,87742,0,7,15,898316,,0
300001,supply,0,0,1,35,0,RECOMMENDATION,0.033009097516805176,0.21763413428119707,512,192,80,80,382778,154102,73722,86741,0,7,17,595549,,0
300001,supply,0,0,1,36,0,RECOMMENDATION,0.013045557528838996,0.14487228958351453,512,64,64,64,362517,112410,62895,71568,0,7,15,700037,,0
300001,supply,0,0,1,37,0,RECOMMENDATION,0.011797894746372701,0.029922195950037287,512,64,64,64,370149,47201,64928,72288,0,7,15,649301,,0
300001,supply,0,0,1,38,0,RECOMMENDATION,0.02016551759249148,0.22898369944320901,512,64,64,64,363469,59961,58819,71078,0,7,15,593926,,0
300001,supply,0,0,1,39,0,RECOMMENDATION,0.01855456738906899,0.14733395839765714,512,64,64,64,477901,46940,57727,65810,0,7,15,648849,,0
300001,supply,0,0,1,40,0,RECOMMENDATION,0.0010503145369875027,0.006431233777792587,512,64,64,64,356648,46410,54362,63065,0,7,15,651313,,0
300001,supply,0,0,1,41,0,RECOMMENDATION,0.008547345853104394,0.11093061539725661,512,64,64,64,362958,45449,62374,69535,0,7,15,621819,,0
300001,supply,0,0,1,42,0,RECOMMENDATION,0.0041173531971347406,0.015451961903407641,512,64,64,64,388766,46870,59379,79480,0,7,15,974160,,0
300001,supply,0,0,1,43,0,RECOMMENDATION,0.0046219964115790449,0.049570354980394582,512,64,64,64,456679,46139,58138,68252,0,7,15,594197,,0
300001,supply,0,0,1,44,0,RECOMMENDATION,0.0047716379634014068,0.056273641582087572,512,64,64,64,357480,47552,56836,68174,0,7,15,721018,,0
300001,supply,0,0,1,45,0,RECOMMENDATION,0.0021625275547035336,0.012642816728362797,512,64,64,64,360965,58738,57297,69525,0,7,15,617872,,0
300001,supply,0,0,1,46,0,RECOMMENDATION,0.0026337844585152628,0.014868892642067418,512,64,64,64,370028,45810,55864,67833,0,7,15,581858,,0
300001,supply,0,0,1,47,0,RECOMMENDATION,0.0023568551282232594,0.029510525890151636,512,64,64,64,392563,95063,123085,63746,0,7,15,740738,,0
300001,supply,0,0,1,48,0,RECOMMENDATION,0.0044186177937637922,0.063680686357212385,512,64,64,64,358791,46941,57436,65930,0,7,15,672605,,0
300001,supply,0,0,1,49,0,RECOMMENDATION,0.0035281606151357538,0.036767416489612459,512,64,64,64,386954,46701,59059,67231,0,7,15,710253,,0
300001,supply,0,0,1,50,0,RECOMMENDATION,0.0015694308301781278,0.013650675261265607,512,64,64,64,384701,45238,55995,67843,0,7,15,640897,,0
300001,supply,0,0,1,51,0,RECOMMENDATION,0.010214224645792627,0.077069408793458138,512,64,64,64,385452,46400,59359,72009,0,7,15,687348,,0
300001,supply,0,0,1,52,0,RECOMMENDATION,0.0014734410762228423,0.0082714551591438566,512,64,64,64,356027,46160,54612,64687,0,7,15,596981,,0
300001,supply,0,0,1,53,0,RECOMMENDATION,0.0026707590657984344,0.016223144229618257,512,64,64,64,425182,45609,55965,64107,0,7,15,590792,,0
300001,supply,0,0,1,54,0,RECOMMENDATION,0.0055520557050204207,0.052111852075564957,512,64,64,64,360785,58659,56786,68393,0,7,15,605023,,0
300001,supply,0,0,1,55,0,RECOMMENDATION,0.0052914334137582845,0.037079015802021234,512,64,64,64,546115,45989,59490,68564,0,7,15,644493,,0
300001,supply,0,0,1,56,0,RECOMMENDATION,0.0074833381541700777,0.038014263981743235,512,64,64,64,411591,147142,59520,68263,0,7,15,625454,,0
300001,supply,0,0,1,57,0,RECOMMENDATION,0.002238087566858529,0.012474536530718939,512,64,64,64,375497,46810,58228,65168,0,7,15,646465,,0
300001,supply,0,0,1,58,0,RECOMMENDATION,0.0077177040954913047,0.043528843084274862,512,64,64,64,403719,46180,59820,73791,0,7,15,725465,,0
300001,supply,0,0.34999999999999998,0,0,0,RECOMMENDATION,0.04279780034699323,0.10890010057432363,512,192,128,80,410109,224108,104327,75404,0,7,17,613848,,0
300001,supply,0,0.34999999999999998,0,1,0,RECOMMENDATION,0.047657520541055196,0.12261156293599489,512,192,80,80,407205,156106,69605,77396,0,7,17,600436,,0
300001,supply,0,0.34999999999999998,0,2,0,RECOMMENDATION,0.14269367713348816,0.35512250461932737,512,384,232,104,385502,266843,195045,99591,0,7,20,660187,,0
300001,supply,0,0.34999999999999998,0,3,0,RECOMMENDATION,0.055775918556665416,0.14388738767895787,512,320,176,96,360144,221375,156987,94393,0,7,19,632725,,0
300001,supply,0,0.34999999999999998,0,4,0,RECOMMENDATION,0.070949071209926107,0.17959496877228961,512,320,168,96,358021,242677,183798,90647,0,7,19,585734,,0
300001,supply,0,0.34999999999999998,0,5,0,RECOMMENDATION,0.10013384492801483,0.23918757821326592,512,320,152,96,363058,236176,131048,92751,0,7,19,630702,,0
300001,supply,0,0.34999999999999998,0,6,0,RECOMMENDATION,0.06993829628148017,0.17142597439652113,512,320,192,96,378141,224840,164118,92009,0,7,19,591232,,0
300001,supply,0,0.34999999999999998,0,7,0,RECOMMENDATION,0.12902225793621713,0.32628542373841901,512,384,216,104,361055,266011,195765,96987,0,7,20,620807,,0
300001,supply,0,0.34999999999999998,0,8,0,RECOMMENDATION,0.10744164062085027,0.26551284757550636,512,320,104,96,359863,275186,89005,89475,0,7,19,654027,,0
300001,supply,0,0.34999999999999998,0,9,0,RECOMMENDATION,0.11182076229892078,0.26430457932125057,512,320,208,96,363749,279873,970986,97157,0,7,19,1466173,,0
300001,supply,0,0.34999999999999998,0,10,0,RECOMMENDATION,0.14995951873597815,0.33325138460035514,512,384,200,104,726066,271400,307825,107723,0,7,20,951866,,0
300001,supply,0,0.34999999999999998,0,11,0,RECOMMENDATION,0.10056881213185251,0.23626052779399567,512,320,144,96,401496,228515,127513,95945,0,7,19,592635,,0
300001,supply,0,0.34999999999999998,0,12,0,RECOMMENDATION,0.071799793206678703,0.17728909039337615,512,320,128,96,387886,233012,159941,96135,0,7,19,670182,,0
300001,supply,0,0.34999999999999998,0,13,0,RECOMMENDATION,0.10547498566596059,0.25982035748637555,512,320,136,96,381436,231279,130988,93571,0,7,19,605754,,0
300001,supply,0,0.34999999999999998,0,14,0,RECOMMENDATION,0.058727904645196491,0.14879618330745292,512,320,104,96,361135,236718,89365,99960,0,7,19,625104,,0
300001,supply,0,0.34999999999999998,0,15,0,RECOMMENDATION,0.085189258012316318,0.21952844354902395,512,320,264,96,388617,223087,220343,87892,0,7,19,627548,,0
300001,supply,0,0.34999999999999998,0,16,0,RECOMMENDATION,0.11035359120731969,0.27199964522967573,512,320,152,96,546175,229116,126822,91307,0,7,19,624894,,0
300001,supply,0,0.34999999999999998,0,17,0,RECOMMENDATION,0.11449744926310713,0.27699578244609924,512,320,200,96,600346,307004,241515,90366,0,7,19,583340,,0
300001,supply,0,0.34999999999999998,0,18,0,RECOMMENDATION,0.1683102121158227,0.38887941110893537,512,448,240,112,386222,312952,208806,128864,0,7,21,691854,,0
300001,supply,0,0.34999999999999998,0,19,3,RECOMMENDATION,0.33819204912765877,0.50657961668406004,512,512,400,392,370419,373223,372081,689520,0,5,54,634918,,0
300001,supply,0,0.34999999999999998,0,20,3,RECOMMENDATION,0.39500954044138958,0.55296389726227735,512,512,440,408,363719,391961,510320,423419,0,4,55,672485,,0
300001,supply,0,0.34999999999999998,0,21,3,RECOMMENDATION,0.4298845126832555,0.66708209407136054,512,512,456,400,366994,376478,535197,405913,0,5,55,608779,,0
300001,supply,0,0.34999999999999998,0,22,3,RECOMMENDATION,0.34536698321314185,0.4513239273147957,512,512,416,400,367845,360835,392943,413946,0,5,55,634527,,0
300001,supply,0,0.34999999999999998,0,23,3,RECOMMENDATION,0.41929051393370326,0.6484696114257128,512,512,472,392,384670,362267,452223,397190,0,5,54,580526,,0
300001,supply,0,0.34999999999999998,0,24,3,RECOMMENDATION,0.42466408151281554,0.60055579720472274,512,512,440,392,419723,372272,417710,380204,0,5,54,753878,,0
300001,supply,0,0.34999999999999998,0,25,3,RECOMMENDATION,0.36905450272463769,0.56031694349649064,512,512,408,368,370189,373103,379613,398992,0,5,51,712926,,0
300001,supply,0,0.34999999999999998,0,26,0,RECOMMENDATION,0.19714683624208232,0.47544621957315786,512,448,360,112,378491,396028,315766,107013,0,7,21,652835,,0
300001,supply,0,0.34999999999999998,0,27,6,RECOMMENDATION,0.23545216435591193,0.47628596597530215,512,448,296,192,507396,337730,265220,176045,0,6,30,670643,,0
300001,supply,0,0.34999999999999998,0,28,0,RECOMMENDATION,0.10671522309592779,0.26644394799345844,512,320,200,96,360194,229056,166220,102885,0,7,19,611373,,0
300001,supply,0,0.34999999999999998,0,29,0,RECOMMENDATION,0.015923457251004833,0.039586852094074108,512,64,64,64,410209,44677,80632,63306,0,7,15,586295,,0
300001,supply,0,0.34999999999999998,0,30,0,RECOMMENDATION,0.086244160475102458,0.22126007552347124,512,320,144,96,360915,238941,124078,99070,0,7,19,791344,,0
300001,supply,0,0.34999999999999998,0,31,0,RECOMMENDATION,0.099321442710463614,0.24689617777305556,512,320,216,96,379733,225480,388497,102485,0,7,19,579384,,0
300001,supply,0,0.34999999999999998,0,32,0,RECOMMENDATION,0.11059841812123711,0.27803772118861148,512,320,208,96,374686,301505,200673,94893,0,7,19,606616,,0
300001,supply,0,0.34999999999999998,0,33,0,RECOMMENDATION,0.061775483079877083,0.1482220132487459,512,320,120,96,360434,222125,105559,152100,0,7,19,632975,,0
300001,supply,0,0.34999999999999998,0,34,0,RECOMMENDATION,0.065150027178346157,0.16682220231352943,512,320,168,96,376278,223908,137718,101203,0,7,19,660287,,0
300001,supply,0,0.34999999999999998,0,35,0,RECOMMENDATION,0.097627860384342346,0.21763413428119707,512,320,144,96,387705,225580,125279,100392,0,7,19,609030,,0
300001,supply,0,0.34999999999999998,0,36,0,RECOMMENDATION,0.05918491374797543,0.14487228958351453,512,320,136,96,360644,231639,118779,227073,0,7,19,596400,,0
300001,supply,0,0.34999999999999998,0,37,0,RECOMMENDATION,0.018141400167655308,0.029922195950037287,512,64,64,64,419483,46100,64227,73081,0,7,15,620697,,0
300001,supply,0,0.34999999999999998,0,38,0,RECOMMENDATION,0.093251881240242612,0.22898369944320901,512,320,192,96,362077,236036,167292,97187,0,7,19,631704,,0
300001,supply,0,0.34999999999999998,0,39,5,RECOMMENDATION,0.051641602828506758,0.081603814929124663,512,320,160,152,383469,379913,138339,139941,0,6,25,625125,,0
300001,supply,0,0.34999999999999998,0,40,0,RECOMMENDATION,0.0029336362712692821,0.006431233777792587,512,64,64,64,423349,46831,56725,274374,0,7,15,690352,,0
300001,supply,0,0.34999999999999998,0,41,0,RECOMMENDATION,0.063387403180897084,0.15935273297484714,512,320,96,96,361405,224518,87262,97707,0,7,19,691314,,0
300001,supply,0,0.34999999999999998,0,42,0,RECOMMENDATION,0.0081695402935040018,0.015451961903407641,512,64,64,64,402417,45769,58539,72751,0,7,15,799226,,0
300001,supply,0,0.34999999999999998,0,43,4,RECOMMENDATION,0.050347705614184488,0.079529923554116561,512,320,152,152,444480,225060,131969,146510,0,6,25,588409,,0
300001,supply,0,0.34999999999999998,0,44,0,RECOMMENDATION,0.022797339229941562,0.056273641582087572,512,64,64,64,517180,46801,55744,67332,0,7,15,622219,,0
300001,supply,0,0.34999999999999998,0,45,0,RECOMMENDATION,0.005830628765484275,0.012642816728362797,512,64,64,64,439243,45809,84257,73030,0,7,15,579475,,0
300001,supply,0,0.34999999999999998,0,46,0,RECOMMENDATION,0.0069160723227585166,0.014868892642067418,512,64,64,64,358261,45228,55905,85960,0,7,15,649060,,0
300001,supply,0,0.34999999999999998,0,47,0,RECOMMENDATION,0.011860639894898141,0.029510525890151504,512,64,64,64,363188,44938,55433,62945,0,7,15,604573,,0
300001,supply,0,0.34999999999999998,0,48,0,RECOMMENDATION,0.025160341790970743,0.063680686357212232,512,64,64,64,372092,48814,56926,67181,0,7,15,662009,,0
300001,supply,0,0.34999999999999998,0,49,0,RECOMMENDATION,0.015161900171202539,0.036767416489612306,512,64,64,64,377951,62124,57827,66150,0,7,15,595709,,0
300001,supply,0,0.34999999999999998,0,50,0,RECOMMENDATION,0.0057978663810587484,0.013650675261265607,512,64,64,64,376328,45138,56015,66150,0,7,15,594848,,0
300001,supply,0,0.34999999999999998,0,51,0,RECOMMENDATION,0.033613539097475741,0.077069408793458541,512,192,96,80,381326,135114,83415,78208,0,7,17,586806,,0
300001,supply,0,0.34999999999999998,0,52,0,RECOMMENDATION,0.0038527460052451973,0.0082714551591438566,512,64,64,64,356338,45839,54362,64817,0,7,15,593146,,0
300001,supply,0,0.34999999999999998,0,53,0,RECOMMENDATION,0.0074140938731353991,0.016223144229618326,512,64,64,64,358842,83246,56045,64298,0,7,15,613285,,0
300001,supply,0,0.34999999999999998,0,54,0,RECOMMENDATION,0.021847984434710945,0.052111852075564798,512,64,64,64,383329,45739,56265,68735,0,7,15,648409,,0
300001,supply,0,0.34999999999999998,0,55,0,RECOMMENDATION,0.016417087249650266,0.037079015802021109,512,64,64,64,613506,45719,58188,71167,0,7,15,616140,,0
300001,supply,0,0.34999999999999998,0,56,0,RECOMMENDATION,0.018169162193820854,0.038014263981743568,512,64,64,64,365562,49735,58929,69725,0,7,15,696581,,0
300001,supply,0,0.34999999999999998,0,57,0,RECOMMENDATION,0.0058208447042096718,0.01247453653071893,512,64,64,64,417821,71828,57026,63236,0,7,15,611313,,0
300001,supply,0,0.34999999999999998,0,58,0,RECOMMENDATION,0.020251602741565691,0.043528843084275209,512,64,64,64,407004,45950,59399,71619,0,7,15,651974,,0
300001,supply,0,0.34999999999999998,1,0,0,RECOMMENDATION,0.04279780034699323,0.10890010057432363,512,192,128,80,358100,148654,121934,75343,0,7,17,596540,,0
300001,supply,0,0.34999999999999998,1,1,0,RECOMMENDATION,0.047657520541055196,0.12261156293599489,512,192,80,80,359282,161103,70857,77877,0,7,17,768981,,0
300001,supply,0,0.34999999999999998,1,2,0,RECOMMENDATION,0.14269367713348816,0.35512250461932737,512,384,232,104,387796,269477,194874,98708,0,7,20,688980,,0
300001,supply,0,0.34999999999999998,1,3,0,RECOMMENDATION,0.055775918556665416,0.14388738767895787,512,320,176,96,360854,221494,182836,97236,0,7,19,616180,,0
300001,supply,0,0.34999999999999998,1,4,0,RECOMMENDATION,0.070949071209926107,0.17959496877228961,512,320,168,96,358011,258841,141854,94273,0,7,19,678003,,0
300001,supply,0,0.34999999999999998,1,5,0,RECOMMENDATION,0.10013384492801483,0.23918757821326592,512,320,152,96,378892,243958,129926,91768,0,7,19,611664,,0
300001,supply,0,0.34999999999999998,1,6,0,RECOMMENDATION,0.06993829628148017,0.17142597439652113,512,320,192,96,386293,224850,163997,93582,0,7,19,594617,,0
300001,supply,0,0.34999999999999998,1,7,0,RECOMMENDATION,0.12902225793621713,0.32628542373841901,512,384,216,104,361616,280223,179922,96255,0,7,20,597722,,0
300001,supply,0,0.34999999999999998,1,8,0,RECOMMENDATION,0.10744164062085027,0.26551284757550636,512,320,104,96,357630,242185,104467,89044,0,7,19,579054,,0
300001,supply,0,0.34999999999999998,1,9,0,RECOMMENDATION,0.11182076229892078,0.26430457932125057,512,320,208,96,394255,223708,182546,94914,0,7,19,697413,,0
300001,supply,0,0.34999999999999998,1,10,0,RECOMMENDATION,0.14995951873597815,0.33325138460035514,512,384,200,104,426284,270559,172390,119730,0,7,20,620096,,0
300001,supply,0,0.34999999999999998,1,11,0,RECOMMENDATION,0.10056881213185251,0.23626052779399567,512,320,144,96,450210,312402,127743,98238,0,7,19,721269,,0
300001,supply,0,0.34999999999999998,1,12,0,RECOMMENDATION,0.071799793206678703,0.17728909039337615,512,320,128,96,375327,235125,109625,95804,0,7,19,654988,,0
300001,supply,0,0.34999999999999998,1,13,0,RECOMMENDATION,0.10547498566596059,0.25982035748637555,512,320,136,96,380404,223117,117427,128164,0,7,19,678093,,0
300001,supply,0,0.34999999999999998,1,14,0,RECOMMENDATION,0.058727904645196491,0.14879618330745292,512,320,104,96,360704,245781,94663,151308,0,7,19,600988,,0
300001,supply,0,0.34999999999999998,1,15,0,RECOMMENDATION,0.085189258012316318,0.21952844354902395,512,320,264,96,374456,277389,220753,87512,0,7,19,577101,,0
300001,supply,0,0.34999999999999998,1,16,0,RECOMMENDATION,0.11035359120731969,0.27199964522967573,512,320,152,96,373213,229346,126861,93211,0,7,19,632325,,0
300001,supply,0,0.34999999999999998,1,17,0,RECOMMENDATION,0.11449744926310713,0.27699578244609924,512,320,200,96,360695,222115,190458,96706,0,7,19,676832,,0
300001,supply,0,0.34999999999999998,1,18,0,RECOMMENDATION,0.1683102121158227,0.38887941110893537,512,448,240,112,363198,327955,224649,107593,0,7,21,625835,,0
300001,supply,0,0.34999999999999998,1,19,3,RECOMMENDATION,0.33819204912765877,0.50657961668406004,512,512,400,392,374144,382767,372722,383718,0,5,54,909563,,0
300001,supply,0,0.34999999999999998,1,20,3,RECOMMENDATION,0.39500954044138958,0.55296389726227735,512,512,440,408,402568,374766,463820,490550,0,4,55,654918,,0
300001,supply,0,0.34999999999999998,1,21,3,RECOMMENDATION,0.4298845126832555,0.66708209407136054,512,512,456,400,369128,402057,539154,382868,0,5,55,608358,,0
300001,supply,0,0.34999999999999998,1,22,3,RECOMMENDATION,0.34536698321314185,0.4513239273147957,512,512,416,400,369808,375337,385141,463579,0,5,55,629661,,0
300001,supply,0,0.34999999999999998,1,23,3,RECOMMENDATION,0.41929051393370326,0.6484696114257128,512,512,472,392,376017,545834,438753,390369,0,5,54,787078,,0
300001,supply,0,0.34999999999999998,1,24,3,RECOMMENDATION,0.42466408151281554,0.60055579720472274,512,512,440,392,397390,387385,405472,439302,0,5,54,587237,,0
300001,supply,0,0.34999999999999998,1,25,3,RECOMMENDATION,0.36905450272463769,0.56031694349649064,512,512,408,368,386083,361426,442989,356719,0,5,51,666116,,0
300001,supply,0,0.34999999999999998,1,26,0,RECOMMENDATION,0.19714683624208232,0.47544621957315786,512,448,360,112,361165,350700,309367,105049,0,7,21,714838,,0
300001,supply,0,0.34999999999999998,1,27,6,RECOMMENDATION,0.23545216435591193,0.47628596597530215,512,448,296,192,402468,318331,261715,188885,0,6,30,581097,,0
300001,supply,0,0.34999999999999998,1,28,0,RECOMMENDATION,0.10671522309592779,0.26644394799345844,512,320,200,96,357099,228535,180843,91929,0,7,19,578974,,0
300001,supply,0,0.34999999999999998,1,29,0,RECOMMENDATION,0.015923457251004833,0.039586852094074108,512,64,64,64,358801,45128,55714,115755,0,7,15,645053,,0
300001,supply,0,0.34999999999999998,1,30,0,RECOMMENDATION,0.086244160475102458,0.22126007552347124,512,320,144,96,360584,238740,125459,97868,0,7,19,669401,,0
300001,supply,0,0.34999999999999998,1,31,0,RECOMMENDATION,0.099321442710463614,0.24689617777305556,512,320,216,96,365852,222957,186802,100352,0,7,19,645434,,0
300001,supply,0,0.34999999999999998,1,32,0,RECOMMENDATION,0.11059841812123711,0.27803772118861148,512,320,208,96,377349,265921,184919,117848,0,7,19,612214,,0
300001,supply,0,0.34999999999999998,1,33,0,RECOMMENDATION,0.061775483079877083,0.1482220132487459,512,320,120,96,360995,222817,105900,127242,0,7,19,616360,,0
300001,supply,0,0.34999999999999998,1,34,0,RECOMMENDATION,0.065150027178346157,0.16682220231352943,512,320,168,96,374986,222265,135575,97267,0,7,19,629200,,0
300001,supply,0,0.34999999999999998,1,35,0,RECOMMENDATION,0.097627860384342346,0.21763413428119707,512,320,144,96,386133,225230,124939,100141,0,7,19,695149,,0
300001,supply,0,0.34999999999999998,1,36,0,RECOMMENDATION,0.05918491374797543,0.14487228958351453,512,320,136,96,364871,231519,119560,114663,0,7,19,634197,,0
300001,supply,0,0.34999999999999998,1,37,0,RECOMMENDATION,0.018141400167655308,0.029922195950037287,512,64,64,64,365241,45608,65649,73762,0,7,15,772165,,0
300001,supply,0,0.34999999999999998,1,38,0,RECOMMENDATION,0.093251881240242612,0.22898369944320901,512,320,192,96,363359,237869,226172,101443,0,7,19,745915,,0
300001,supply,0,0.34999999999999998,1,39,5,RECOMMENDATION,0.051641602828506758,0.081603814929124663,512,320,160,152,364440,223277,137157,140572,0,6,25,616580,,0
300001,supply,0,0.34999999999999998,1,40,0,RECOMMENDATION,0.0029336362712692821,0.006431233777792587,512,64,64,64,399653,45999,54392,62564,0,7,15,626816,,0
300001,supply,0,0.34999999999999998,1,41,0,RECOMMENDATION,0.063387403180897084,0.15935273297484714,512,320,96,96,375667,227844,85789,94383,0,7,19,600587,,0
300001,supply,0,0.34999999999999998,1,42,0,RECOMMENDATION,0.0081695402935040018,0.015451961903407641,512,64,64,64,489920,46110,59039,71198,0,7,15,595940,,0
300001,supply,0,0.34999999999999998,1,43,4,RECOMMENDATION,0.050347705614184488,0.079529923554116561,512,320,152,152,365621,272962,149756,148353,0,6,25,651424,,0
300001,supply,0,0.34999999999999998,1,44,0,RECOMMENDATION,0.022797339229941562,0.056273641582087572,512,64,64,64,358050,46971,57306,67532,0,7,15,642870,,0
300001,supply,0,0.34999999999999998,1,45,0,RECOMMENDATION,0.005830628765484275,0.012642816728362797,512,64,64,64,391711,45809,59430,70346,0,7,15,1985807,,0
300001,supply,0,0.34999999999999998,1,46,0,RECOMMENDATION,0.0069160723227585166,0.014868892642067418,512,64,64,64,448828,46700,56676,71018,0,7,15,638183,,0
300001,supply,0,0.34999999999999998,1,47,0,RECOMMENDATION,0.011860639894898141,0.029510525890151504,512,64,64,64,366473,45078,55243,64056,0,7,15,622841,,0
300001,supply,0,0.34999999999999998,1,48,0,RECOMMENDATION,0.025160341790970743,0.063680686357212232,512,64,64,64,358191,46781,56205,68995,0,7,15,601898,,0
300001,supply,0,0.34999999999999998,1,49,0,RECOMMENDATION,0.015161900171202539,0.036767416489612306,512,64,64,64,359904,44717,56175,65199,0,7,15,626505,,0
300001,supply,0,0.34999999999999998,1,50,0,RECOMMENDATION,0.0057978663810587484,0.013650675261265607,512,64,64,64,360313,60110,55624,66130,0,7,15,595269,,0
300001,supply,0,0.34999999999999998,1,51,0,RECOMMENDATION,0.033613539097475741,0.077069408793458541,512,192,96,80,379824,135043,84046,79480,0,7,17,625133,,0
300001,supply,0,0.34999999999999998,1,52,0,RECOMMENDATION,0.0038527460052451973,0.0082714551591438566,512,64,64,64,357018,47192,55854,81453,0,7,15,600707,,0
300001,supply,0,0.34999999999999998,1,53,0,RECOMMENDATION,0.0074140938731353991,0.016223144229618326,512,64,64,64,359452,44827,59109,67831,0,7,15,740719,,0
300001,supply,0,0.34999999999999998,1,54,0,RECOMMENDATION,0.021847984434710945,0.052111852075564798,512,64,64,64,360935,45719,72089,68333,0,7,15,620266,,0
300001,supply,0,0.34999999999999998,1,55,0,RECOMMENDATION,0.016417087249650266,0.037079015802021109,512,64,64,64,378782,46410,58368,84548,0,7,15,591292,,0
300001,supply,0,0.34999999999999998,1,56,0,RECOMMENDATION,0.018169162193820854,0.038014263981743568,512,64,64,64,417400,46690,57977,83536,0,7,15,589229,,0
300001,supply,0,0.34999999999999998,1,57,0,RECOMMENDATION,0.0058208447042096718,0.01247453653071893,512,64,64,64,357710,44508,56896,63756,0,7,15,607136,,0
300001,supply,0,0.34999999999999998,1,58,0,RECOMMENDATION,0.020251602741565691,0.043528843084275209,512,64,64,64,412963,46651,59900,72851,0,7,15,788009,,0
300001,supply,0,1,0,0,0,RECOMMENDATION,0.10890010057432363,0.10890010057432363,512,320,192,96,392692,228906,178479,90386,0,7,19,675489,,0
300001,supply,0,1,0,1,0,RECOMMENDATION,0.12261156293599489,0.12261156293599489,512,384,144,104,360083,282927,124358,97417,0,7,20,761599,,0
300001,supply,0,1,0,2,4,RECOMMENDATION,0.33459140763653861,0.33459140763653861,512,512,344,176,381726,357569,305771,175795,0,6,28,631784,,0
300001,supply,0,1,0,3,0,RECOMMENDATION,0.15274119346203291,0.15274119346203291,512,448,288,112,378432,310939,245420,106941,0,7,21,600076,,0
300001,supply,0,1,0,4,5,RECOMMENDATION,0.21214582710542051,0.21214582710542051,512,448,264,168,389869,320725,222205,167172,0,6,27,609640,,0
300001,supply,0,1,0,5,4,RECOMMENDATION,0.2390895093549506,0.2390895093549506,512,448,240,168,360744,323348,206011,151378,0,6,27,598403,,0
300001,supply,0,1,0,6,0,RECOMMENDATION,0.19070861400076333,0.19070861400076333,512,448,248,112,387024,352683,216096,107942,0,7,21,578012,,0
300001,supply,0,1,0,7,0,RECOMMENDATION,0.31976697060778164,0.31976697060778164,512,512,256,120,364751,496729,215625,111108,0,7,22,669330,,0
300001,supply,0,1,0,8,0,RECOMMENDATION,0.27354928297033687,0.27354928297033687,512,512,176,120,384701,366393,150827,111298,0,7,22,653306,,0
300001,supply,0,1,0,9,5,RECOMMENDATION,0.29502261049359785,0.29502261049359785,512,512,280,176,365562,386624,325151,172481,0,6,28,1741178,,0
300001,supply,0,1,0,10,0,RECOMMENDATION,0.33325138460035514,0.33325138460035514,512,512,248,120,363729,380765,229957,117858,0,7,22,840849,,0
300001,supply,0,1,0,11,0,RECOMMENDATION,0.23626052779399567,0.23626052779399567,512,448,216,112,445623,317520,184278,107282,0,7,21,591683,,0
300001,supply,0,1,0,12,0,RECOMMENDATION,0.17728909039337615,0.17728909039337615,512,448,168,112,356268,320183,155725,106281,0,7,21,602049,,0
300001,supply,0,1,0,13,0,RECOMMENDATION,0.25982035748637555,0.25982035748637555,512,448,216,112,361616,329027,200583,104077,0,7,21,595058,,0
300001,supply,0,1,0,14,0,RECOMMENDATION,0.14879618330745292,0.14879618330745292,512,384,120,104,373764,270549,101393,104798,0,7,20,632024,,0
300001,supply,0,1,0,15,0,RECOMMENDATION,0.21952844354902395,0.21952844354902395,512,448,400,112,360164,309327,373154,101624,0,7,21,631333,,0
300001,supply,0,1,0,16,0,RECOMMENDATION,0.27199964522967573,0.27199964522967573,512,512,224,120,389888,569800,186993,112490,0,7,22,658143,,0
300001,supply,0,1,0,17,4,RECOMMENDATION,0.27410568936286173,0.27410568936286173,512,512,264,176,359342,402908,447155,161433,0,6,28,596651,,0
300001,supply,0,1,0,18,0,RECOMMENDATION,0.36457083514580596,0.36457083514580596,512,512,360,120,426845,489238,345231,128034,0,7,22,591172,,0
300001,supply,0,1,0,19,3,RECOMMENDATION,0.46934423719434903,0.46934423719434903,512,512,296,176,385582,359703,261224,190367,0,6,28,582129,,0
300001,supply,0,1,0,20,3,RECOMMENDATION,0.51521539477584311,0.51521539477584311,512,512,320,176,363108,384721,298140,172631,0,6,28,598583,,0
300001,supply,0,1,0,21,3,RECOMMENDATION,0.64530404398856767,0.64530404398856767,512,512,464,176,364881,360574,451141,165850,0,6,28,638244,,0
300001,supply,0,1,0,22,3,RECOMMENDATION,0.44587699986529772,0.44587699986529772,512,512,264,176,384340,517191,234734,179601,0,6,28,644793,,0
300001,supply,0,1,0,23,3,RECOMMENDATION,0.61132281482693696,0.61132281482693696,512,512,512,176,443699,416809,480585,198560,0,6,28,648088,,0
300001,supply,0,1,0,24,3,RECOMMENDATION,0.5906160807586196,0.5906160807586196,512,512,312,176,402037,413194,362607,179721,0,6,28,710833,,0
300001,supply,0,1,0,25,3,RECOMMENDATION,0.53170849911220397,0.53170849911220397,512,512,224,176,371170,454066,203046,190738,0,6,28,594357,,0
300001,supply,0,1,0,26,0,RECOMMENDATION,0.46329060386953119,0.46329060386953119,512,512,456,120,646545,407775,424060,112590,0,7,22,745284,,0
300001,supply,0,1,0,27,6,RECOMMENDATION,0.45150726165499927,0.45150726165499927,512,512,304,176,417771,360154,307504,194974,0,6,28,583901,,0
300001,supply,0,1,0,28,0,RECOMMENDATION,0.25178603837093622,0.25178603837093622,512,448,256,112,382197,370138,210267,103266,0,7,21,632825,,0
300001,supply,0,1,0,29,0,RECOMMENDATION,0.03598134446358181,0.03598134446358181,512,192,80,80,372853,132800,69905,75284,0,7,17,615859,,0
300001,supply,0,1,0,30,0,RECOMMENDATION,0.22494867893728493,0.22494867893728493,512,448,208,112,381516,315286,177719,126541,0,7,21,626856,,0
300001,supply,0,1,0,31,0,RECOMMENDATION,0.24411330110501284,0.24411330110501284,512,448,320,112,364450,328446,274554,113241,0,7,21,612845,,0
300001,supply,0,1,0,32,0,RECOMMENDATION,0.27693105816234487,0.27693105816234487,512,512,344,120,428918,438752,330859,126471,0,7,22,670673,,0
300001,supply,0,1,0,33,0,RECOMMENDATION,0.15017178294476149,0.15017178294476149,512,448,160,112,358992,342307,139741,110536,0,7,21,666968,,0
300001,supply,0,1,0,34,0,RECOMMENDATION,0.16569806119314107,0.16569806119314107,512,448,232,112,378301,311730,216497,110637,0,7,21,580808,,0
300001,supply,0,1,0,35,0,RECOMMENDATION,0.22472702317595611,0.22472702317595611,512,448,216,112,389749,319782,183337,114623,0,7,21,719216,,0
300001,supply,0,1,0,36,0,RECOMMENDATION,0.13744591521952748,0.13744591521952748,512,384,264,104,375667,280513,240263,104047,0,7,20,605824,,0
300001,supply,0,1,0,37,0,RECOMMENDATION,0.030051181326923509,0.030051181326923509,512,192,80,80,386833,135174,122055,115514,0,7,17,651743,,0
300001,supply,0,1,0,38,0,RECOMMENDATION,0.20917983138065352,0.20917983138065352,512,448,320,112,361416,327675,280363,108685,0,7,21,632534,,0
300001,supply,0,1,0,39,5,RECOMMENDATION,0.043300726860915469,0.043300726860915469,512,192,144,136,364630,133942,120271,123826,0,6,23,786317,,0
300001,supply,0,1,0,40,0,RECOMMENDATION,0.0077052380752187189,0.0077052380752187189,512,64,64,64,370470,46230,54522,62605,0,7,15,619315,,0
300001,supply,0,1,0,41,4,RECOMMENDATION,0.18199098507081413,0.18199098507081413,512,448,168,168,364931,312512,151689,187914,0,6,27,632124,,0
300001,supply,0,1,0,42,0,RECOMMENDATION,0.015767486730605025,0.015767486730605025,512,64,64,64,361485,102354,82685,74573,0,7,15,633967,,0
300001,supply,0,1,0,43,4,RECOMMENDATION,0.086802799934278488,0.086802799934278488,512,320,184,152,408346,225371,272151,149195,0,6,25,811655,,0
300001,supply,0,1,0,44,0,RECOMMENDATION,0.064237244921796596,0.064237244921796596,512,320,96,96,407495,228374,80532,202064,0,7,19,654008,,0
300001,supply,0,1,0,45,0,RECOMMENDATION,0.012713810150765959,0.012713810150765959,512,64,64,64,359102,44557,60231,85379,0,7,15,627227,,0
300001,supply,0,1,0,46,0,RECOMMENDATION,0.014969052391036309,0.014969052391036309,512,64,64,64,358040,45409,91608,202907,0,7,15,614417,,0
300001,supply,0,1,0,47,0,RECOMMENDATION,0.012773312293423945,0.012773312293423945,512,64,64,64,373714,45188,54523,64117,0,7,15,587026,,0
300001,supply,0,1,0,48,0,RECOMMENDATION,0.034520964074216169,0.034520964074216169,512,192,96,80,389828,134553,81093,91358,0,7,17,576110,,0
300001,supply,0,1,0,49,0,RECOMMENDATION,0.011496518856131961,0.011496518856131961,512,64,64,64,368587,45038,54722,119991,0,7,15,592975,,0
300001,supply,0,1,0,50,0,RECOMMENDATION,0.013715488771087234,0.013715488771087234,512,64,64,64,365672,45479,55734,67443,0,7,15,660176,,0
300001,supply,0,1,0,51,0,RECOMMENDATION,0.086597871560773365,0.086597871560773365,512,320,160,120,366923,392232,144017,111277,0,7,22,625885,,0
300001,supply,0,1,0,52,0,RECOMMENDATION,0.0083311703258283631,0.0083311703258283631,512,64,64,64,356338,48003,55073,67753,0,7,15,659175,,0
300001,supply,0,1,0,53,0,RECOMMENDATION,0.018847842245528976,0.018847842245528976,512,64,64,64,361235,45359,56746,66000,0,7,15,604934,,0
300001,supply,0,1,0,54,0,RECOMMENDATION,0.017151425353429606,0.017151425353429606,512,64,64,64,360975,88554,56265,67932,0,7,15,657764,,0
300001,supply,0,1,0,55,0,RECOMMENDATION,0.015323014974591275,0.015323014974591275,512,64,64,64,615519,45789,58829,67191,0,7,15,596010,,0
300001,supply,0,1,0,56,0,RECOMMENDATION,0.049974615269870647,0.049974615269870647,512,192,80,80,361776,138319,71438,83496,0,7,17,598525,,0
300001,supply,0,1,0,57,0,RECOMMENDATION,0.013662722717633861,0.013662722717633861,512,64,64,64,419974,73300,56234,62485,0,7,15,637002,,0
300001,supply,0,1,0,58,0,RECOMMENDATION,0.056267223034763315,0.056267223034763315,512,320,120,136,378982,226472,103857,130867,0,7,24,608028,,0
300001,supply,0,1,1,0,0,RECOMMENDATION,0.10890010057432363,0.10890010057432363,512,320,192,96,497221,259622,158720,89535,0,7,19,757143,,0
300001,supply,0,1,1,1,0,RECOMMENDATION,0.12261156293599489,0.12261156293599489,512,384,144,104,362457,267454,122194,117837,0,7,20,693777,,0
300001,supply,0,1,1,2,4,RECOMMENDATION,0.33459140763653861,0.33459140763653861,512,512,344,176,429107,361886,290939,158448,0,6,28,602360,,0
300001,supply,0,1,1,3,0,RECOMMENDATION,0.15274119346203291,0.15274119346203291,512,448,288,112,440055,336639,258230,109375,0,7,21,592405,,0
300001,supply,0,1,1,4,5,RECOMMENDATION,0.21214582710542051,0.21214582710542051,512,448,264,168,373744,320904,222005,152571,0,6,27,596330,,0
300001,supply,0,1,1,5,4,RECOMMENDATION,0.2390895093549506,0.2390895093549506,512,448,240,168,363448,352152,205089,165429,0,6,27,581067,,0
300001,supply,0,1,1,6,0,RECOMMENDATION,0.19070861400076333,0.19070861400076333,512,448,248,112,365502,433755,216467,109055,0,7,21,612705,,0
300001,supply,0,1,1,7,0,RECOMMENDATION,0.31976697060778164,0.31976697060778164,512,512,256,120,365382,355877,226602,112581,0,7,22,608609,,0
300001,supply,0,1,1,8,0,RECOMMENDATION,0.27354928297033687,0.27354928297033687,512,512,176,120,407965,651233,154523,110086,0,7,22,587126,,0
300001,supply,0,1,1,9,5,RECOMMENDATION,0.29502261049359785,0.29502261049359785,512,512,280,176,363038,369598,273954,169045,0,6,28,612485,,0
300001,supply,0,1,1,10,0,RECOMMENDATION,0.33325138460035514,0.33325138460035514,512,512,248,120,591162,453604,240052,157287,0,7,22,615449,,0
300001,supply,0,1,1,11,0,RECOMMENDATION,0.23626052779399567,0.23626052779399567,512,448,216,112,500956,316197,233242,196816,0,7,21,704904,,0
300001,supply,0,1,1,12,0,RECOMMENDATION,0.17728909039337615,0.17728909039337615,512,448,168,112,356939,352893,159922,107692,0,7,21,655850,,0
300001,supply,0,1,1,13,0,RECOMMENDATION,0.25982035748637555,0.25982035748637555,512,448,216,112,376789,315136,191419,105460,0,7,21,650331,,0
300001,supply,0,1,1,14,0,RECOMMENDATION,0.14879618330745292,0.14879618330745292,512,384,120,104,362437,268635,104117,106431,0,7,20,640286,,0
300001,supply,0,1,1,15,0,RECOMMENDATION,0.21952844354902395,0.21952844354902395,512,448,400,112,389397,311961,339462,116555,0,7,21,977465,,0
300001,supply,0,1,1,16,0,RECOMMENDATION,0.27199964522967573,0.27199964522967573,512,512,224,120,358341,364300,215025,115074,0,7,22,593896,,0
300001,supply,0,1,1,17,4,RECOMMENDATION,0.27410568936286173,0.27410568936286173,512,512,264,176,374415,369678,217148,155755,0,6,28,624502,,0
300001,supply,0,1,1,18,0,RECOMMENDATION,0.36457083514580596,0.36457083514580596,512,512,360,120,474166,359182,347094,111909,0,7,22,590811,,0
300001,supply,0,1,1,19,3,RECOMMENDATION,0.46934423719434903,0.46934423719434903,512,512,296,176,404901,360183,261074,189226,0,6,28,578833,,0
300001,supply,0,1,1,20,3,RECOMMENDATION,0.51521539477584311,0.51521539477584311,512,512,320,176,360854,390629,299833,172460,0,6,28,625444,,0
300001,supply,0,1,1,21,3,RECOMMENDATION,0.64530404398856767,0.64530404398856767,512,512,464,176,585684,417641,450020,181885,0,6,28,611883,,0
300001,supply,0,1,1,22,3,RECOMMENDATION,0.44587699986529772,0.44587699986529772,512,512,264,176,369688,359783,247644,199562,0,6,28,636881,,0
300001,supply,0,1,1,23,3,RECOMMENDATION,0.61132281482693696,0.61132281482693696,512,512,512,176,391611,439664,509389,174754,0,6,28,593756,,0
300001,supply,0,1,1,24,3,RECOMMENDATION,0.5906160807586196,0.5906160807586196,512,512,312,176,447305,420445,325070,182656,0,6,28,735120,,0
300001,supply,0,1,1,25,3,RECOMMENDATION,0.53170849911220397,0.53170849911220397,512,512,224,176,366864,374265,235536,173031,0,6,28,578593,,0
300001,supply,0,1,1,26,0,RECOMMENDATION,0.46329060386953119,0.46329060386953119,512,512,456,120,376439,358822,397059,111218,0,7,22,580396,,0
300001,supply,0,1,1,27,6,RECOMMENDATION,0.45150726165499927,0.45150726165499927,512,512,304,176,368496,388606,309297,163347,0,6,28,644152,,0
300001,supply,0,1,1,28,0,RECOMMENDATION,0.25178603837093622,0.25178603837093622,512,448,256,112,357019,357219,210848,105690,0,7,21,876913,,0
300001,supply,0,1,1,29,0,RECOMMENDATION,0.03598134446358181,0.03598134446358181,512,192,80,80,553806,158369,67512,75083,0,7,17,614137,,0
300001,supply,0,1,1,30,0,RECOMMENDATION,0.22494867893728493,0.22494867893728493,512,448,208,112,474486,365141,267604,111639,0,7,21,592704,,0
300001,supply,0,1,1,31,0,RECOMMENDATION,0.24411330110501284,0.24411330110501284,512,448,320,112,381606,313793,273853,113392,0,7,21,589810,,0
300001,supply,0,1,1,32,0,RECOMMENDATION,0.27693105816234487,0.27693105816234487,512,512,344,120,358401,369268,328336,110708,0,7,22,668479,,0
300001,supply,0,1,1,33,0,RECOMMENDATION,0.15017178294476149,0.15017178294476149,512,448,160,112,358841,328135,136206,110127,0,7,21,595940,,0
300001,supply,0,1,1,34,0,RECOMMENDATION,0.16569806119314107,0.16569806119314107,512,448,232,112,393364,311700,187323,111639,0,7,21,631393,,0
300001,supply,0,1,1,35,0,RECOMMENDATION,0.22472702317595611,0.22472702317595611,512,448,216,112,372102,370729,183947,114393,0,7,21,699986,,0
300001,supply,0,1,1,36,0,RECOMMENDATION,0.13744591521952748,0.13744591521952748,512,384,264,104,397510,279051,236637,105820,0,7,20,647537,,0
300001,supply,0,1,1,37,0,RECOMMENDATION,0.030051181326923509,0.030051181326923509,512,192,80,80,364981,135855,76816,101192,0,7,17,599355,,0
300001,supply,0,1,1,38,0,RECOMMENDATION,0.20917983138065352,0.20917983138065352,512,448,320,112,363799,421116,280043,109336,0,7,21,683151,,0
300001,supply,0,1,1,39,5,RECOMMENDATION,0.043300726860915469,0.043300726860915469,512,192,144,136,398662,134503,121313,125599,0,6,23,578795,,0
300001,supply,0,1,1,40,0,RECOMMENDATION,0.0077052380752187189,0.0077052380752187189,512,64,64,64,372823,45929,54332,62364,0,7,15,591464,,0
300001,supply,0,1,1,41,4,RECOMMENDATION,0.18199098507081413,0.18199098507081413,512,448,168,168,622951,314765,150557,158950,0,6,27,635149,,0
300001,supply,0,1,1,42,0,RECOMMENDATION,0.015767486730605025,0.015767486730605025,512,64,64,64,365231,45870,74913,73180,0,7,15,636471,,0
300001,supply,0,1,1,43,4,RECOMMENDATION,0.086802799934278488,0.086802799934278488,512,320,184,152,399833,223938,161794,149165,0,6,25,706888,,0
300001,supply,0,1,1,44,0,RECOMMENDATION,0.064237244921796596,0.064237244921796596,512,320,96,96,372993,228024,80031,94723,0,7,19,607737,,0
300001,supply,0,1,1,45,0,RECOMMENDATION,0.012713810150765959,0.012713810150765959,512,64,64,64,394385,45428,142495,69475,0,7,15,610872,,0
300001,supply,0,1,1,46,0,RECOMMENDATION,0.014969052391036309,0.014969052391036309,512,64,64,64,359232,45088,56486,67792,0,7,15,687317,,0
300001,supply,0,1,1,47,0,RECOMMENDATION,0.012773312293423945,0.012773312293423945,512,64,64,64,412403,44838,54462,64066,0,7,15,594377,,0
300001,supply,0,1,1,48,0,RECOMMENDATION,0.034520964074216169,0.034520964074216169,512,192,96,80,374966,135755,80972,79220,0,7,17,621818,,0
300001,supply,0,1,1,49,0,RECOMMENDATION,0.011496518856131961,0.011496518856131961,512,64,64,64,390690,45459,56816,64628,0,7,15,761530,,0
300001,supply,0,1,1,50,0,RECOMMENDATION,0.013715488771087234,0.013715488771087234,512,64,64,64,360404,48383,55804,66762,0,7,15,624833,,0
300001,supply,0,1,1,51,0,RECOMMENDATION,0.086597871560773365,0.086597871560773365,512,320,160,120,369748,228084,164348,171049,0,7,22,727688,,0
300001,supply,0,1,1,52,0,RECOMMENDATION,0.0083311703258283631,0.0083311703258283631,512,64,64,64,357049,47312,55574,97298,0,7,15,592454,,0
300001,supply,0,1,1,53,0,RECOMMENDATION,0.018847842245528976,0.018847842245528976,512,64,64,64,359212,44727,57978,109986,0,7,15,806668,,0
300001,supply,0,1,1,54,0,RECOMMENDATION,0.017151425353429606,0.017151425353429606,512,64,64,64,360554,45058,56204,67541,0,7,15,613146,,0
300001,supply,0,1,1,55,0,RECOMMENDATION,0.015323014974591275,0.015323014974591275,512,64,64,64,381045,60241,58919,67231,0,7,15,575579,,0
300001,supply,0,1,1,56,0,RECOMMENDATION,0.049974615269870647,0.049974615269870647,512,192,80,80,362618,217718,246653,89466,0,7,17,619655,,0
300001,supply,0,1,1,57,0,RECOMMENDATION,0.013662722717633861,0.013662722717633861,512,64,64,64,360574,45478,57547,87834,0,7,15,721739,,0
300001,supply,0,1,1,58,0,RECOMMENDATION,0.056267223034763315,0.056267223034763315,512,320,120,136,389669,228014,103537,134673,0,7,24,626746,,0
300001,supply,2,0,0,2,0,RECOMMENDATION,0.028308923871882438,0.35512250461932737,512,64,64,64,365401,44678,54602,82616,0,7,15,616059,,0
300001,supply,2,0,0,5,0,RECOMMENDATION,0.025258757774418109,0.23918757821326592,512,64,64,64,362507,44708,59250,66090,0,7,15,602810,,0
300001,supply,2,0,0,8,0,RECOMMENDATION,0.022326375337573916,0.26551284757550636,512,64,64,64,379443,46911,57938,64247,0,7,15,649451,,0
300001,supply,2,0,0,11,0,RECOMMENDATION,0.027504042159929274,0.23626052779399567,512,64,64,64,384100,90377,60972,71438,0,7,15,623861,,0
300001,supply,2,0,0,14,0,RECOMMENDATION,0.010229600750135341,0.14879618330745292,512,64,64,64,362838,45208,89675,71799,0,7,15,721479,,0
300001,supply,2,0,0,17,0,RECOMMENDATION,0.026998346779957542,0.27699578244609924,512,64,64,64,402478,45559,55734,118299,0,7,15,654047,,0
300001,supply,2,0,0,20,3,RECOMMENDATION,0.56857112340657634,0.81912623573606436,512,512,488,488,361595,465342,457450,483889,0,2,63,597602,,0
300001,supply,2,0,0,23,3,RECOMMENDATION,1.2955692191031081,1.6541373167416757,512,512,456,456,396298,361416,423860,454997,0,6,63,591092,,0
300001,supply,2,0,0,26,3,RECOMMENDATION,0.60113171360599982,1.0143121943883866,512,512,392,392,369107,472944,348556,396158,0,7,56,620806,,0
300001,supply,2,0,0,29,3,RECOMMENDATION,0.17302650773237979,0.34571086881251017,512,448,272,240,392663,317059,293703,220833,0,7,37,706436,,0
300001,supply,2,0,0,32,0,RECOMMENDATION,0.12128252756516651,0.63345183587250942,512,384,280,152,384140,296958,261294,180272,0,7,26,669490,,0
300001,supply,2,0,0,35,3,RECOMMENDATION,0.37015445284069298,0.81224750392947942,512,512,448,384,391441,364481,427175,390760,0,5,53,596430,,0
300001,supply,2,0,0,38,0,RECOMMENDATION,0.089353037828043422,0.57949109313074532,512,320,224,112,1187122,228565,383038,110256,0,7,21,613487,,0
300001,supply,2,0,0,41,4,RECOMMENDATION,0.092456576098977616,0.56039918960237811,512,320,240,208,365382,248525,222296,198119,0,5,31,758135,,0
300001,supply,2,0,0,44,4,RECOMMENDATION,0.089663010541784979,0.5183467765759292,512,320,176,152,366974,257989,161554,155374,0,6,25,642389,,0
300001,supply,2,0,0,47,5,RECOMMENDATION,0.13471914672498472,0.47161114663885545,512,384,256,200,403969,276097,234454,242666,0,6,31,592945,,0
300001,supply,2,0,0,50,0,RECOMMENDATION,0.067074115695799588,0.40164418057716461,512,320,176,152,423890,227974,159902,214935,0,6,25,633536,,0
300001,supply,2,0,0,53,0,RECOMMENDATION,0.054275089362091106,0.32902124328867877,512,320,160,104,383478,228595,147492,108884,0,7,20,590972,,0
300001,supply,2,0,0,56,5,RECOMMENDATION,0.11499870499629072,0.41852788678657254,512,320,216,144,381366,235245,272171,145209,0,7,25,629060,,0
300001,supply,2,0,1,2,0,RECOMMENDATION,0.028308923871882438,0.35512250461932737,512,64,64,64,362077,45048,55324,67062,0,7,15,597362,,0
300001,supply,2,0,1,5,0,RECOMMENDATION,0.025258757774418109,0.23918757821326592,512,64,64,64,423780,70587,115334,66831,0,7,15,593736,,0
300001,supply,2,0,1,8,0,RECOMMENDATION,0.022326375337573916,0.26551284757550636,512,64,64,64,397070,47131,57887,64197,0,7,15,613726,,0
300001,supply,2,0,1,11,0,RECOMMENDATION,0.027504042159929274,0.23626052779399567,512,64,64,64,391100,46019,60071,70126,0,7,15,593055,,0
300001,supply,2,0,1,14,0,RECOMMENDATION,0.010229600750135341,0.14879618330745292,512,64,64,64,360645,44808,57376,85258,0,7,15,590662,,0
300001,supply,2,0,1,17,0,RECOMMENDATION,0.026998346779957542,0.27699578244609924,512,64,64,64,363839,45178,57868,100261,0,7,15,594097,,0
300001,supply,2,0,1,20,3,RECOMMENDATION,0.56857112340657634,0.81912623573606436,512,512,488,488,377130,370088,473454,502318,0,2,63,643901,,0
300001,supply,2,0,1,23,-1,RISK_EMPTY,0,0,512,512,64,64,408457,361846,49104,60311,8,0,16,589209,,0
300001,supply,2,0,1,26,-1,RISK_EMPTY,0,0,512,512,120,64,381516,359843,100101,73390,8,0,16,592614,,0
300001,supply,2,0,1,29,3,RECOMMENDATION,0.81532768627835595,0.99080994976776648,512,512,288,280,386674,361095,263447,269968,4,1,40,721068,,0
300001,supply,2,0,1,32,3,RECOMMENDATION,0.63912793028376103,1.1693747478629959,512,512,344,120,362297,455728,313343,158008,7,0,22,635169,,0
300001,supply,2,0,1,35,3,RECOMMENDATION,0.5587458116616163,1.0106058724933598,512,512,360,240,424221,384421,338100,274655,3,4,37,635278,,0
300001,supply,2,0,1,38,3,RECOMMENDATION,0.23867576352561867,0.72902360951912804,512,448,304,240,535929,319562,308816,221364,0,7,37,579885,,0
300001,supply,2,0,1,41,4,RECOMMENDATION,0.092456576098977616,0.56039918960237811,512,320,240,208,363599,236848,218450,200272,0,5,31,609420,,0
300001,supply,2,0,1,44,4,RECOMMENDATION,0.089663010541784979,0.5183467765759292,512,320,176,152,363348,249176,159671,153022,0,6,25,592915,,0
300001,supply,2,0,1,47,5,RECOMMENDATION,0.13471914672498472,0.47161114663885545,512,384,256,200,371621,342667,234694,189526,0,6,31,716081,,0
300001,supply,2,0,1,50,0,RECOMMENDATION,0.067074115695799588,0.40164418057716461,512,320,176,152,398752,226872,157698,258149,0,6,25,578473,,0
300001,supply,2,0,1,53,0,RECOMMENDATION,0.054275089362091106,0.32902124328867877,512,320,160,104,367635,245150,147493,106571,0,7,20,622890,,0
300001,supply,2,0,1,56,5,RECOMMENDATION,0.11499870499629072,0.41852788678657254,512,320,216,144,407004,236887,248615,143206,0,7,25,705986,,0
300001,supply,2,0.34999999999999998,0,2,0,RECOMMENDATION,0.14269367713348816,0.35512250461932737,512,384,232,104,376568,269177,262356,97407,0,7,20,580045,,0
300001,supply,2,0.34999999999999998,0,5,0,RECOMMENDATION,0.10013384492801483,0.23918757821326592,512,320,152,96,380033,224068,131128,91227,0,7,19,646245,,0
300001,supply,2,0.34999999999999998,0,8,0,RECOMMENDATION,0.10744164062085027,0.26551284757550636,512,320,104,96,358741,247503,90126,90637,0,7,19,662280,,0
300001,supply,2,0.34999999999999998,0,11,0,RECOMMENDATION,0.10056881213185251,0.23626052779399567,512,320,144,96,438822,228525,126891,96395,0,7,19,830514,,0
300001,supply,2,0.34999999999999998,0,14,0,RECOMMENDATION,0.058727904645196491,0.14879618330745292,512,320,104,96,389978,223488,88644,98539,0,7,19,751504,,0
300001,supply,2,0.34999999999999998,0,17,0,RECOMMENDATION,0.11449744926310713,0.27699578244609924,512,320,200,96,362387,234895,184318,90687,0,7,19,752986,,0
300001,supply,2,0.34999999999999998,0,20,3,RECOMMENDATION,0.6562654127218972,0.81912623573606436,512,512,488,464,390319,384741,461156,448507,0,3,61,630342,,0
300001,supply,2,0.34999999999999998,0,23,3,RECOMMENDATION,1.4210680532766067,1.6541373167416757,512,512,424,384,467276,360894,441447,362498,0,7,55,641067,,0
300001,supply,2,0.34999999999999998,0,26,3,RECOMMENDATION,0.74574488187983512,1.0143121943883866,512,512,384,296,378872,420044,693617,269016,0,7,44,610732,,0
300001,supply,2,0.34999999999999998,0,29,3,RECOMMENDATION,0.23346603411042544,0.34571086881251017,512,448,184,160,371330,315826,160001,168695,0,7,27,591643,,0
300001,supply,2,0.34999999999999998,0,32,0,RECOMMENDATION,0.30054178547273652,0.63345183587250942,512,512,352,152,362317,399243,359683,145029,0,7,26,695960,,0
300001,supply,2,0.34999999999999998,0,35,3,RECOMMENDATION,0.52488702072176818,0.81224750392947942,512,512,432,352,373163,376087,396218,358611,0,5,49,594789,,0
300001,supply,2,0.34999999999999998,0,38,0,RECOMMENDATION,0.26090135718398905,0.57949109313074532,512,448,312,112,380525,313954,277559,109185,0,7,21,582038,,0
300001,supply,2,0.34999999999999998,0,41,4,RECOMMENDATION,0.25623649082516775,0.56039918960237811,512,448,240,224,376759,334465,215525,209055,0,5,33,642450,,0
300001,supply,2,0.34999999999999998,0,44,4,RECOMMENDATION,0.23970232865373547,0.5183467765759292,512,448,184,168,363819,668529,198430,165671,0,6,27,662740,,0
300001,supply,2,0.34999999999999998,0,47,5,RECOMMENDATION,0.2526313466948395,0.47161114663885545,512,448,256,176,372132,333153,230207,167804,0,6,28,592484,,0
300001,supply,2,0.34999999999999998,0,50,0,RECOMMENDATION,0.18417363840427736,0.40164418057716461,512,448,232,168,567817,319702,263238,163897,0,6,27,652314,,0
300001,supply,2,0.34999999999999998,0,53,0,RECOMMENDATION,0.15043624323639679,0.32902124328867877,512,448,200,168,461446,317459,181694,167872,0,6,27,647347,,0
300001,supply,2,0.34999999999999998,0,56,5,RECOMMENDATION,0.22123391862288938,0.41852788678657254,512,448,200,120,400655,326363,178980,121323,0,7,22,601187,,0
300001,supply,2,0.34999999999999998,1,2,0,RECOMMENDATION,0.14269367713348816,0.35512250461932737,512,384,232,104,361736,268675,194534,110937,0,7,20,577061,0.32056135224260018,1024
300001,supply,2,0.34999999999999998,1,5,0,RECOMMENDATION,0.10013384492801483,0.23918757821326592,512,320,152,96,363719,244339,181323,95875,0,7,19,829352,0.25621041671709233,1024
300001,supply,2,0.34999999999999998,1,8,0,RECOMMENDATION,0.10744164062085027,0.26551284757550636,512,320,104,96,1159010,251230,147112,98039,0,7,19,764183,0.35992295709765293,1024
300001,supply,2,0.34999999999999998,1,11,0,RECOMMENDATION,0.10056881213185251,0.23626052779399567,512,320,144,96,492293,228615,126531,134002,0,7,19,684673,0.35430232027840081,1024
300001,supply,2,0.34999999999999998,1,14,0,RECOMMENDATION,0.058727904645196491,0.14879618330745292,512,320,104,96,427335,223557,89305,101794,0,7,19,644593,0.24958370467368154,1024
300001,supply,2,0.34999999999999998,1,17,0,RECOMMENDATION,0.11449744926310713,0.27699578244609924,512,320,200,96,359753,309177,195605,213672,0,7,19,669030,0.37026392511920247,1024
300001,supply,2,0.34999999999999998,1,20,3,RECOMMENDATION,0.6562654127218972,0.81912623573606436,512,512,488,464,584112,400244,472693,554366,0,3,61,846848,0.8988687594700403,1024
300001,supply,2,0.34999999999999998,1,23,-1,RISK_EMPTY,0,0,512,512,64,64,406954,365031,48664,60011,8,0,16,637072,,0
300001,supply,2,0.34999999999999998,1,26,-1,RISK_EMPTY,0,0,512,512,120,64,373193,384891,101944,63586,8,0,16,1618263,,0
300001,supply,2,0.34999999999999998,1,29,3,RECOMMENDATION,0.8767464784996496,0.99080994976776648,512,512,280,272,365181,455648,288145,275867,4,1,39,603711,1.1562697439914127,1024
300001,supply,2,0.34999999999999998,1,32,3,RECOMMENDATION,0.82471431643649318,1.1693747478629959,512,512,336,120,399213,482148,302587,114152,7,0,22,584232,1.1792895620670825,1024
300001,supply,2,0.34999999999999998,1,35,3,RECOMMENDATION,0.71689683295272655,1.0106058724933598,512,512,320,208,428717,417190,281705,202946,3,4,33,634458,1.1333615996264856,1024
300001,supply,2,0.34999999999999998,1,38,3,RECOMMENDATION,0.41029750962334693,0.72902360951912804,512,512,336,160,401155,391130,319382,149235,0,7,27,619074,0.674051858464217,1024
300001,supply,2,0.34999999999999998,1,41,4,RECOMMENDATION,0.25623649082516775,0.56039918960237811,512,448,240,224,562109,377090,219191,210959,0,5,33,840318,0.41937270466954268,1024
300001,supply,2,0.34999999999999998,1,44,4,RECOMMENDATION,0.23970232865373547,0.5183467765759292,512,448,184,168,396869,328907,164318,166191,0,6,27,660718,0.51537548961123958,1024
300001,supply,2,0.34999999999999998,1,47,5,RECOMMENDATION,0.2526313466948395,0.47161114663885545,512,448,256,176,373744,424441,238079,169746,0,6,28,623441,0.52005874878605707,1024
300001,supply,2,0.34999999999999998,1,50,0,RECOMMENDATION,0.18417363840427736,0.40164418057716461,512,448,232,168,398702,318791,209185,167633,0,6,27,786036,0.33539146631875577,1024
300001,supply,2,0.34999999999999998,1,53,0,RECOMMENDATION,0.15043624323639679,0.32902124328867877,512,448,200,168,370479,423169,183847,185870,0,6,27,617674,0.41252405027972427,1024
300001,supply,2,0.34999999999999998,1,56,5,RECOMMENDATION,0.22123391862288938,0.41852788678657254,512,448,200,120,363198,326993,193522,120923,0,7,22,633135,0.40190807147744129,1024
300001,supply,2,1,0,2,4,RECOMMENDATION,0.33459140763653861,0.33459140763653861,512,512,344,176,398401,377800,321215,160132,0,6,28,782971,,0
300001,supply,2,1,0,5,0,RECOMMENDATION,0.20889973339127677,0.20889973339127677,512,448,176,112,362487,380985,152730,104318,0,7,21,675439,,0
300001,supply,2,1,0,8,0,RECOMMENDATION,0.27354928297033687,0.27354928297033687,512,512,176,120,360103,382887,152400,111249,0,7,22,591492,,0
300001,supply,2,1,0,11,5,RECOMMENDATION,0.26658434069927334,0.26658434069927334,512,448,184,112,411771,316968,158339,107732,0,7,21,672395,,0
300001,supply,2,1,0,14,0,RECOMMENDATION,0.14879618330745292,0.14879618330745292,512,384,120,104,376588,268195,101914,105038,0,7,20,654618,,0
300001,supply,2,1,0,17,4,RECOMMENDATION,0.27410568936286173,0.27410568936286173,512,512,264,176,446133,356929,219601,157158,0,6,28,623291,,0
300001,supply,2,1,0,20,3,RECOMMENDATION,0.77775925734361306,0.77775925734361306,512,512,336,176,361696,373844,314505,182876,0,6,28,601739,,0
300001,supply,2,1,0,23,3,RECOMMENDATION,1.6113986398662561,1.6113986398662561,512,512,176,120,379492,362887,170958,128353,0,7,22,595559,,0
300001,supply,2,1,0,26,3,RECOMMENDATION,0.97581142646266028,0.97581142646266028,512,512,208,120,431792,366774,180683,117687,0,7,22,591703,,0
300001,supply,2,1,0,29,3,RECOMMENDATION,0.27285803762174404,0.27285803762174404,512,512,120,120,385612,361786,103586,112709,0,7,22,675880,,0
300001,supply,2,1,0,32,0,RECOMMENDATION,0.592357542721486,0.592357542721486,512,512,448,120,375497,373223,434826,113602,0,7,22,626035,,0
300001,supply,2,1,0,35,3,RECOMMENDATION,0.76236323030962205,0.76236323030962205,512,512,360,232,373775,361806,340064,233173,0,5,34,624222,,0
300001,supply,2,1,0,38,0,RECOMMENDATION,0.59606834601594771,0.59606834601594771,512,512,368,120,367555,407515,346603,116606,0,7,22,610601,,0
300001,supply,2,1,0,41,4,RECOMMENDATION,0.52872255782020383,0.52872255782020383,512,512,288,232,715420,364190,254895,215264,0,5,34,607627,,0
300001,supply,2,1,0,44,4,RECOMMENDATION,0.47652172500311413,0.47652172500311413,512,512,192,176,360725,401796,167202,169696,0,6,28,926218,,0
300001,supply,2,1,0,47,5,RECOMMENDATION,0.50908426648400307,0.50908426648400307,512,512,184,120,368036,391571,160392,114764,0,7,22,688659,,0
300001,supply,2,1,0,50,5,RECOMMENDATION,0.43160213520532187,0.43160213520532187,512,512,208,120,372422,455017,187644,117026,0,7,22,635689,,0
300001,supply,2,1,0,53,5,RECOMMENDATION,0.31770992441872759,0.31770992441872759,512,512,256,176,368076,380084,241064,178289,0,6,28,620276,,0
300001,supply,2,1,0,56,5,RECOMMENDATION,0.31772547613251573,0.31772547613251573,512,512,216,120,373484,400024,189616,119320,0,7,22,632065,,0
300001,supply,2,1,1,2,4,RECOMMENDATION,0.33459140763653861,0.33459140763653861,512,512,344,176,414405,358281,289246,159511,0,6,28,633277,,0
300001,supply,2,1,1,5,0,RECOMMENDATION,0.20889973339127677,0.20889973339127677,512,448,176,112,393054,313333,151819,166592,0,7,21,634628,,0
300001,supply,2,1,1,8,0,RECOMMENDATION,0.27354928297033687,0.27354928297033687,512,512,176,120,373794,367224,151088,111237,0,7,22,599746,,0
300001,supply,2,1,1,11,5,RECOMMENDATION,0.26658434069927334,0.26658434069927334,512,448,184,112,388487,335938,158359,134924,0,7,21,717393,,0
300001,supply,2,1,1,14,0,RECOMMENDATION,0.14879618330745292,0.14879618330745292,512,384,120,104,434455,267964,128994,105599,0,7,20,588198,,0
300001,supply,2,1,1,17,4,RECOMMENDATION,0.27410568936286173,0.27410568936286173,512,512,264,176,389758,355666,217418,156396,0,6,28,625174,,0
300001,supply,2,1,1,20,3,RECOMMENDATION,0.77775925734361306,0.77775925734361306,512,512,336,176,376548,387204,312000,170847,0,6,28,597562,,0
300001,supply,2,1,1,23,-1,RISK_EMPTY,0,0,512,512,64,64,409288,363239,48834,59641,8,0,16,605674,,0
300001,supply,2,1,1,26,-1,RISK_EMPTY,0,0,512,512,120,64,370489,377400,101343,60131,8,0,16,631634,,0
300001,supply,2,1,1,29,3,RECOMMENDATION,0.95665898385294545,0.95665898385294545,512,512,200,200,378481,358691,176887,187644,3,3,31,660056,,0
300001,supply,2,1,1,32,3,RECOMMENDATION,1.1230528587575925,1.1230528587575925,512,512,304,120,363028,599705,300404,130647,6,1,22,590772,,0
300001,supply,2,1,1,35,3,RECOMMENDATION,0.94960318041140612,0.94960318041140612,512,512,136,120,428326,385312,117347,123447,2,5,22,633776,,0
300001,supply,2,1,1,38,3,RECOMMENDATION,0.74606834601594774,0.74606834601594774,512,512,296,120,417701,387134,267053,296988,0,7,22,677612,,0
300001,supply,2,1,1,41,4,RECOMMENDATION,0.52872255782020383,0.52872255782020383,512,512,288,232,362196,375667,271400,215105,0,5,34,599034,,0
300001,supply,2,1,1,44,4,RECOMMENDATION,0.47652172500311413,0.47652172500311413,512,512,192,176,526204,435057,168765,172530,0,6,28,594197,,0
300001,supply,2,1,1,47,5,RECOMMENDATION,0.50908426648400307,0.50908426648400307,512,512,184,120,382357,359653,160172,113812,0,7,22,628278,,0
300001,supply,2,1,1,50,5,RECOMMENDATION,0.43160213520532187,0.43160213520532187,512,512,208,120,387204,423339,187123,119331,0,7,22,643111,,0
300001,supply,2,1,1,53,5,RECOMMENDATION,0.31770992441872759,0.31770992441872759,512,512,256,176,389388,362988,237188,204609,0,6,28,750353,,0
300001,supply,2,1,1,56,5,RECOMMENDATION,0.31772547613251573,0.31772547613251573,512,512,216,120,371341,452773,190187,182085,0,7,22,653036,,0
300001,supply,5,0,0,5,0,RECOMMENDATION,0.025258757774418109,0.23918757821326592,512,64,64,64,365642,45489,104288,97568,0,7,15,614267,,0
300001,supply,5,0,0,11,0,RECOMMENDATION,0.027504042159929274,0.23626052779399567,512,64,64,64,370960,47281,59340,70236,0,7,15,640988,,0
300001,supply,5,0,0,17,0,RECOMMENDATION,0.026998346779957542,0.27699578244609924,512,64,64,64,515077,45679,55384,64208,0,7,15,582118,,0
300001,supply,5,0,0,23,3,RECOMMENDATION,1.7423289261976869,2.1722650311020768,512,512,512,512,402548,359723,522198,486464,0,0,64,580436,,0
300001,supply,5,0,0,29,3,RECOMMENDATION,0.81532768627835595,0.99080994976776648,512,512,432,432,366903,375326,423980,423729,0,7,61,655820,,0
300001,supply,5,0,0,35,3,RECOMMENDATION,0.94568135091958894,1.3975568243801955,512,512,440,416,406904,363038,411591,424831,0,7,59,594848,,0
300001,supply,5,0,0,41,3,RECOMMENDATION,0.28136562726210612,0.7882149352424247,512,512,280,232,371200,410450,250718,213682,0,7,36,657633,,0
300001,supply,5,0,0,47,3,RECOMMENDATION,0.23085066320601133,0.63656734599161546,512,448,288,240,373223,316027,364801,223577,0,7,37,652315,,0
300001,supply,5,0,0,53,0,RECOMMENDATION,0.031273062811253777,0.29044870236456916,512,192,80,80,367846,135885,75904,87482,0,7,17,741961,,0
300001,supply,5,0,1,5,0,RECOMMENDATION,0.025258757774418109,0.23918757821326592,512,64,64,64,424000,46039,59670,66541,0,7,15,615489,,0
300001,supply,5,0,1,11,0,RECOMMENDATION,0.027504042159929274,0.23626052779399567,512,64,64,64,382878,46751,59570,69695,0,7,15,577011,,0
300001,supply,5,0,1,17,0,RECOMMENDATION,0.026998346779957542,0.27699578244609924,512,64,64,64,388216,45789,57577,64717,0,7,15,938678,,0
300001,supply,5,0,1,23,-1,RISK_EMPTY,0,0,512,512,64,64,379593,360704,48844,70828,8,0,16,691153,,0
300001,supply,5,0,1,29,-1,RISK_EMPTY,0,0,512,512,64,64,399122,359392,49695,59730,8,0,16,595609,,0
300001,supply,5,0,1,35,-1,RISK_EMPTY,0,0,512,512,64,64,388567,393775,49605,106550,8,0,16,793608,,0
300001,supply,5,0,1,41,-1,RISK_EMPTY,0,0,512,512,64,64,372072,411231,52889,61333,8,0,16,708790,,0
300001,supply,5,0,1,47,-1,RISK_EMPTY,0,0,512,512,64,64,463099,389969,50607,61893,8,0,16,1446273,,0
300001,supply,5,0,1,53,-1,RISK_EMPTY,0,0,512,512,64,64,401706,364591,51488,73230,8,0,16,656831,,0
300001,supply,5,0.34999999999999998,0,5,0,RECOMMENDATION,0.10013384492801483,0.23918757821326592,512,320,152,96,362627,239832,130848,91138,0,7,19,674278,,0
300001,supply,5,0.34999999999999998,0,11,0,RECOMMENDATION,0.10056881213185251,0.23626052779399567,512,320,144,96,466955,229476,130507,217378,0,7,19,632204,,0
300001,supply,5,0.34999999999999998,0,17,0,RECOMMENDATION,0.11449744926310713,0.27699578244609924,512,320,200,96,391741,222586,166591,89435,0,7,19,699526,,0
300001,supply,5,0.34999999999999998,0,23,3,RECOMMENDATION,1.8928065629142234,2.1722650311020768,512,512,512,504,378582,394395,552414,2931805,0,1,64,624413,,0
300001,supply,5,0.34999999999999998,0,29,3,RECOMMENDATION,0.8767464784996496,0.99080994976776648,512,512,360,352,368116,358942,463950,395777,0,7,51,1680978,,0
300001,supply,5,0.34999999999999998,0,35,3,RECOMMENDATION,1.1038377666308012,1.3975568243801955,512,512,392,360,387905,362718,349628,376377,0,7,52,601037,,0
300001,supply,5,0.34999999999999998,0,41,3,RECOMMENDATION,0.45876288505521767,0.7882149352424247,512,512,216,136,369738,447335,204128,126271,0,7,24,589970,,0
300001,supply,5,0.34999999999999998,0,47,3,RECOMMENDATION,0.37285150218097274,0.63656734599161546,512,512,280,176,387935,366854,267825,163006,0,7,29,645794,,0
300001,supply,5,0.34999999999999998,0,53,0,RECOMMENDATION,0.12198453665491416,0.29044870236456916,512,384,152,104,419413,271890,170788,106691,0,7,20,627016,,0
300001,supply,5,0.34999999999999998,1,5,0,RECOMMENDATION,0.10013384492801483,0.23918757821326592,512,320,152,96,378772,223448,132169,102755,0,7,19,596059,,0
300001,supply,5,0.34999999999999998,1,11,0,RECOMMENDATION,0.10056881213185251,0.23626052779399567,512,320,144,96,441486,228034,125880,95734,0,7,19,665535,,0
300001,supply,5,0.34999999999999998,1,17,0,RECOMMENDATION,0.11449744926310713,0.27699578244609924,512,320,200,96,390299,222856,169015,92620,0,7,19,1044486,,0
300001,supply,5,0.34999999999999998,1,23,-1,RISK_EMPTY,0,0,512,512,64,64,439473,385081,52109,65429,8,0,16,605934,,0
300001,supply,5,0.34999999999999998,1,29,-1,RISK_EMPTY,0,0,512,512,64,64,368617,375146,49214,59690,8,0,16,601659,,0
300001,supply,5,0.34999999999999998,1,35,-1,RISK_EMPTY,0,0,512,512,64,64,401376,462718,50176,68663,8,0,16,662381,,0
300001,supply,5,0.34999999999999998,1,41,-1,RISK_EMPTY,0,0,512,512,64,64,416238,473865,50747,60201,8,0,16,731314,,0
300001,supply,5,0.34999999999999998,1,47,-1,RISK_EMPTY,0,0,512,512,64,64,847610,372062,48914,61052,8,0,16,661648,,0
300001,supply,5,0.34999999999999998,1,53,-1,RISK_EMPTY,0,0,512,512,64,64,395977,365451,50806,66219,8,0,16,583961,,0
300001,supply,5,1,0,5,4,RECOMMENDATION,0.2390895093549506,0.2390895093549506,512,448,240,168,419804,357420,207833,534306,0,6,27,614417,,0
300001,supply,5,1,0,11,5,RECOMMENDATION,0.26658434069927334,0.26658434069927334,512,448,232,168,385722,529159,293022,163717,0,6,27,605865,,0
300001,supply,5,1,0,17,4,RECOMMENDATION,0.27410568936286173,0.27410568936286173,512,512,264,176,359603,369047,253563,156045,0,6,28,589700,,0
300001,supply,5,1,0,23,3,RECOMMENDATION,2.121031438955912,2.121031438955912,512,512,416,176,407675,362297,380784,185560,0,6,28,594236,,0
300001,supply,5,1,0,29,3,RECOMMENDATION,0.95665898385294545,0.95665898385294545,512,512,120,120,366103,359643,104457,135365,0,7,22,617151,,0
300001,supply,5,1,0,35,3,RECOMMENDATION,1.3365541322982417,1.3365541322982417,512,512,136,120,370910,377800,126701,130357,0,7,22,629230,,0
300001,supply,5,1,0,41,3,RECOMMENDATION,0.73539294662381005,0.73539294662381005,512,512,136,120,369187,375077,122325,114133,0,7,22,593095,,0
300001,supply,5,1,0,47,3,RECOMMENDATION,0.59402365978225369,0.59402365978225369,512,512,232,120,391131,365562,200113,115423,0,7,22,628659,,0
300001,supply,5,1,0,53,5,RECOMMENDATION,0.31770992441872759,0.31770992441872759,512,512,256,120,882943,395067,316558,124028,0,7,22,746666,,0
300001,supply,5,1,1,5,4,RECOMMENDATION,0.2390895093549506,0.2390895093549506,512,448,240,168,361085,342737,207072,152601,0,6,27,636441,,0
300001,supply,5,1,1,11,5,RECOMMENDATION,0.26658434069927334,0.26658434069927334,512,448,232,168,410900,317329,205070,178860,0,6,27,585504,,0
300001,supply,5,1,1,17,4,RECOMMENDATION,0.27410568936286173,0.27410568936286173,512,512,264,176,358952,373473,219170,156596,0,6,28,616661,,0
300001,supply,5,1,1,23,-1,RISK_EMPTY,0,0,512,512,64,64,396549,362888,49064,60091,8,0,16,593986,,0
300001,supply,5,1,1,29,-1,RISK_EMPTY,0,0,512,512,64,64,367235,397920,48273,59810,8,0,16,601818,,0
300001,supply,5,1,1,35,-1,RISK_EMPTY,0,0,512,512,64,64,381937,362858,49355,68303,8,0,16,588909,,0
300001,supply,5,1,1,41,-1,RISK_EMPTY,0,0,512,512,64,64,396438,360604,50036,60401,8,0,16,641328,,0
300001,supply,5,1,1,47,-1,RISK_EMPTY,0,0,512,512,64,64,382858,515207,67322,61793,8,0,16,608649,,0
300001,supply,5,1,1,53,-1,RISK_EMPTY,0,0,512,512,64,64,388466,383468,49865,65029,8,0,16,580416,,0
300001,capacity,0,0,0,0,0,RECOMMENDATION,0.084511634471613958,0.48030306789435773,512,320,208,112,396118,233232,180812,179740,0,7,21,663152,,0
300001,capacity,0,0,0,1,0,RECOMMENDATION,0.063642214514498058,0.25700375575822348,512,320,192,120,367595,246152,177759,118760,0,7,22,658273,,0
300001,capacity,0,0,0,2,0,RECOMMENDATION,0.0071428814009334473,0.095036375324029157,512,64,64,64,454355,45739,55684,65309,0,7,15,588147,,0
300001,capacity,0,0,0,3,0,RECOMMENDATION,0.028157791035491014,0.33293906538866874,512,64,64,64,381696,45749,58138,71799,0,7,15,672335,,0
300001,capacity,0,0,0,4,0,RECOMMENDATION,0.025099490152077242,0.33444745915889235,512,64,64,64,362097,48002,59801,69094,0,7,15,614317,,0
300001,capacity,0,0,0,5,0,RECOMMENDATION,0.03553318261280082,0.33300564437619673,512,192,80,80,358781,147834,70096,78648,0,7,17,626155,,0
300001,capacity,0,0,0,6,0,RECOMMENDATION,0.028548527546423116,0.24980520982985993,512,64,64,64,375717,45970,85238,69836,0,7,15,587287,,0
300001,capacity,0,0,0,7,0,RECOMMENDATION,0.046548504906252799,0.40721217558252121,512,192,112,80,417480,135195,96075,81333,0,7,17,611162,,0
300001,capacity,0,0,0,8,0,RECOMMENDATION,0.014576670539046292,0.15831818456068114,512,64,64,64,377710,47321,57757,63976,0,7,15,619435,,0
300001,capacity,0,0,0,9,0,RECOMMENDATION,0.03265764729866491,0.45644138180628208,512,192,104,80,362116,151068,107353,76616,0,7,17,675609,,0
300001,capacity,0,0,0,10,0,RECOMMENDATION,0.045704887525646921,0.34691328522167408,512,192,112,80,401626,136526,101453,87663,0,7,17,645775,,0
300001,capacity,0,0,0,11,0,RECOMMENDATION,0.01454962593556261,0.14051545556510481,512,64,64,64,365031,45969,55354,67653,0,7,15,648919,,0
300001,capacity,0,0,0,12,0,RECOMMENDATION,0.078579216645541933,0.48502093614004155,512,320,208,96,393364,231630,178269,99901,0,7,19,609180,,0
300001,capacity,0,0,0,13,0,RECOMMENDATION,0.025839909479386886,0.21552388148737289,512,64,64,64,381226,45529,57527,65288,0,7,15,587066,,0
300001,capacity,0,0,0,14,0,RECOMMENDATION,0.031799575879480228,0.23869070217351884,512,192,80,80,362858,134083,67111,81654,0,7,17,596760,,0
300001,capacity,0,0,0,15,0,RECOMMENDATION,0.027470542046483044,0.2964336283051861,512,64,64,64,365201,45448,56656,65640,0,7,15,612975,,0
300001,capacity,0,0,0,16,6,RECOMMENDATION,0.075204949177647085,0.27341677888168558,512,320,224,176,361135,233102,200282,201804,0,6,28,673016,,0
300001,capacity,0,0,0,17,0,RECOMMENDATION,0.012965915142101438,0.12665976993315828,512,64,64,64,364500,45629,62224,92590,0,7,15,603440,,0
300001,capacity,0,0,0,18,0,RECOMMENDATION,0.023904727137501035,0.2533110788848123,512,64,64,64,364690,45940,61713,75254,0,7,15,638294,,0
300001,capacity,0,0,0,19,0,RECOMMENDATION,0.038830865945588211,0.45433917170131577,512,192,96,80,365692,153331,83926,82064,0,7,17,627477,,0
300001,capacity,0,0,0,20,0,RECOMMENDATION,0.0073758116121551811,0.12521434845802668,512,64,64,64,376478,46060,56675,63275,0,7,15,590842,,0
300001,capacity,0,0,0,21,0,RECOMMENDATION,0.0021684745919275908,0.012465312423850116,512,64,64,64,364220,45288,71538,66331,0,7,15,578122,,0
300001,capacity,0,0,0,22,0,RECOMMENDATION,0.0059533119811012629,0.095645715681688989,512,64,64,64,359182,88243,56395,66690,0,7,15,904966,,0
300001,capacity,0,0,0,23,2,RECOMMENDATION,0.77933759966740224,1.3540387780968564,512,512,488,448,367175,375206,481687,429129,0,4,60,583821,,0
300001,capacity,0,0,0,24,2,RECOMMENDATION,1.0846154555703162,1.5968667225638395,512,512,496,480,359493,428867,454135,474476,0,2,62,654839,,0
300001,capacity,0,0,0,25,2,RECOMMENDATION,1.2286531839309973,1.5621265102728161,512,512,496,496,360784,359022,455297,475518,0,2,64,669671,,0
300001,capacity,0,0,0,26,1,RECOMMENDATION,1.4369303002031828,1.7085253674856311,512,512,496,496,365612,359583,473806,489419,0,2,64,627347,,0
300001,capacity,0,0,0,27,1,RECOMMENDATION,1.7407706685918856,1.984045172017679,512,512,496,496,416559,360584,509770,463329,0,2,64,595048,,0
300001,capacity,0,0,0,28,0,RECOMMENDATION,1.8447436752902933,1.985116727988214,512,512,496,496,359993,369378,466905,465513,0,2,64,605504,,0
300001,capacity,0,0,0,29,0,RECOMMENDATION,2.0299523375719652,2.1876104089701824,512,512,496,496,359352,374855,462298,481036,0,2,64,592053,,0
300001,capacity,0,0,0,30,6,RECOMMENDATION,1.1870150450292603,1.6250121143778524,512,512,472,456,360254,372402,432943,459793,0,3,60,630473,,0
300001,capacity,0,0,0,31,2,RECOMMENDATION,1.133862304509357,1.5375375691423534,512,512,496,488,370199,374315,545303,486063,0,3,64,650211,,0
300001,capacity,0,0,0,32,1,RECOMMENDATION,0.62694914254081335,1.143305482070698,512,512,480,448,416729,390629,456068,425411,0,4,60,602551,,0
300001,capacity,0,0,0,33,6,RECOMMENDATION,0.66722715365296559,1.1152182375715869,512,512,472,448,384200,360644,480385,438542,0,3,59,594107,,0
300001,capacity,0,0,0,34,0,RECOMMENDATION,0.31208061521430802,0.85084355238843368,512,512,400,344,378662,394696,377099,339052,0,6,49,602389,,0
300001,capacity,0,0,0,35,0,RECOMMENDATION,0.21885463235882263,0.56505235245879115,512,448,328,296,463970,348265,303538,293894,0,6,43,601598,,0
300001,capacity,0,0,0,36,0,RECOMMENDATION,0.13925492710072829,0.30525807953168466,512,384,264,240,537631,291560,252501,346933,0,6,36,605445,,0
300001,capacity,0,0,0,37,0,RECOMMENDATION,0.11295204294091565,0.16501638776064384,512,320,232,208,401726,229337,265580,205370,0,7,33,683872,,0
300001,capacity,0,0,0,38,0,RECOMMENDATION,0.097553577910329745,0.13881937606701725,512,320,232,200,375477,240864,230619,201534,0,7,32,631783,,0
300001,capacity,0,0,0,39,6,RECOMMENDATION,0.11603906773679867,0.55170469812501111,512,320,280,280,450290,228175,533826,326373,0,6,41,637953,,0
300001,capacity,0,0,0,40,0,RECOMMENDATION,0.010176579555897937,0.13290002839978882,512,64,64,64,360263,46810,53571,65288,0,7,15,619655,,0
300001,capacity,0,0,0,41,0,RECOMMENDATION,0.060563724643955291,0.56511382246763164,512,320,168,96,363589,243918,145149,92961,0,7,19,616901,,0
300001,capacity,0,0,0,42,0,RECOMMENDATION,0.05760496697005308,0.50959685554017631,512,320,160,96,385923,222496,133592,92941,0,7,19,607167,,0
300001,capacity,0,0,0,43,0,RECOMMENDATION,0.045958537224017118,0.35566709740279129,512,192,128,80,362768,134043,109065,80692,0,7,17,595239,,0
300001,capacity,0,0,0,44,0,RECOMMENDATION,0.037627474863555922,0.30214732688456925,512,192,96,80,418051,141633,87292,80641,0,7,17,678193,,0
300001,capacity,0,0,0,45,0,RECOMMENDATION,0.078746486287770881,0.41614437604015359,512,320,216,112,364129,223998,197598,107461,0,7,21,779196,,0
300001,capacity,0,0,0,46,0,RECOMMENDATION,0.036792279786140095,0.40921674488979154,512,192,104,80,381226,156236,91218,88974,0,7,17,630312,,0
300001,capacity,0,0,0,47,0,RECOMMENDATION,0.045544679002842085,0.4665537546772624,512,192,112,80,368957,133852,95193,98439,0,7,17,594758,,0
300001,capacity,0,0,0,48,0,RECOMMENDATION,0.083987743003823945,0.61488560443395035,512,320,240,104,371761,232160,211028,108412,0,7,20,661389,,0
300001,capacity,0,0,0,49,0,RECOMMENDATION,0.034921614164077359,0.4101025493953776,512,192,80,80,392292,134012,67833,115955,0,7,17,593626,,0
300001,capacity,0,0,0,50,0,RECOMMENDATION,0.076281078912688427,0.63594885218182384,512,320,144,96,364420,224368,135946,94053,0,7,19,603571,,0
300001,capacity,0,0,0,51,0,RECOMMENDATION,0.055226070174595396,0.46132692002959652,512,320,152,96,379503,225340,129375,93601,0,7,19,626856,,0
300001,capacity,0,0,0,52,0,RECOMMENDATION,0.080615636202646515,0.48289878147968257,512,320,192,112,375117,250578,171730,107233,0,7,21,604462,,0
300001,capacity,0,0,0,53,0,RECOMMENDATION,0.039154435037725685,0.3440341911572215,512,192,112,80,401816,134182,101963,85109,0,7,17,691373,,0
300001,capacity,0,0,0,54,6,RECOMMENDATION,0.13194409299569834,0.69308770315460022,512,384,272,256,365091,270318,275456,254314,0,5,37,604503,,0
300001,capacity,0,0,0,55,0,RECOMMENDATION,0.048377668664298067,0.45982852249460193,512,192,112,80,381606,134734,95173,117116,0,7,17,590141,,0
300001,capacity,0,0,0,56,0,RECOMMENDATION,0.0094236722787200099,0.12502362124740182,512,64,64,64,358881,46510,54873,63146,0,7,15,603000,,0
300001,capacity,0,0,0,57,5,RECOMMENDATION,0.084101797267751285,0.36194980084671674,512,320,224,160,374806,256808,207063,150418,0,6,26,591102,,0
300001,capacity,0,0,0,58,6,RECOMMENDATION,0.1306055769060914,0.75950274979346399,512,384,280,240,404251,273703,267674,260404,0,5,35,579655,,0
300001,capacity,0,0,1,0,0,RECOMMENDATION,0.084511634471613958,0.48030306789435773,512,320,208,112,363368,231550,196277,113301,0,7,21,585804,,0
300001,capacity,0,0,1,1,0,RECOMMENDATION,0.063642214514498058,0.25700375575822348,512,320,192,120,396419,229817,178990,152681,0,7,22,793597,,0
300001,capacity,0,0,1,2,0,RECOMMENDATION,0.0071428814009334473,0.095036375324029157,512,64,64,64,360344,44617,54863,67152,0,7,15,670302,,0
300001,capacity,0,0,1,3,0,RECOMMENDATION,0.028157791035491014,0.33293906538866874,512,64,64,64,382978,46921,59209,67352,0,7,15,664323,,0
300001,capacity,0,0,1,4,0,RECOMMENDATION,0.025099490152077242,0.33444745915889235,512,64,64,64,384851,48123,59771,68884,0,7,15,630882,,0
300001,capacity,0,0,1,5,0,RECOMMENDATION,0.03553318261280082,0.33300564437619673,512,192,80,80,373003,134533,69135,78048,0,7,17,579214,,0
300001,capacity,0,0,1,6,0,RECOMMENDATION,0.028548527546423116,0.24980520982985993,512,64,64,64,376438,45348,55854,69915,0,7,15,578433,,0
300001,capacity,0,0,1,7,0,RECOMMENDATION,0.046548504906252799,0.40721217558252121,512,192,112,80,367625,134733,96176,82264,0,7,17,712175,,0
300001,capacity,0,0,1,8,0,RECOMMENDATION,0.014576670539046292,0.15831818456068114,512,64,64,64,384891,47131,57457,64388,0,7,15,625784,,0
300001,capacity,0,0,1,9,0,RECOMMENDATION,0.03265764729866491,0.45644138180628208,512,192,104,80,374045,136937,87332,78638,0,7,17,619976,,0
300001,capacity,0,0,1,10,0,RECOMMENDATION,0.045704887525646921,0.34691328522167408,512,192,112,80,382578,136806,101162,97778,0,7,17,591874,,0
300001,capacity,0,0,1,11,0,RECOMMENDATION,0.01454962593556261,0.14051545556510481,512,64,64,64,373564,79500,55553,66330,0,7,15,604061,,0
300001,capacity,0,0,1,12,0,RECOMMENDATION,0.078579216645541933,0.48502093614004155,512,320,208,96,364580,231700,177478,193412,0,7,19,598914,,0
300001,capacity,0,0,1,13,0,RECOMMENDATION,0.025839909479386886,0.21552388148737289,512,64,64,64,363128,44818,86290,72089,0,7,15,618753,,0
300001,capacity,0,0,1,14,0,RECOMMENDATION,0.031799575879480228,0.23869070217351884,512,192,80,80,363999,134634,67462,83837,0,7,17,651854,,0
300001,capacity,0,0,1,15,0,RECOMMENDATION,0.027470542046483044,0.2964336283051861,512,64,64,64,365311,111718,58017,65999,0,7,15,606696,,0
300001,capacity,0,0,1,16,6,RECOMMENDATION,0.075204949177647085,0.27341677888168558,512,320,224,176,364450,293623,220052,169286,0,6,28,612875,,0
300001,capacity,0,0,1,17,0,RECOMMENDATION,0.012965915142101438,0.12665976993315828,512,64,64,64,379313,45489,63286,70747,0,7,15,612534,,0
300001,capacity,0,0,1,18,0,RECOMMENDATION,0.023904727137501035,0.2533110788848123,512,64,64,64,380605,46981,61944,72590,0,7,15,592123,,0
300001,capacity,0,0,1,19,0,RECOMMENDATION,0.038830865945588211,0.45433917170131577,512,192,96,80,428557,136045,84368,85448,0,7,17,591904,,0
300001,capacity,0,0,1,20,0,RECOMMENDATION,0.0073758116121551811,0.12521434845802668,512,64,64,64,358331,47542,57086,63435,0,7,15,657413,,0
300001,capacity,0,0,1,21,0,RECOMMENDATION,0.0021684745919275908,0.012465312423850116,512,64,64,64,359393,45088,57437,65869,0,7,15,598585,,0
300001,capacity,0,0,1,22,0,RECOMMENDATION,0.0059533119811012629,0.095645715681688989,512,64,64,64,362116,60221,56105,66450,0,7,15,635290,,0
300001,capacity,0,0,1,23,-1,RISK_EMPTY,0,0,512,512,224,64,383209,360804,194603,67301,8,0,16,624763,,0
300001,capacity,0,0,1,24,-1,RISK_EMPTY,0,0,512,512,64,64,373544,371160,52088,68213,8,0,16,633867,,0
300001,capacity,0,0,1,25,-1,RISK_EMPTY,0,0,512,512,64,64,539925,367775,49274,58999,8,0,16,589450,,0
300001,capacity,0,0,1,26,-1,RISK_EMPTY,0,0,512,512,64,64,441065,370849,52028,59721,8,0,16,623080,,0
300001,capacity,0,0,1,27,-1,RISK_EMPTY,0,0,512,512,64,64,365181,416989,50185,62996,8,0,16,594567,,0
300001,capacity,0,0,1,28,-1,RISK_EMPTY,0,0,512,512,64,64,360254,406043,51858,59850,8,0,16,773548,,0
300001,capacity,0,0,1,29,-1,RISK_EMPTY,0,0,512,512,64,64,365442,376538,48934,59571,8,0,16,637312,,0
300001,capacity,0,0,1,30,-1,RISK_EMPTY,0,0,512,512,64,64,376428,373614,48443,62895,8,0,16,585023,,0
300001,capacity,0,0,1,31,-1,RISK_EMPTY,0,0,512,512,64,64,374616,359883,102024,61984,8,0,16,652905,,0
300001,capacity,0,0,1,32,-1,RISK_EMPTY,0,0,512,512,64,64,357049,451131,49494,59749,8,0,16,595539,,0
300001,capacity,0,0,1,33,-1,RISK_EMPTY,0,0,512,512,64,64,366934,388726,49575,65399,8,0,16,646065,,0
300001,capacity,0,0,1,34,-1,RISK_EMPTY,0,0,512,512,64,64,379343,358061,51047,59190,8,0,16,582359,,0
300001,capacity,0,0,1,35,-1,RISK_EMPTY,0,0,512,512,64,64,364530,382968,51207,92791,8,0,16,658013,,0
300001,capacity,0,0,1,36,-1,RISK_EMPTY,0,0,512,512,64,64,356818,380615,52238,63625,8,0,16,579265,,0
300001,capacity,0,0,1,37,-1,RISK_EMPTY,0,0,512,512,64,64,363038,371260,51978,59209,8,0,16,644903,,0
300001,capacity,0,0,1,38,-1,RISK_EMPTY,0,0,512,512,64,64,397029,359001,49124,59921,8,0,16,616210,,0
300001,capacity,0,0,1,39,-1,RISK_EMPTY,0,0,512,512,64,64,366624,372672,93371,66320,8,0,16,645394,,0
300001,capacity,0,0,1,40,-1,RISK_EMPTY,0,0,512,512,64,64,356037,404821,49505,59460,8,0,16,591412,,0
300001,capacity,0,0,1,41,-1,RISK_EMPTY,0,0,512,512,64,64,364010,452092,49124,59149,8,0,16,632425,,0
300001,capacity,0,0,1,42,-1,RISK_EMPTY,0,0,512,512,64,64,398111,356779,51448,60122,8,0,16,580927,,0
300001,capacity,0,0,1,43,-1,RISK_EMPTY,0,0,512,512,64,64,365152,370169,48474,90316,8,0,16,593796,,0
300001,capacity,0,0,1,44,-1,RISK_EMPTY,0,0,512,512,64,64,357540,384500,53401,59870,8,0,16,628009,,0
300001,capacity,0,0,1,45,-1,RISK_EMPTY,0,0,512,512,64,64,363068,374014,49916,59169,8,0,16,603131,,0
300001,capacity,0,0,1,46,-1,RISK_EMPTY,0,0,512,512,64,64,420074,360144,49234,69435,8,0,16,643852,,0
300001,capacity,0,0,1,47,-1,RISK_EMPTY,0,0,512,512,64,64,365892,369848,48954,66501,8,0,16,617331,,0
300001,capacity,0,0,1,48,-1,RISK_EMPTY,0,0,512,512,64,64,358911,391050,48764,69264,8,0,16,598914,,0
300001,capacity,0,0,1,49,-1,RISK_EMPTY,0,0,512,512,64,64,388015,384640,49555,67832,8,0,16,626145,,0
300001,capacity,0,0,1,50,-1,RISK_EMPTY,0,0,512,512,64,64,380825,360134,48193,59140,8,0,16,579024,,0
300001,capacity,0,0,1,51,-1,RISK_EMPTY,0,0,512,512,64,64,373954,386253,48683,58668,8,0,16,591182,,0
300001,capacity,0,0,1,52,-1,RISK_EMPTY,0,0,512,512,64,64,357319,381186,48843,59539,8,0,16,654438,,0
300001,capacity,0,0,1,53,-1,RISK_EMPTY,0,0,512,512,64,64,368366,386083,122195,67412,8,0,16,623020,,0
300001,capacity,0,0,1,54,-1,RISK_EMPTY,0,0,512,512,64,64,411811,359853,50046,63977,8,0,16,597331,,0
300001,capacity,0,0,1,55,-1,RISK_EMPTY,0,0,512,512,64,64,368386,569620,52689,60171,8,0,16,624873,,0
300001,capacity,0,0,1,56,-1,RISK_EMPTY,0,0,512,512,88,64,360544,369267,74092,62634,8,0,16,610541,,0
300001,capacity,0,0,1,57,-1,RISK_EMPTY,0,0,512,512,64,64,377841,362347,48594,58128,8,0,16,612444,,0
300001,capacity,0,0,1,58,-1,RISK_EMPTY,0,0,512,512,64,64,364841,356147,48293,65809,8,0,16,657252,,0
300001,capacity,0,0.34999999999999998,0,0,0,RECOMMENDATION,0.22303863616957426,0.48030306789435773,512,448,240,112,381436,324770,224349,143207,0,7,21,648709,,0
300001,capacity,0,0.34999999999999998,0,1,0,RECOMMENDATION,0.13131875394980197,0.25700375575822348,512,384,200,104,366523,287905,212772,102304,0,7,20,624874,,0
300001,capacity,0,0.34999999999999998,0,2,0,RECOMMENDATION,0.037905604274016944,0.095036375324029157,512,192,104,80,376608,134242,85580,83166,0,7,17,628238,,0
300001,capacity,0,0.34999999999999998,0,3,0,RECOMMENDATION,0.13483123705910321,0.33293906538866874,512,384,192,104,362898,270509,195765,98008,0,7,20,652795,,0
300001,capacity,0,0.34999999999999998,0,4,0,RECOMMENDATION,0.13337127930446252,0.33444745915889235,512,384,152,104,356278,290468,130136,100361,0,7,20,595068,,0
300001,capacity,0,0.34999999999999998,0,5,0,RECOMMENDATION,0.13964854422998937,0.33300564437619673,512,384,128,104,358731,281816,108975,97428,0,7,20,590571,,0
300001,capacity,0,0.34999999999999998,0,6,0,RECOMMENDATION,0.105988366345626,0.24980520982985993,512,320,184,96,375197,223317,153682,99701,0,7,19,596791,,0
300001,capacity,0,0.34999999999999998,0,7,0,RECOMMENDATION,0.17278078964294674,0.40721217558252121,512,448,216,112,527857,343399,182706,109425,0,7,21,649871,,0
300001,capacity,0,0.34999999999999998,0,8,0,RECOMMENDATION,0.064886200446618483,0.15831818456068114,512,320,128,96,358841,263628,108684,118137,0,7,19,586656,,0
300001,capacity,0,0.34999999999999998,0,9,0,RECOMMENDATION,0.18098195437633091,0.45644138180628208,512,448,272,112,376989,320043,224629,101443,0,7,21,636521,,0
300001,capacity,0,0.34999999999999998,0,10,0,RECOMMENDATION,0.15112782671925643,0.34691328522167408,512,448,216,112,365652,313383,204759,111808,0,7,21,601528,,0
300001,capacity,0,0.34999999999999998,0,11,0,RECOMMENDATION,0.058637666305902378,0.14051545556510481,512,320,160,96,395267,229947,133081,97537,0,7,19,706807,,0
300001,capacity,0,0.34999999999999998,0,12,0,RECOMMENDATION,0.22083381846861677,0.48502093614004155,512,448,224,112,359573,329708,244609,174974,0,7,21,594557,,0
300001,capacity,0,0.34999999999999998,0,13,0,RECOMMENDATION,0.092229299682181978,0.21552388148737289,512,320,160,96,383769,269637,152530,91829,0,7,19,688358,,0
300001,capacity,0,0.34999999999999998,0,14,0,RECOMMENDATION,0.10421147008239373,0.23869070217351884,512,320,144,96,379193,226141,121693,98509,0,7,19,651994,,0
300001,capacity,0,0.34999999999999998,0,15,0,RECOMMENDATION,0.12160762223702912,0.2964336283051861,512,384,208,104,364360,267313,196677,99620,0,7,20,657002,,0
300001,capacity,0,0.34999999999999998,0,16,6,RECOMMENDATION,0.14457908957406054,0.27341677888168558,512,384,216,160,362787,322747,226732,156897,0,6,26,689992,,0
300001,capacity,0,0.34999999999999998,0,17,0,RECOMMENDATION,0.052758764318971335,0.12665976993315828,512,320,136,96,379903,229225,126220,96526,0,7,19,619925,,0
300001,capacity,0,0.34999999999999998,0,18,0,RECOMMENDATION,0.10419695024905998,0.2533110788848123,512,320,200,96,382688,225521,183297,115275,0,7,19,592454,,0
300001,capacity,0,0.34999999999999998,0,19,0,RECOMMENDATION,0.18425877296009285,0.45433917170131577,512,448,312,112,365201,332031,337790,111037,0,7,21,602810,,0
300001,capacity,0,0.34999999999999998,0,20,0,RECOMMENDATION,0.048619299508210201,0.12521434845802668,512,192,96,80,357990,135675,82545,76826,0,7,17,640957,,0
300001,capacity,0,0.34999999999999998,0,21,0,RECOMMENDATION,0.0057723678331004745,0.012465312423850116,512,64,64,64,400004,45398,57718,66140,0,7,15,626847,,0
300001,capacity,0,0.34999999999999998,0,22,0,RECOMMENDATION,0.03734565327630697,0.095645715681688989,512,192,80,80,381196,133662,68423,78919,0,7,17,625073,,0
300001,capacity,0,0.34999999999999998,0,23,2,RECOMMENDATION,0.98048301211771127,1.3540387780968564,512,512,464,432,368035,360313,459093,405382,0,4,58,631603,,0
300001,capacity,0,0.34999999999999998,0,24,2,RECOMMENDATION,1.2639033990180493,1.5968667225638395,512,512,496,472,382497,369308,468587,443340,0,3,62,648198,,0
300001,capacity,0,0.34999999999999998,0,25,2,RECOMMENDATION,1.3453688481506338,1.5621265102728161,512,512,496,480,390769,398111,470671,469598,0,2,62,593266,,0
300001,capacity,0,0.34999999999999998,0,26,1,RECOMMENDATION,1.5319885737520398,1.7085253674856311,512,512,496,480,421517,480866,457030,469128,0,2,62,583371,,0
300001,capacity,0,0.34999999999999998,0,27,0,RECOMMENDATION,1.8239184693322934,1.9757877965448898,512,512,496,480,369278,401426,451672,461297,0,3,63,623591,,0
300001,capacity,0,0.34999999999999998,0,28,0,RECOMMENDATION,1.9188054107415484,2.0080839371395109,512,512,488,488,480856,401306,446273,489539,0,3,64,719146,,0
300001,capacity,0,0.34999999999999998,0,29,0,RECOMMENDATION,2.1067650521940831,2.2070327773717389,512,512,488,488,360704,479453,440074,463659,0,3,64,624302,,0
300001,capacity,0,0.34999999999999998,0,30,6,RECOMMENDATION,1.3933776152917619,1.6706685572852267,512,512,464,456,361456,384511,422277,495729,0,3,60,758104,,0
300001,capacity,0,0.34999999999999998,0,31,2,RECOMMENDATION,1.3277335020071765,1.5821754789598077,512,512,488,472,371240,360584,482418,446984,0,3,62,627888,,0
300001,capacity,0,0.34999999999999998,0,32,1,RECOMMENDATION,0.85014697671102457,1.1906563773914096,512,512,456,424,364240,418742,428056,428677,0,4,57,1084467,,0
300001,capacity,0,0.34999999999999998,0,33,6,RECOMMENDATION,0.86530854249576272,1.1545438206471501,512,512,464,448,382748,359102,438342,469820,0,3,59,614357,,0
300001,capacity,0,0.34999999999999998,0,34,0,RECOMMENDATION,0.53276855674722701,0.88911875817315944,512,512,416,320,415317,362357,385993,311961,0,6,46,614077,,0
300001,capacity,0,0.34999999999999998,0,35,1,RECOMMENDATION,0.3481138570297036,0.53176093423643445,512,512,304,280,429709,402258,276568,308587,0,6,41,661217,,0
300001,capacity,0,0.34999999999999998,0,36,5,RECOMMENDATION,0.19358639710247028,0.25816422391662369,512,448,256,216,368326,362797,240052,223266,0,6,33,618463,,0
300001,capacity,0,0.34999999999999998,0,37,0,RECOMMENDATION,0.14031244023739387,0.17638415986553441,512,384,200,200,441977,273363,201184,193452,0,7,32,668489,,0
300001,capacity,0,0.34999999999999998,0,38,0,RECOMMENDATION,0.12000060627380843,0.14782028274605066,512,384,200,184,371140,296868,178870,181734,0,7,30,649380,,0
300001,capacity,0,0.34999999999999998,0,39,0,RECOMMENDATION,0.15385448320764322,0.19652685473185841,512,448,232,216,451561,320714,207283,273923,0,7,34,589700,,0
300001,capacity,0,0.34999999999999998,0,40,0,RECOMMENDATION,0.14532631372046934,0.18605251294383701,512,384,224,216,364750,313803,201474,208154,0,7,34,582680,,0
300001,capacity,0,0.34999999999999998,0,41,0,RECOMMENDATION,0.14821271265638955,0.18835823622479911,512,384,256,216,394035,269818,233292,208275,0,7,34,599114,,0
300001,capacity,0,0.34999999999999998,0,42,6,RECOMMENDATION,0.16349729045034683,0.32459136224069296,512,448,272,272,370810,329467,249887,271439,0,6,40,677172,,0
300001,capacity,0,0.34999999999999998,0,43,0,RECOMMENDATION,0.075122823427322294,0.18262353550040633,512,320,240,96,369197,303077,217478,104428,0,7,19,826778,,0
300001,capacity,0,0.34999999999999998,0,44,0,RECOMMENDATION,0.080957202639338616,0.1739406551982213,512,320,144,96,389628,529699,132450,98048,0,7,19,650462,,0
300001,capacity,0,0.34999999999999998,0,45,6,RECOMMENDATION,0.15104402391287541,0.28238114921077639,512,448,272,184,369959,347945,347674,891026,0,6,29,990835,,0
300001,capacity,0,0.34999999999999998,0,46,4,RECOMMENDATION,0.14688562767121896,0.30587263897282629,512,384,232,160,398892,272021,210238,166911,0,6,26,599555,,0
300001,capacity,0,0.34999999999999998,0,47,0,RECOMMENDATION,0.15873639915570051,0.37620431129523568,512,448,304,112,421156,343388,277940,113672,0,7,21,599295,,0
300001,capacity,0,0.34999999999999998,0,48,6,RECOMMENDATION,0.25678999221670096,0.53966261952718642,512,448,352,192,361516,326443,320965,207003,0,6,30,618904,,0
300001,capacity,0,0.34999999999999998,0,49,0,RECOMMENDATION,0.12556324244225101,0.30911573531898329,512,384,232,104,414956,295716,200272,167303,0,7,20,652124,,0
300001,capacity,0,0.34999999999999998,0,50,6,RECOMMENDATION,0.2480574835117989,0.54066067345715774,512,448,224,168,386493,315145,353654,197739,0,6,27,720377,,0
300001,capacity,0,0.34999999999999998,0,51,0,RECOMMENDATION,0.11981267753331651,0.2892892253117566,512,320,200,96,573205,224969,204949,94203,0,7,19,593345,,0
300001,capacity,0,0.34999999999999998,0,52,0,RECOMMENDATION,0.16090048553512715,0.35825792508904286,512,448,208,128,411531,321535,262225,233523,0,7,23,612164,,0
300001,capacity,0,0.34999999999999998,0,53,4,RECOMMENDATION,0.087440316068806534,0.17205203280011164,512,320,176,152,448227,225150,148303,143256,0,6,25,622780,,0
300001,capacity,0,0.34999999999999998,0,54,6,RECOMMENDATION,0.24856308982388237,0.52108006547341512,512,448,264,224,364230,315276,300684,220383,0,5,33,669220,,0
300001,capacity,0,0.34999999999999998,0,55,0,RECOMMENDATION,0.14931549388046977,0.36219922532010618,512,384,240,104,392903,267544,202325,94303,0,7,20,586715,,0
300001,capacity,0,0.34999999999999998,0,56,0,RECOMMENDATION,0.047023132948109093,0.11814270695933429,512,192,128,80,407255,135384,107342,143407,0,7,17,694538,,0
300001,capacity,0,0.34999999999999998,0,57,5,RECOMMENDATION,0.17645996188092958,0.35084151321862206,512,448,240,168,365201,350129,283628,164088,0,6,27,628599,,0
300001,capacity,0,0.34999999999999998,0,58,5,RECOMMENDATION,0.29179493211579116,0.59062824217078846,512,512,312,192,452363,405902,313203,235666,0,6,30,672936,,0
300001,capacity,0,0.34999999999999998,1,0,0,RECOMMENDATION,0.22303863616957426,0.48030306789435773,512,448,240,112,422197,357820,209506,116706,0,7,21,605984,,0
300001,capacity,0,0.34999999999999998,1,1,0,RECOMMENDATION,0.13131875394980197,0.25700375575822348,512,384,200,104,382768,271921,182836,103156,0,7,20,617301,,0
300001,capacity,0,0.34999999999999998,1,2,0,RECOMMENDATION,0.037905604274016944,0.095036375324029157,512,192,104,80,380334,133382,85489,79319,0,7,17,653987,,0
300001,capacity,0,0.34999999999999998,1,3,0,RECOMMENDATION,0.13483123705910321,0.33293906538866874,512,384,192,104,361996,279402,161123,96957,0,7,20,610080,,0
300001,capacity,0,0.34999999999999998,1,4,0,RECOMMENDATION,0.13337127930446252,0.33444745915889235,512,384,152,104,406163,275776,130587,100672,0,7,20,638093,,0
300001,capacity,0,0.34999999999999998,1,5,0,RECOMMENDATION,0.13964854422998937,0.33300564437619673,512,384,128,104,391891,395717,107161,98358,0,7,20,590141,,0
300001,capacity,0,0.34999999999999998,1,6,0,RECOMMENDATION,0.105988366345626,0.24980520982985993,512,320,184,96,364040,223778,168865,107111,0,7,19,681278,,0
300001,capacity,0,0.34999999999999998,1,7,0,RECOMMENDATION,0.17278078964294674,0.40721217558252121,512,448,216,112,432623,314705,182756,159031,0,7,21,603701,,0
300001,capacity,0,0.34999999999999998,1,8,0,RECOMMENDATION,0.064886200446618483,0.15831818456068114,512,320,128,96,373994,230077,108223,92290,0,7,19,634428,,0
300001,capacity,0,0.34999999999999998,1,9,0,RECOMMENDATION,0.18098195437633091,0.45644138180628208,512,448,272,112,358901,355025,237508,100691,0,7,21,586676,,0
300001,capacity,0,0.34999999999999998,1,10,0,RECOMMENDATION,0.15112782671925643,0.34691328522167408,512,448,216,112,380084,330099,189716,112460,0,7,21,598473,,0
300001,capacity,0,0.34999999999999998,1,11,0,RECOMMENDATION,0.058637666305902378,0.14051545556510481,512,320,160,96,364780,222986,132761,107513,0,7,19,592203,,0
300001,capacity,0,0.34999999999999998,1,12,0,RECOMMENDATION,0.22083381846861677,0.48502093614004155,512,448,224,112,361916,400054,190707,115745,0,7,21,626296,,0
300001,capacity,0,0.34999999999999998,1,13,0,RECOMMENDATION,0.092229299682181978,0.21552388148737289,512,320,160,96,362737,238369,137718,92330,0,7,19,640747,,0
300001,capacity,0,0.34999999999999998,1,14,0,RECOMMENDATION,0.10421147008239373,0.23869070217351884,512,320,144,96,375607,222496,120492,100202,0,7,19,625844,,0
300001,capacity,0,0.34999999999999998,1,15,0,RECOMMENDATION,0.12160762223702912,0.2964336283051861,512,384,208,104,384811,290088,193372,97587,0,7,20,664583,,0
300001,capacity,0,0.34999999999999998,1,16,6,RECOMMENDATION,0.14457908957406054,0.27341677888168558,512,384,216,160,358030,293864,190027,153202,0,6,26,585053,,0
300001,capacity,0,0.34999999999999998,1,17,0,RECOMMENDATION,0.052758764318971335,0.12665976993315828,512,320,136,96,448537,226081,121494,94723,0,7,19,591263,,0
300001,capacity,0,0.34999999999999998,1,18,0,RECOMMENDATION,0.10419695024905998,0.2533110788848123,512,320,200,96,623922,225611,216647,99161,0,7,19,594227,,0
300001,capacity,0,0.34999999999999998,1,19,0,RECOMMENDATION,0.18425877296009285,0.45433917170131577,512,448,312,112,392802,374144,273102,110287,0,7,21,631873,,0
300001,capacity,0,0.34999999999999998,1,20,0,RECOMMENDATION,0.048619299508210201,0.12521434845802668,512,192,96,80,395627,135534,82906,80562,0,7,17,617632,,0
300001,capacity,0,0.34999999999999998,1,21,0,RECOMMENDATION,0.0057723678331004745,0.012465312423850116,512,64,64,64,359793,60061,61092,66940,0,7,15,608379,,0
300001,capacity,0,0.34999999999999998,1,22,0,RECOMMENDATION,0.03734565327630697,0.095645715681688989,512,192,80,80,375126,132570,68123,77838,0,7,17,576960,,0
300001,capacity,0,0.34999999999999998,1,23,-1,RISK_EMPTY,0,0,512,512,224,64,416799,361927,190658,66339,8,0,16,583942,,0
300001,capacity,0,0.34999999999999998,1,24,-1,RISK_EMPTY,0,0,512,512,64,64,376799,367925,51398,67182,8,0,16,593896,,0
300001,capacity,0,0.34999999999999998,1,25,-1,RISK_EMPTY,0,0,512,512,64,64,373664,362687,62885,59620,8,0,16,578913,,0
300001,capacity,0,0.34999999999999998,1,26,-1,RISK_EMPTY,0,0,512,512,64,64,370569,375447,52549,60010,8,0,16,652545,,0
300001,capacity,0,0.34999999999999998,1,27,-1,RISK_EMPTY,0,0,512,512,64,64,402157,358751,49625,63146,8,0,16,606916,,0
300001,capacity,0,0.34999999999999998,1,28,-1,RISK_EMPTY,0,0,512,512,64,64,388115,386193,51858,60450,8,0,16,636311,,0
300001,capacity,0,0.34999999999999998,1,29,-1,RISK_EMPTY,0,0,512,512,64,64,363649,357931,63325,60161,8,0,16,589640,,0
300001,capacity,0,0.34999999999999998,1,30,-1,RISK_EMPTY,0,0,512,512,64,64,362467,369978,48323,61794,8,0,16,597772,,0
300001,capacity,0,0.34999999999999998,1,31,-1,RISK_EMPTY,0,0,512,512,64,64,396649,358581,50516,58568,8,0,16,582149,,0
300001,capacity,0,0.34999999999999998,1,32,-1,RISK_EMPTY,0,0,512,512,64,64,369988,363629,47983,58468,8,0,16,597262,,0
300001,capacity,0,0.34999999999999998,1,33,-1,RISK_EMPTY,0,0,512,512,64,64,379974,357590,48713,63696,8,0,16,621178,,0
300001,capacity,0,0.34999999999999998,1,34,-1,RISK_EMPTY,0,0,512,512,64,64,364130,370349,53501,84067,8,0,16,619756,,0
300001,capacity,0,0.34999999999999998,1,35,-1,RISK_EMPTY,0,0,512,512,64,64,417310,358241,51197,66881,8,0,16,624422,,0
300001,capacity,0,0.34999999999999998,1,36,-1,RISK_EMPTY,0,0,512,512,64,64,403119,363599,51267,64427,8,0,16,610551,,0
300001,capacity,0,0.34999999999999998,1,37,-1,RISK_EMPTY,0,0,512,512,64,64,389698,355627,51768,58869,8,0,16,591934,,0
300001,capacity,0,0.34999999999999998,1,38,-1,RISK_EMPTY,0,0,512,512,64,64,363919,368947,48543,58728,8,0,16,594347,,0
300001,capacity,0,0.34999999999999998,1,39,-1,RISK_EMPTY,0,0,512,512,64,64,378952,385893,48744,59169,8,0,16,582469,,0
300001,capacity,0,0.34999999999999998,1,40,-1,RISK_EMPTY,0,0,512,512,64,64,374044,363709,87653,61474,8,0,16,599585,,0
300001,capacity,0,0.34999999999999998,1,41,-1,RISK_EMPTY,0,0,512,512,64,64,379894,357850,49314,58769,8,0,16,587827,,0
300001,capacity,0,0.34999999999999998,1,42,-1,RISK_EMPTY,0,0,512,512,64,64,365251,388947,51969,65759,8,0,16,719686,,0
300001,capacity,0,0.34999999999999998,1,43,-1,RISK_EMPTY,0,0,512,512,64,64,397540,358581,48834,71197,8,0,16,770714,,0
300001,capacity,0,0.34999999999999998,1,44,-1,RISK_EMPTY,0,0,512,512,64,64,394346,367975,50326,60090,8,0,16,611273,,0
300001,capacity,0,0.34999999999999998,1,45,-1,RISK_EMPTY,0,0,512,512,64,64,367895,358491,80031,59370,8,0,16,644292,,0
300001,capacity,0,0.34999999999999998,1,46,-1,RISK_EMPTY,0,0,512,512,64,64,789232,361886,48813,106822,8,0,16,599024,,0
300001,capacity,0,0.34999999999999998,1,47,-1,RISK_EMPTY,0,0,512,512,64,64,365472,376488,48704,66330,8,0,16,626896,,0
300001,capacity,0,0.34999999999999998,1,48,-1,RISK_EMPTY,0,0,512,512,64,64,360093,410499,49255,70385,8,0,16,631494,,0
300001,capacity,0,0.34999999999999998,1,49,-1,RISK_EMPTY,0,0,512,512,64,64,367625,407736,49375,68404,8,0,16,643882,,0
300001,capacity,0,0.34999999999999998,1,50,-1,RISK_EMPTY,0,0,512,512,64,64,369829,359893,49044,95895,8,0,16,630641,,0
300001,capacity,0,0.34999999999999998,1,51,-1,RISK_EMPTY,0,0,512,512,64,64,366634,371070,49805,63175,8,0,16,616992,,0
300001,capacity,0,0.34999999999999998,1,52,-1,RISK_EMPTY,0,0,512,512,64,64,367535,398751,48814,59009,8,0,16,592685,,0
300001,capacity,0,0.34999999999999998,1,53,-1,RISK_EMPTY,0,0,512,512,64,64,366403,380805,48403,65379,8,0,16,595169,,0
300001,capacity,0,0.34999999999999998,1,54,-1,RISK_EMPTY,0,0,512,512,64,64,385572,359543,49465,63576,8,0,16,581237,,0
300001,capacity,0,0.34999999999999998,1,55,-1,RISK_EMPTY,0,0,512,512,64,64,367835,387345,51858,59540,8,0,16,686406,,0
300001,capacity,0,0.34999999999999998,1,56,-1,RISK_EMPTY,0,0,512,512,88,64,545183,381556,72930,58609,8,0,16,590942,,0
300001,capacity,0,0.34999999999999998,1,57,-1,RISK_EMPTY,0,0,512,512,64,64,414295,367906,51618,61291,8,0,16,680729,,0
300001,capacity,0,0.34999999999999998,1,58,-1,RISK_EMPTY,0,0,512,512,64,64,367084,443490,49996,65310,8,0,16,623310,,0
300001,capacity,0,1,0,0,0,RECOMMENDATION,0.48030306789435773,0.48030306789435773,512,512,280,120,359042,388206,254244,123666,0,7,22,595269,,0
300001,capacity,0,1,0,1,0,RECOMMENDATION,0.25700375575822348,0.25700375575822348,512,448,232,112,378341,314144,208294,108824,0,7,21,618443,,0
300001,capacity,0,1,0,2,0,RECOMMENDATION,0.095036375324029157,0.095036375324029157,512,320,184,96,543741,223177,178099,91387,0,7,19,596711,,0
300001,capacity,0,1,0,3,0,RECOMMENDATION,0.33293906538866874,0.33293906538866874,512,512,288,120,410470,359753,241654,109665,0,7,22,581778,,0
300001,capacity,0,1,0,4,0,RECOMMENDATION,0.33444745915889235,0.33444745915889235,512,512,232,120,607988,365071,213572,113562,0,7,22,670221,,0
300001,capacity,0,1,0,5,0,RECOMMENDATION,0.33300564437619673,0.33300564437619673,512,512,152,120,394656,417410,125720,110748,0,7,22,650041,,0
300001,capacity,0,1,0,6,0,RECOMMENDATION,0.24980520982985993,0.24980520982985993,512,448,320,112,362877,327805,274354,120822,0,7,21,662760,,0
300001,capacity,0,1,0,7,0,RECOMMENDATION,0.40721217558252121,0.40721217558252121,512,512,280,120,380865,356969,235826,133332,0,7,22,598864,,0
300001,capacity,0,1,0,8,0,RECOMMENDATION,0.15831818456068114,0.15831818456068114,512,448,208,112,357369,379924,173943,102045,0,7,21,640206,,0
300001,capacity,0,1,0,9,0,RECOMMENDATION,0.45644138180628208,0.45644138180628208,512,512,360,120,422107,355076,300003,109005,0,7,22,596160,,0
300001,capacity,0,1,0,10,5,RECOMMENDATION,0.34189664958276278,0.34189664958276278,512,512,280,176,500376,420124,248585,181274,0,6,28,626265,,0
300001,capacity,0,1,0,11,0,RECOMMENDATION,0.12194271778333485,0.12194271778333485,512,384,208,104,363729,400285,176477,103517,0,7,20,830764,,0
300001,capacity,0,1,0,12,0,RECOMMENDATION,0.49714537752992144,0.49714537752992144,512,512,272,120,382457,392112,272982,119921,0,7,22,652325,,0
300001,capacity,0,1,0,13,0,RECOMMENDATION,0.18254417144277685,0.18254417144277685,512,448,296,112,381696,312141,269627,103076,0,7,21,636090,,0
300001,capacity,0,1,0,14,0,RECOMMENDATION,0.25261187429286758,0.25261187429286758,512,448,288,112,459363,312292,261134,129816,0,7,21,597271,,0
300001,capacity,0,1,0,15,0,RECOMMENDATION,0.28959657585099358,0.28959657585099358,512,512,288,120,366643,387475,243638,108083,0,7,22,622319,,0
300001,capacity,0,1,0,16,6,RECOMMENDATION,0.27540724008575201,0.27540724008575201,512,512,232,176,405602,369828,199732,164839,0,6,28,619244,,0
300001,capacity,0,1,0,17,0,RECOMMENDATION,0.11590933141749372,0.11590933141749372,512,320,216,96,361656,223838,220843,95243,0,7,19,578583,,0
300001,capacity,0,1,0,18,0,RECOMMENDATION,0.26376778369115461,0.26376778369115461,512,448,304,112,365321,355707,274665,110076,0,7,21,657413,,0
300001,capacity,0,1,0,19,4,RECOMMENDATION,0.46148496829382146,0.46148496829382146,512,512,424,176,367445,463710,373573,169285,0,6,28,673176,,0
300001,capacity,0,1,0,20,0,RECOMMENDATION,0.11636253066632557,0.11636253066632557,512,320,120,96,383529,229046,101593,88844,0,7,19,634798,,0
300001,capacity,0,1,0,21,0,RECOMMENDATION,0.019108658440647023,0.019108658440647023,512,64,64,64,422848,45539,58768,163226,0,7,15,593896,,0
300001,capacity,0,1,0,22,0,RECOMMENDATION,0.059848351599138608,0.059848351599138608,512,320,96,96,362497,221564,78768,184959,0,7,19,589300,,0
300001,capacity,0,1,0,23,1,RECOMMENDATION,1.3075726759035418,1.3075726759035418,512,512,368,176,367605,454687,335687,173591,0,6,28,613687,,0
300001,capacity,0,1,0,24,1,RECOMMENDATION,1.5858536338315399,1.5858536338315399,512,512,320,176,359112,368246,307333,172110,0,6,28,620617,,0
300001,capacity,0,1,0,25,1,RECOMMENDATION,1.582817118763213,1.582817118763213,512,512,352,176,407004,360243,313784,181534,0,6,28,647176,,0
300001,capacity,0,1,0,26,1,RECOMMENDATION,1.7718852623950341,1.7718852623950341,512,512,264,192,369368,390640,235526,210378,0,6,30,642580,,0
300001,capacity,0,1,0,27,0,RECOMMENDATION,2.0375760543142016,2.0375760543142016,512,512,256,120,369979,364130,253993,120852,0,7,22,720227,,0
300001,capacity,0,1,0,28,0,RECOMMENDATION,2.0642719322736607,2.0642719322736607,512,512,208,120,358851,417220,181845,115274,0,7,22,601167,,0
300001,capacity,0,1,0,29,0,RECOMMENDATION,2.2570109242925671,2.2570109242925671,512,512,216,120,390779,359222,244018,115304,0,7,22,628489,,0
300001,capacity,0,1,0,30,0,RECOMMENDATION,1.6582596809085517,1.6582596809085517,512,512,152,120,422428,406264,129646,120011,0,7,22,611703,,0
300001,capacity,0,1,0,31,0,RECOMMENDATION,1.6998525182916213,1.6998525182916213,512,512,192,120,367645,1140581,169586,113171,0,7,22,659736,,0
300001,capacity,0,1,0,32,0,RECOMMENDATION,1.7222705427766405,1.7222705427766405,512,512,208,120,666336,392833,216076,114413,0,7,22,812436,,0
300001,capacity,0,1,0,33,0,RECOMMENDATION,1.7309024345523949,1.7309024345523949,512,512,160,120,364440,373484,144037,124087,0,7,22,1019779,,0
300001,capacity,0,1,0,34,0,RECOMMENDATION,1.7822019529596891,1.7822019529596891,512,512,264,120,417400,358461,253062,119230,0,7,22,693667,,0
300001,capacity,0,1,0,35,0,RECOMMENDATION,1.7337356100664651,1.7337356100664651,512,512,152,120,382518,359463,131769,117378,0,7,22,599325,,0
300001,capacity,0,1,0,36,6,RECOMMENDATION,1.6197885226559348,1.6197885226559348,512,512,208,176,360163,407264,188234,362708,0,6,28,621558,,0
300001,capacity,0,1,0,37,2,RECOMMENDATION,1.2826606267468732,1.2826606267468732,512,512,352,344,380314,361586,334375,328126,0,3,46,624973,,0
300001,capacity,0,1,0,38,6,RECOMMENDATION,1.0895903217942953,1.0895903217942953,512,512,432,248,453595,391771,407124,280553,0,5,36,654999,,0
300001,capacity,0,1,0,39,4,RECOMMENDATION,1.0058620812115211,1.0058620812115211,512,512,336,176,383839,380514,307895,171990,0,6,28,643602,,0
300001,capacity,0,1,0,40,1,RECOMMENDATION,0.45672734471378679,0.45672734471378679,512,512,320,176,371921,447435,328636,193431,0,6,28,599405,,0
300001,capacity,0,1,0,41,1,RECOMMENDATION,0.53898297905770198,0.53898297905770198,512,512,384,176,405021,362317,366903,181773,0,6,28,697785,,0
300001,capacity,0,1,0,42,5,RECOMMENDATION,0.22887934792033585,0.22887934792033585,512,448,176,168,426164,379583,164869,174654,0,6,27,605644,,0
300001,capacity,0,1,0,43,0,RECOMMENDATION,0.14737279810193771,0.14737279810193771,512,384,104,104,387554,282156,93822,131728,0,7,20,635280,,0
300001,capacity,0,1,0,44,0,RECOMMENDATION,0.11741494421217707,0.11741494421217707,512,320,112,96,371731,240252,137688,99210,0,7,19,632174,,0
300001,capacity,0,1,0,45,0,RECOMMENDATION,0.1396842564584384,0.1396842564584384,512,384,104,104,374375,286382,98879,106981,0,7,20,667307,,0
300001,capacity,0,1,0,46,0,RECOMMENDATION,0.14725407156262249,0.14725407156262249,512,384,152,104,414976,275816,135545,116947,0,7,20,670271,,0
300001,capacity,0,1,0,47,0,RECOMMENDATION,0.13522089347623073,0.13522089347623073,512,384,152,104,429168,310148,176376,114974,0,7,20,617382,,0
300001,capacity,0,1,0,48,3,RECOMMENDATION,0.32720812474657912,0.32720812474657912,512,512,264,248,383979,380844,284910,303038,0,5,36,619885,,0
300001,capacity,0,1,0,49,6,RECOMMENDATION,0.25362916358511195,0.25362916358511195,512,448,176,184,428097,362968,180492,191600,0,6,29,604202,,0
300001,capacity,0,1,0,50,6,RECOMMENDATION,0.30030438412648469,0.30030438412648469,512,512,216,176,385141,362917,193241,172171,0,6,28,619174,,0
300001,capacity,0,1,0,51,0,RECOMMENDATION,0.14219580257893169,0.14219580257893169,512,384,232,104,367776,283348,206572,100932,0,7,20,598624,,0
300001,capacity,0,1,0,52,0,RECOMMENDATION,0.23025095554849673,0.23025095554849673,512,448,224,112,375347,341506,196557,107573,0,7,21,651113,,0
300001,capacity,0,1,0,53,4,RECOMMENDATION,0.13484485743074512,0.13484485743074512,512,384,200,160,364089,434687,178749,192961,0,6,26,610412,,0
300001,capacity,0,1,0,54,6,RECOMMENDATION,0.2892882418631571,0.2892882418631571,512,512,264,232,426804,361937,233753,228194,0,5,34,703191,,0
300001,capacity,0,1,0,55,0,RECOMMENDATION,0.23744973975903111,0.23744973975903111,512,448,288,112,424401,349928,247784,102575,0,7,21,643311,,0
300001,capacity,0,1,0,56,5,RECOMMENDATION,0.062659857877265676,0.062659857877265676,512,320,176,152,400825,274153,151229,139541,0,6,25,652795,,0
300001,capacity,0,1,0,57,5,RECOMMENDATION,0.28990888461923287,0.28990888461923287,512,512,280,176,363478,377820,262716,163237,0,6,28,597481,,0
300001,capacity,0,1,0,58,0,RECOMMENDATION,0.51977733143853844,0.51977733143853844,512,512,328,120,380905,428066,566696,120181,0,7,22,587847,,0
300001,capacity,0,1,1,0,0,RECOMMENDATION,0.48030306789435773,0.48030306789435773,512,512,280,120,373163,393915,242817,122214,0,7,22,749001,,0
300001,capacity,0,1,1,1,0,RECOMMENDATION,0.25700375575822348,0.25700375575822348,512,448,232,112,417540,358441,209226,135814,0,7,21,633968,,0
300001,capacity,0,1,1,2,0,RECOMMENDATION,0.095036375324029157,0.095036375324029157,512,320,184,96,385111,225020,152610,93711,0,7,19,738024,,0
300001,capacity,0,1,1,3,0,RECOMMENDATION,0.33293906538866874,0.33293906538866874,512,512,288,120,363298,354615,255135,110818,0,7,22,632044,,0
300001,capacity,0,1,1,4,0,RECOMMENDATION,0.33444745915889235,0.33444745915889235,512,512,232,120,399553,414275,201535,114132,0,7,22,680207,,0
300001,capacity,0,1,1,5,0,RECOMMENDATION,0.33300564437619673,0.33300564437619673,512,512,152,120,447595,404000,130668,828580,0,7,22,631583,,0
300001,capacity,0,1,1,6,0,RECOMMENDATION,0.24980520982985993,0.24980520982985993,512,448,320,112,475117,352862,274865,116776,0,7,21,704243,,0
300001,capacity,0,1,1,7,0,RECOMMENDATION,0.40721217558252121,0.40721217558252121,512,512,280,120,367545,358962,310269,117718,0,7,22,766367,,0
300001,capacity,0,1,1,8,0,RECOMMENDATION,0.15831818456068114,0.15831818456068114,512,448,208,112,382257,339573,236326,103806,0,7,21,665555,,0
300001,capacity,0,1,1,9,0,RECOMMENDATION,0.45644138180628208,0.45644138180628208,512,512,360,120,359723,355086,316087,108284,0,7,22,639014,,0
300001,capacity,0,1,1,10,5,RECOMMENDATION,0.34189664958276278,0.34189664958276278,512,512,280,176,534146,373804,261294,174914,0,6,28,711774,,0
300001,capacity,0,1,1,11,0,RECOMMENDATION,0.12194271778333485,0.12194271778333485,512,384,208,104,439753,270379,178499,107133,0,7,20,662289,,0
300001,capacity,0,1,1,12,0,RECOMMENDATION,0.49714537752992144,0.49714537752992144,512,512,272,120,382167,427485,228304,155695,0,7,22,625303,,0
300001,capacity,0,1,1,13,0,RECOMMENDATION,0.18254417144277685,0.18254417144277685,512,448,296,112,361165,324019,251149,101293,0,7,21,619305,,0
300001,capacity,0,1,1,14,0,RECOMMENDATION,0.25261187429286758,0.25261187429286758,512,448,288,112,374916,358711,238520,108754,0,7,21,588048,,0
300001,capacity,0,1,1,15,0,RECOMMENDATION,0.28959657585099358,0.28959657585099358,512,512,288,120,364440,369457,252180,108543,0,7,22,624884,,0
300001,capacity,0,1,1,16,6,RECOMMENDATION,0.27540724008575201,0.27540724008575201,512,512,232,176,404961,369518,211089,184939,0,6,28,713127,,0
300001,capacity,0,1,1,17,0,RECOMMENDATION,0.11590933141749372,0.11590933141749372,512,320,216,96,362207,265661,266743,97527,0,7,19,624823,,0
300001,capacity,0,1,1,18,0,RECOMMENDATION,0.26376778369115461,0.26376778369115461,512,448,304,112,382407,314204,274875,113621,0,7,21,649461,,0
300001,capacity,0,1,1,19,4,RECOMMENDATION,0.46148496829382146,0.46148496829382146,512,512,424,176,367185,402147,375957,171959,0,6,28,693858,,0
300001,capacity,0,1,1,20,0,RECOMMENDATION,0.11636253066632557,0.11636253066632557,512,320,120,96,375486,228204,102334,89535,0,7,19,617482,,0
300001,capacity,0,1,1,21,0,RECOMMENDATION,0.019108658440647023,0.019108658440647023,512,64,64,64,608108,47382,70727,67312,0,7,15,589910,,0
300001,capacity,0,1,1,22,0,RECOMMENDATION,0.059848351599138608,0.059848351599138608,512,320,96,96,358181,248045,79500,91028,0,7,19,644703,,0
300001,capacity,0,1,1,23,-1,RISK_EMPTY,0,0,512,512,264,64,400394,362598,228094,67262,8,0,16,687327,,0
300001,capacity,0,1,1,24,-1,RISK_EMPTY,0,0,512,512,64,64,385662,397009,53120,69966,8,0,16,673757,,0
300001,capacity,0,1,1,25,-1,RISK_EMPTY,0,0,512,512,64,64,368806,391211,52520,65720,8,0,16,870023,,0
300001,capacity,0,1,1,26,-1,RISK_EMPTY,0,0,512,512,64,64,388446,436319,53621,60581,8,0,16,610021,,0
300001,capacity,0,1,1,27,-1,RISK_EMPTY,0,0,512,512,64,64,368666,375326,50416,63216,8,0,16,651102,,0
300001,capacity,0,1,1,28,-1,RISK_EMPTY,0,0,512,512,64,64,358952,365572,50827,59309,8,0,16,652826,,0
300001,capacity,0,1,1,29,-1,RISK_EMPTY,0,0,512,512,64,64,363008,415958,48633,59229,8,0,16,599034,,0
300001,capacity,0,1,1,30,-1,RISK_EMPTY,0,0,512,512,64,64,367014,357660,49024,101863,8,0,16,588949,,0
300001,capacity,0,1,1,31,-1,RISK_EMPTY,0,0,512,512,64,64,365842,373543,51348,60240,8,0,16,659696,,0
300001,capacity,0,1,1,32,-1,RISK_EMPTY,0,0,512,512,64,64,358030,385172,48734,61863,8,0,16,648549,,0
300001,capacity,0,1,1,33,-1,RISK_EMPTY,0,0,512,512,64,64,402658,360174,51638,142706,8,0,16,668138,,0
300001,capacity,0,1,1,34,-1,RISK_EMPTY,0,0,512,512,64,64,363839,392853,60992,59881,8,0,16,621057,,0
300001,capacity,0,1,1,35,-1,RISK_EMPTY,0,0,512,512,64,64,405542,356749,50757,64247,8,0,16,627357,,0
300001,capacity,0,1,1,36,-1,RISK_EMPTY,0,0,512,512,64,64,374194,378081,51788,64276,8,0,16,600467,,0
300001,capacity,0,1,1,37,-1,RISK_EMPTY,0,0,512,512,64,64,407505,359132,51448,58438,8,0,16,586616,,0
300001,capacity,0,1,1,38,-1,RISK_EMPTY,0,0,512,512,64,64,363478,370759,49344,60090,8,0,16,647518,,0
300001,capacity,0,1,1,39,-1,RISK_EMPTY,0,0,512,512,64,64,381796,357920,48684,58929,8,0,16,595729,,0
300001,capacity,0,1,1,40,-1,RISK_EMPTY,0,0,512,512,64,64,373604,365111,49344,61264,8,0,16,705264,,0
300001,capacity,0,1,1,41,-1,RISK_EMPTY,0,0,512,512,64,64,437710,358771,49164,59880,8,0,16,603281,,0
300001,capacity,0,1,1,42,-1,RISK_EMPTY,0,0,512,512,64,64,366534,373223,51668,59840,8,0,16,621698,,0
300001,capacity,0,1,1,43,-1,RISK_EMPTY,0,0,512,512,64,64,392282,361035,48473,69635,8,0,16,619956,,0
300001,capacity,0,1,1,44,-1,RISK_EMPTY,0,0,512,512,64,64,373774,365282,49515,59931,8,0,16,596250,,0
300001,capacity,0,1,1,45,-1,RISK_EMPTY,0,0,512,512,64,64,374125,372913,49856,58529,8,0,16,581458,,0
300001,capacity,0,1,1,46,-1,RISK_EMPTY,0,0,512,512,64,64,363880,358211,60631,67062,8,0,16,651673,,0
300001,capacity,0,1,1,47,-1,RISK_EMPTY,0,0,512,512,64,64,378321,588679,49735,66420,8,0,16,615840,,0
300001,capacity,0,1,1,48,-1,RISK_EMPTY,0,0,512,512,64,64,391971,368997,48823,71497,8,0,16,728479,,0
300001,capacity,0,1,1,49,-1,RISK_EMPTY,0,0,512,512,64,64,363048,688850,49635,67642,8,0,16,673517,,0
300001,capacity,0,1,1,50,-1,RISK_EMPTY,0,0,512,512,64,64,431471,359202,49194,74262,8,0,16,597812,,0
300001,capacity,0,1,1,51,-1,RISK_EMPTY,0,0,512,512,64,64,368246,375157,49695,59871,8,0,16,606204,,0
300001,capacity,0,1,1,52,-1,RISK_EMPTY,0,0,512,512,64,64,358050,425732,48353,59350,8,0,16,630902,,0
300001,capacity,0,1,1,53,-1,RISK_EMPTY,0,0,512,512,64,64,363750,376728,48633,65278,8,0,16,657593,,0
300001,capacity,0,1,1,54,-1,RISK_EMPTY,0,0,512,512,64,64,480425,359653,49926,63695,8,0,16,590812,,0
300001,capacity,0,1,1,55,-1,RISK_EMPTY,0,0,512,512,72,64,395276,395648,60241,115664,8,0,16,811786,,0
300001,capacity,0,1,1,56,-1,RISK_EMPTY,0,0,512,512,88,64,383489,370038,140772,60191,8,0,16,616620,,0
300001,capacity,0,1,1,57,-1,RISK_EMPTY,0,0,512,512,64,64,379352,357429,48713,58978,8,0,16,590812,,0
300001,capacity,0,1,1,58,-1,RISK_EMPTY,0,0,512,512,64,64,364330,375126,49224,64907,8,0,16,621618,,0
300001,capacity,2,0,0,2,0,RECOMMENDATION,0.0071428814009334473,0.095036375324029157,512,64,64,64,376058,46210,54993,68643,0,7,15,625745,,0
300001,capacity,2,0,0,5,0,RECOMMENDATION,0.03553318261280082,0.33300564437619673,512,192,80,80,360374,134584,72990,78519,0,7,17,648699,,0
300001,capacity,2,0,0,8,0,RECOMMENDATION,0.014576670539046292,0.15831818456068114,512,64,64,64,366623,47001,58449,64618,0,7,15,616200,,0
300001,capacity,2,0,0,11,0,RECOMMENDATION,0.01454962593556261,0.14051545556510481,512,64,64,64,379572,45629,55494,65859,0,7,15,581958,,0
300001,capacity,2,0,0,14,0,RECOMMENDATION,0.031799575879480228,0.23869070217351884,512,192,80,80,395547,135144,67351,81934,0,7,17,625845,,0
300001,capacity,2,0,0,17,0,RECOMMENDATION,0.034587509809171385,0.29132572617063263,512,192,96,80,410660,136616,88834,81713,0,7,17,671584,,0
300001,capacity,2,0,0,20,0,RECOMMENDATION,0.017107827308085959,0.25878130051242643,512,64,64,64,518072,48283,55945,64096,0,7,15,635940,,0
300001,capacity,2,0,0,23,2,RECOMMENDATION,1.0230447476056195,1.5107581131188184,512,512,496,480,367094,358151,484451,490420,0,2,62,654698,,0
300001,capacity,2,0,0,26,1,RECOMMENDATION,1.7009206271049049,1.9074139494492406,512,512,496,496,367024,361445,484190,486134,0,2,64,668209,,0
300001,capacity,2,0,0,29,0,RECOMMENDATION,2.2057989184321078,2.3350164411195582,512,512,496,496,377460,362698,469388,459073,0,2,64,655059,,0
300001,capacity,2,0,0,32,6,RECOMMENDATION,1.6640949153160538,2.0317727396557443,512,512,480,480,357199,365081,445262,440024,0,3,63,622049,,0
300001,capacity,2,0,0,35,6,RECOMMENDATION,1.1546542421457184,1.6076530794032844,512,512,472,472,384451,359673,430150,461086,0,3,62,603561,,0
300001,capacity,2,0,0,38,1,RECOMMENDATION,0.38056729613230872,0.83442508516195701,512,512,432,416,417280,365903,401155,411521,0,6,58,719977,,0
300001,capacity,2,0,0,41,6,RECOMMENDATION,0.23969114306102265,0.99508064244868721,512,448,368,360,367635,314725,348245,389678,0,6,51,601448,,0
300001,capacity,2,0,0,44,0,RECOMMENDATION,0.081785776917532971,0.53595307282374394,512,320,200,168,548969,234654,294705,157118,0,6,27,674247,,0
300001,capacity,2,0,0,47,6,RECOMMENDATION,0.16125626653627026,0.70262416111111781,512,448,224,176,399973,316488,199391,175055,0,7,29,758705,,0
300001,capacity,2,0,0,50,0,RECOMMENDATION,0.14491083291355056,0.73467488884394272,512,384,248,184,533906,273352,226512,181954,0,7,30,715901,,0
300001,capacity,2,0,0,53,4,RECOMMENDATION,0.10702769020674922,0.48998286265510566,512,320,200,112,420474,228544,236878,112921,0,7,21,601758,,0
300001,capacity,2,0,0,56,4,RECOMMENDATION,0.099271686240237383,0.42511138441249219,512,320,232,208,412613,235205,216466,204789,0,5,31,602850,,0
300001,capacity,2,0,1,2,0,RECOMMENDATION,0.0071428814009334473,0.095036375324029157,512,64,64,64,360244,44838,55083,69967,0,7,15,833558,,0
300001,capacity,2,0,1,5,0,RECOMMENDATION,0.03553318261280082,0.33300564437619673,512,192,80,80,375296,152229,69845,80772,0,7,17,610001,,0
300001,capacity,2,0,1,8,0,RECOMMENDATION,0.014576670539046292,0.15831818456068114,512,64,64,64,362197,47241,70766,64547,0,7,15,591392,,0
300001,capacity,2,0,1,11,0,RECOMMENDATION,0.01454962593556261,0.14051545556510481,512,64,64,64,382538,45459,55413,65388,0,7,15,589059,,0
300001,capacity,2,0,1,14,0,RECOMMENDATION,0.031799575879480228,0.23869070217351884,512,192,80,80,384450,134634,66931,82715,0,7,17,632515,,0
300001,capacity,2,0,1,17,0,RECOMMENDATION,0.034587509809171385,0.29132572617063263,512,192,96,80,402568,134914,87602,80622,0,7,17,624482,,0
300001,capacity,2,0,1,20,0,RECOMMENDATION,0.017107827308085959,0.25878130051242643,512,64,64,64,363098,46951,56004,63636,0,7,15,594507,,0
300001,capacity,2,0,1,23,-1,RISK_EMPTY,0,0,512,512,64,64,366132,357710,48153,79259,8,0,16,592915,,0
300001,capacity,2,0,1,26,-1,RISK_EMPTY,0,0,512,512,64,64,438182,362838,49124,65007,8,0,16,701829,,0
300001,capacity,2,0,1,29,-1,RISK_EMPTY,0,0,512,512,64,64,364670,379543,49445,60081,8,0,16,601778,,0
300001,capacity,2,0,1,32,-1,RISK_EMPTY,0,0,512,512,64,64,356839,378721,48703,59170,8,0,16,579795,,0
300001,capacity,2,0,1,35,-1,RISK_EMPTY,0,0,512,512,64,64,364190,371081,50837,65057,8,0,16,646466,,0
300001,capacity,2,0,1,38,-1,RISK_EMPTY,0,0,512,512,64,64,397460,357790,48994,63967,8,0,16,698474,,0
300001,capacity,2,0,1,41,-1,RISK_EMPTY,0,0,512,512,64,64,364770,392042,52589,60641,8,0,16,655599,,0
300001,capacity,2,0,1,44,-1,RISK_EMPTY,0,0,512,512,64,64,358491,380885,51648,59069,8,0,16,582520,,0
300001,capacity,2,0,1,47,-1,RISK_EMPTY,0,0,512,512,64,64,367514,374886,990195,67942,8,0,16,646626,,0
300001,capacity,2,0,1,50,-1,RISK_EMPTY,0,0,512,512,64,64,367975,450911,50617,60551,8,0,16,611342,,0
300001,capacity,2,0,1,53,-1,RISK_EMPTY,0,0,512,512,64,64,414495,357149,49134,66690,8,0,16,593676,,0
300001,capacity,2,0,1,56,-1,RISK_EMPTY,0,0,512,512,64,64,387314,1269106,53460,59029,8,0,16,664172,,0
300001,capacity,2,0.34999999999999998,0,2,0,RECOMMENDATION,0.037905604274016944,0.095036375324029157,512,192,104,80,361395,133983,86621,105399,0,7,17,689290,,0
300001,capacity,2,0.34999999999999998,0,5,0,RECOMMENDATION,0.13964854422998937,0.33300564437619673,512,384,128,104,373384,271249,108604,98339,0,7,20,649230,,0
300001,capacity,2,0.34999999999999998,0,8,0,RECOMMENDATION,0.064886200446618483,0.15831818456068114,512,320,128,96,358872,290058,108073,89026,0,7,19,587156,,0
300001,capacity,2,0.34999999999999998,0,11,0,RECOMMENDATION,0.058637666305902378,0.14051545556510481,512,320,160,96,364209,224378,145930,98199,0,7,19,596610,,0
300001,capacity,2,0.34999999999999998,0,14,0,RECOMMENDATION,0.10421147008239373,0.23869070217351884,512,320,144,96,381346,224669,121364,127923,0,7,19,682660,,0
300001,capacity,2,0.34999999999999998,0,17,0,RECOMMENDATION,0.12444588553568281,0.29132572617063263,512,384,216,104,363027,268585,191960,185740,0,7,20,759166,,0
300001,capacity,2,0.34999999999999998,0,20,0,RECOMMENDATION,0.10169354292960511,0.25878130051242643,512,320,120,96,373213,228955,99950,89845,0,7,19,599595,,0
300001,capacity,2,0.34999999999999998,0,23,2,RECOMMENDATION,1.1937444255352392,1.5107581131188184,512,512,488,464,413695,359693,452663,428117,0,4,62,634307,,0
300001,capacity,2,0.34999999999999998,0,26,1,RECOMMENDATION,1.7731932899254224,1.9074139494492406,512,512,496,480,409117,360794,458693,458842,0,3,63,750282,,0
300001,capacity,2,0.34999999999999998,0,29,0,RECOMMENDATION,2.2510250513727152,2.3350164411195582,512,512,480,480,407185,358541,527477,435818,0,3,63,596690,,0
300001,capacity,2,0.34999999999999998,0,32,6,RECOMMENDATION,1.7927821538349455,2.0317727396557443,512,512,480,472,376358,362838,432904,533726,0,3,62,599545,,0
300001,capacity,2,0.34999999999999998,0,35,6,RECOMMENDATION,1.3132038351858664,1.6076530794032844,512,512,456,456,369087,375106,449969,449929,0,3,60,609069,,0
300001,capacity,2,0.34999999999999998,0,38,1,RECOMMENDATION,0.53941752229268558,0.83442508516195701,512,512,456,344,374795,378211,424671,354736,0,6,49,606115,,0
300001,capacity,2,0.34999999999999998,0,41,0,RECOMMENDATION,0.31385931604288664,0.44538865525153715,512,512,352,280,423630,389158,356137,271199,0,6,41,657853,,0
300001,capacity,2,0.34999999999999998,0,44,6,RECOMMENDATION,0.17219633591804007,0.32818394612099944,512,448,304,304,382637,346894,302226,296708,0,6,44,644352,,0
300001,capacity,2,0.34999999999999998,0,47,6,RECOMMENDATION,0.2776196925998175,0.57679016702538655,512,512,248,128,382738,424070,221945,155013,0,7,23,621749,,0
300001,capacity,2,0.34999999999999998,0,50,6,RECOMMENDATION,0.30172470737954221,0.65351148403617565,512,512,256,208,367615,359092,223968,212201,0,6,32,595930,,0
300001,capacity,2,0.34999999999999998,0,53,4,RECOMMENDATION,0.1000389125439069,0.20168389227731551,512,320,176,152,376969,228114,159411,151448,0,6,25,595288,,0
300001,capacity,2,0.34999999999999998,0,56,4,RECOMMENDATION,0.073139464045623076,0.13962692111209707,512,320,224,208,400305,230518,200552,191278,0,5,31,642900,,0
300001,capacity,2,0.34999999999999998,1,2,0,RECOMMENDATION,0.037905604274016944,0.095036375324029157,512,192,104,80,379693,135304,86530,82935,0,7,17,629070,0.14219803937339245,1024
300001,capacity,2,0.34999999999999998,1,5,0,RECOMMENDATION,0.13964854422998937,0.33300564437619673,512,384,128,104,362467,270308,107011,112990,0,7,20,575148,0.35617567798945943,1024
300001,capacity,2,0.34999999999999998,1,8,0,RECOMMENDATION,0.064886200446618483,0.15831818456068114,512,320,128,96,358011,263397,108934,89235,0,7,19,589429,0.30257720435865987,1024
300001,capacity,2,0.34999999999999998,1,11,0,RECOMMENDATION,0.058637666305902378,0.14051545556510481,512,320,160,96,665144,228745,134723,97187,0,7,19,675049,0.34975657868575771,1024
300001,capacity,2,0.34999999999999998,1,14,0,RECOMMENDATION,0.10421147008239373,0.23869070217351884,512,320,144,96,418822,224709,307064,119030,0,7,19,642079,0.29836278326291571,1024
300001,capacity,2,0.34999999999999998,1,17,0,RECOMMENDATION,0.12444588553568281,0.29132572617063263,512,384,216,104,363819,298150,194904,100090,0,7,20,766027,0.38148363548577086,1024
300001,capacity,2,0.34999999999999998,1,20,0,RECOMMENDATION,0.10169354292960511,0.25878130051242643,512,320,120,96,821349,230558,101333,93461,0,7,19,650362,0.31942555635981495,1024
300001,capacity,2,0.34999999999999998,1,23,-1,RISK_EMPTY,0,0,512,512,64,64,408186,360784,50005,69135,8,0,16,1388856,,0
300001,capacity,2,0.34999999999999998,1,26,-1,RISK_EMPTY,0,0,512,512,64,64,475778,386243,65509,60512,8,0,16,608298,,0
300001,capacity,2,0.34999999999999998,1,29,-1,RISK_EMPTY,0,0,512,512,64,64,588478,362217,49315,60222,8,0,16,614567,,0
300001,capacity,2,0.34999999999999998,1,32,-1,RISK_EMPTY,0,0,512,512,64,64,598323,366283,49805,60621,8,0,16,779547,,0
300001,capacity,2,0.34999999999999998,1,35,-1,RISK_EMPTY,0,0,512,512,64,64,629319,358791,52579,67683,8,0,16,636801,,0
300001,capacity,2,0.34999999999999998,1,38,-1,RISK_EMPTY,0,0,512,512,64,64,366042,365572,57327,60942,8,0,16,709751,,0
300001,capacity,2,0.34999999999999998,1,41,-1,RISK_EMPTY,0,0,512,512,64,64,399733,358210,48844,59870,8,0,16,643572,,0
300001,capacity,2,0.34999999999999998,1,44,-1,RISK_EMPTY,0,0,512,512,64,64,407154,362998,52069,60431,8,0,16,651964,,0
300001,capacity,2,0.34999999999999998,1,47,-1,RISK_EMPTY,0,0,512,512,64,64,369127,409839,49444,67371,8,0,16,896974,,0
300001,capacity,2,0.34999999999999998,1,50,-1,RISK_EMPTY,0,0,512,512,64,64,431070,357740,48984,61113,8,0,16,699565,,0
300001,capacity,2,0.34999999999999998,1,53,-1,RISK_EMPTY,0,0,512,512,64,64,420555,358301,49565,65760,8,0,16,701759,,0
300001,capacity,2,0.34999999999999998,1,56,-1,RISK_EMPTY,0,0,512,512,64,64,358541,380494,53170,97647,8,0,16,592094,,0
300001,capacity,2,1,0,2,0,RECOMMENDATION,0.095036375324029157,0.095036375324029157,512,320,184,96,490891,225540,151408,92990,0,7,19,602600,,0
300001,capacity,2,1,0,5,0,RECOMMENDATION,0.33300564437619673,0.33300564437619673,512,512,152,120,359332,412783,126180,111067,0,7,22,673406,,0
300001,capacity,2,1,0,8,0,RECOMMENDATION,0.15831818456068114,0.15831818456068114,512,448,208,112,430921,403379,175976,102155,0,7,21,581087,,0
300001,capacity,2,1,0,11,0,RECOMMENDATION,0.14051545556510481,0.14051545556510481,512,384,224,104,397290,274374,191108,104908,0,7,20,592614,,0
300001,capacity,2,1,0,14,0,RECOMMENDATION,0.23869070217351884,0.23869070217351884,512,448,216,112,363239,327584,200432,110617,0,7,21,599125,,0
300001,capacity,2,1,0,17,0,RECOMMENDATION,0.29132572617063263,0.29132572617063263,512,512,304,120,362237,370920,283487,111649,0,7,22,594667,,0
300001,capacity,2,1,0,20,0,RECOMMENDATION,0.25878130051242643,0.25878130051242643,512,448,152,112,370209,322977,128464,168434,0,7,21,685585,,0
300001,capacity,2,1,0,23,1,RECOMMENDATION,1.4991775859147192,1.4991775859147192,512,512,352,176,371090,363218,381256,175795,0,6,28,693707,,0
300001,capacity,2,1,0,26,0,RECOMMENDATION,1.9335184596376136,1.9335184596376136,512,512,248,192,365242,575178,217658,188234,0,6,30,693386,,0
300001,capacity,2,1,0,29,0,RECOMMENDATION,2.3694780353839495,2.3694780353839495,512,512,216,120,380815,362077,189236,114804,0,7,22,606596,,0
300001,capacity,2,1,0,32,0,RECOMMENDATION,1.962174647755758,1.962174647755758,512,512,192,120,359833,366393,164678,142174,0,7,22,880469,,0
300001,capacity,2,1,0,35,0,RECOMMENDATION,1.9996628635267637,1.9996628635267637,512,512,128,120,396108,357710,218751,186341,0,7,22,612394,,0
300001,capacity,2,1,0,38,6,RECOMMENDATION,1.9972664452168116,1.9972664452168116,512,512,232,176,364450,462729,224469,178099,0,6,28,611703,,0
300001,capacity,2,1,0,41,6,RECOMMENDATION,1.7404581089061821,1.7404581089061821,512,512,352,176,541898,398782,350429,168014,0,6,28,578653,,0
300001,capacity,2,1,0,44,1,RECOMMENDATION,0.82134374456781145,0.82134374456781145,512,512,200,136,399113,432963,178420,184338,0,7,24,639205,,0
300001,capacity,2,1,0,47,5,RECOMMENDATION,0.45155103081975373,0.45155103081975373,512,512,336,232,406003,370849,561848,242166,0,5,34,601238,,0
300001,capacity,2,1,0,50,0,RECOMMENDATION,0.35619343691263256,0.35619343691263256,512,512,128,120,368115,375948,110837,117487,0,7,22,591022,,0
300001,capacity,2,1,0,53,6,RECOMMENDATION,0.2840853491634529,0.2840853491634529,512,512,120,120,367314,358602,119801,122304,0,7,22,632595,,0
300001,capacity,2,1,0,56,6,RECOMMENDATION,0.41369970679190354,0.41369970679190354,512,512,152,120,426274,388968,137147,143828,0,7,22,662419,,0
300001,capacity,2,1,1,2,0,RECOMMENDATION,0.095036375324029157,0.095036375324029157,512,320,184,96,361786,237788,169055,92791,0,7,19,605714,,0
300001,capacity,2,1,1,5,0,RECOMMENDATION,0.33300564437619673,0.33300564437619673,512,512,152,120,359432,383119,126791,111387,0,7,22,831756,,0
300001,capacity,2,1,1,8,0,RECOMMENDATION,0.15831818456068114,0.15831818456068114,512,448,208,112,361506,340605,176025,102254,0,7,21,641208,,0
300001,capacity,2,1,1,11,0,RECOMMENDATION,0.14051545556510481,0.14051545556510481,512,384,224,104,367334,330820,192030,106610,0,7,20,762391,,0
300001,capacity,2,1,1,14,0,RECOMMENDATION,0.23869070217351884,0.23869070217351884,512,448,216,112,362437,327093,180612,111649,0,7,21,618744,,0
300001,capacity,2,1,1,17,0,RECOMMENDATION,0.29132572617063263,0.29132572617063263,512,512,304,120,362658,358621,282877,111649,0,7,22,577291,,0
300001,capacity,2,1,1,20,0,RECOMMENDATION,0.25878130051242643,0.25878130051242643,512,448,152,112,362927,365642,127012,103626,0,7,21,682671,,0
300001,capacity,2,1,1,23,-1,RISK_EMPTY,0,0,512,512,64,64,403419,362266,49614,131628,8,0,16,670752,,0
300001,capacity,2,1,1,26,-1,RISK_EMPTY,0,0,512,512,64,64,367395,375957,49224,60912,8,0,16,606355,,0
300001,capacity,2,1,1,29,-1,RISK_EMPTY,0,0,512,512,64,64,447385,362146,49415,60011,8,0,16,592044,,0
300001,capacity,2,1,1,32,-1,RISK_EMPTY,0,0,512,512,64,64,357669,482288,49565,60001,8,0,16,588909,,0
300001,capacity,2,1,1,35,-1,RISK_EMPTY,0,0,512,512,64,64,561007,524241,52289,64666,8,0,16,607217,,0
300001,capacity,2,1,1,38,-1,RISK_EMPTY,0,0,512,512,64,64,364290,388536,48964,60782,8,0,16,696291,,0
300001,capacity,2,1,1,41,-1,RISK_EMPTY,0,0,512,512,64,64,378992,359473,48043,58708,8,0,16,577812,,0
300001,capacity,2,1,1,44,-1,RISK_EMPTY,0,0,512,512,64,64,374255,362667,52119,59450,8,0,16,634587,,0
300001,capacity,2,1,1,47,-1,RISK_EMPTY,0,0,512,512,64,64,400265,360084,48704,66471,8,0,16,591382,,0
300001,capacity,2,1,1,50,-1,RISK_EMPTY,0,0,512,512,64,64,380795,356758,48603,60170,8,0,16,579545,,0
300001,capacity,2,1,1,53,-1,RISK_EMPTY,0,0,512,512,64,64,366423,385061,51368,67051,8,0,16,874901,,0
300001,capacity,2,1,1,56,-1,RISK_EMPTY,0,0,512,512,64,64,357319,417871,53251,58830,8,0,16,631282,,0
300001,capacity,5,0,0,5,0,RECOMMENDATION,0.03553318261280082,0.33300564437619673,512,192,80,80,375597,133792,70427,79260,0,7,17,621338,,0
300001,capacity,5,0,0,11,0,RECOMMENDATION,0.01454962593556261,0.14051545556510481,512,64,64,64,380795,84728,56365,65900,0,7,15,576981,,0
300001,capacity,5,0,0,17,0,RECOMMENDATION,0.034587509809171385,0.29132572617063263,512,192,96,80,366653,136426,87863,80362,0,7,17,678344,,0
300001,capacity,5,0,0,23,2,RECOMMENDATION,1.0230447476056195,1.5107581131188184,512,512,496,480,496309,362387,493315,447907,0,2,62,622790,,0
300001,capacity,5,0,0,29,0,RECOMMENDATION,2.2242353809569364,2.3514723678830749,512,512,496,496,364109,382587,450580,742501,0,2,64,601317,,0
300001,capacity,5,0,0,35,6,RECOMMENDATION,1.8306955668816398,2.1121234133997722,512,512,496,496,393514,359212,459154,508257,0,2,64,676321,,0
300001,capacity,5,0,0,41,6,RECOMMENDATION,0.54159357737270297,1.1143751368760757,512,512,440,416,372492,396728,424441,494536,0,4,56,647247,,0
300001,capacity,5,0,0,47,0,RECOMMENDATION,0.081674099959575253,0.16815282618250288,512,320,216,192,426083,243748,202856,199300,0,7,31,594898,,0
300001,capacity,5,0,0,53,6,RECOMMENDATION,0.14556002914427593,0.25953329910659378,512,384,320,320,381656,277118,307634,339492,0,4,44,580586,,0
300001,capacity,5,0,1,5,0,RECOMMENDATION,0.03553318261280082,0.33300564437619673,512,192,80,80,379212,134904,70196,78198,0,7,17,621788,,0
300001,capacity,5,0,1,11,0,RECOMMENDATION,0.01454962593556261,0.14051545556510481,512,64,64,64,393244,45499,55584,68915,0,7,15,668208,,0
300001,capacity,5,0,1,17,0,RECOMMENDATION,0.034587509809171385,0.29132572617063263,512,192,96,80,662110,138039,87031,80332,0,7,17,603210,,0
300001,capacity,5,0,1,23,-1,RISK_EMPTY,0,0,512,512,64,64,373003,423149,48984,99931,8,0,16,695410,,0
300001,capacity,5,0,1,29,-1,RISK_EMPTY,0,0,512,512,64,64,402437,474456,49324,60091,8,0,16,619214,,0
300001,capacity,5,0,1,35,-1,RISK_EMPTY,0,0,512,512,64,64,385452,370710,53561,65429,8,0,16,649951,,0
300001,capacity,5,0,1,41,-1,RISK_EMPTY,0,0,512,512,64,64,363259,444240,47953,59641,8,0,16,602449,,0
300001,capacity,5,0,1,47,-1,RISK_EMPTY,0,0,512,512,64,64,391832,375186,48904,66700,8,0,16,663151,,0
300001,capacity,5,0,1,53,-1,RISK_EMPTY,0,0,512,512,64,64,387194,428387,49134,157248,8,0,16,606305,,0
300001,capacity,5,0.34999999999999998,0,5,0,RECOMMENDATION,0.13964854422998937,0.33300564437619673,512,384,128,104,362637,288526,109035,98018,0,7,20,601718,,0
300001,capacity,5,0.34999999999999998,0,11,0,RECOMMENDATION,0.058637666305902378,0.14051545556510481,512,320,160,96,431661,225550,133421,96585,0,7,19,577993,,0
300001,capacity,5,0.34999999999999998,0,17,0,RECOMMENDATION,0.12444588553568281,0.29132572617063263,512,384,216,104,380424,272541,192982,98730,0,7,20,627837,,0
300001,capacity,5,0.34999999999999998,0,23,2,RECOMMENDATION,1.1937444255352392,1.5107581131188184,512,512,488,464,367855,364010,485523,431431,0,4,62,628008,,0
300001,capacity,5,0.34999999999999998,0,29,0,RECOMMENDATION,2.2687683263810849,2.3514723678830749,512,512,480,480,365301,377220,433435,459323,0,3,63,627487,,0
300001,capacity,5,0.34999999999999998,0,35,0,RECOMMENDATION,1.9209218456987736,1.9804990372299716,512,512,488,488,383479,358511,454336,591773,0,2,63,672105,,0
300001,capacity,5,0.34999999999999998,0,41,6,RECOMMENDATION,1.9921189524777314,2.190050718784379,512,512,480,480,376979,422638,485403,445913,0,3,63,652966,,0
300001,capacity,5,0.34999999999999998,0,47,6,RECOMMENDATION,0.66032070176816471,1.0081175330869079,512,512,424,384,377720,403639,399243,382949,0,4,52,618143,,0
300001,capacity,5,0.34999999999999998,0,53,0,RECOMMENDATION,0.15767961662732149,0.22775317843941312,512,448,232,200,383179,328095,223507,222906,0,6,31,582439,,0
300001,capacity,5,0.34999999999999998,1,5,0,RECOMMENDATION,0.13964854422998937,0.33300564437619673,512,384,128,104,563160,267654,108714,98769,0,7,20,580075,,0
300001,capacity,5,0.34999999999999998,1,11,0,RECOMMENDATION,0.058637666305902378,0.14051545556510481,512,320,160,96,441927,225971,133791,98088,0,7,19,619074,,0
300001,capacity,5,0.34999999999999998,1,17,0,RECOMMENDATION,0.12444588553568281,0.29132572617063263,512,384,216,104,367454,288185,189586,99670,0,7,20,591543,,0
300001,capacity,5,0.34999999999999998,1,23,-1,RISK_EMPTY,0,0,512,512,64,64,383740,361346,48894,69815,8,0,16,577442,,0
300001,capacity,5,0.34999999999999998,1,29,-1,RISK_EMPTY,0,0,512,512,64,64,397290,360764,49866,60933,8,0,16,655048,,0
300001,capacity,5,0.34999999999999998,1,35,-1,RISK_EMPTY,0,0,512,512,64,64,368727,389067,52209,66421,8,0,16,608829,,0
300001,capacity,5,0.34999999999999998,1,41,-1,RISK_EMPTY,0,0,512,512,64,64,363139,355526,49275,59530,8,0,16,675690,,0
300001,capacity,5,0.34999999999999998,1,47,-1,RISK_EMPTY,0,0,512,512,64,64,626215,531202,48793,66440,8,0,16,646586,,0
300001,capacity,5,0.34999999999999998,1,53,-1,RISK_EMPTY,0,0,512,512,64,64,377770,378120,50326,66981,8,0,16,670623,,0
300001,capacity,5,1,0,5,0,RECOMMENDATION,0.33300564437619673,0.33300564437619673,512,512,152,120,377800,388056,125880,119360,0,7,22,601388,,0
300001,capacity,5,1,0,11,0,RECOMMENDATION,0.14051545556510481,0.14051545556510481,512,384,224,104,393203,270488,189877,104017,0,7,20,580155,,0
300001,capacity,5,1,0,17,0,RECOMMENDATION,0.29132572617063263,0.29132572617063263,512,512,304,120,411040,362938,271139,113111,0,7,22,708689,,0
300001,capacity,5,1,0,23,1,RECOMMENDATION,1.4991775859147192,1.4991775859147192,512,512,352,176,371210,621949,316317,245961,0,6,28,787128,,0
300001,capacity,5,1,0,29,0,RECOMMENDATION,2.3694780353839495,2.3694780353839495,512,512,240,176,366253,362117,213473,180663,0,6,28,594147,,0
300001,capacity,5,1,0,35,0,RECOMMENDATION,1.9996628635267637,1.9996628635267637,512,512,128,120,395407,357589,111057,118147,0,7,22,832007,,0
300001,capacity,5,1,0,41,0,RECOMMENDATION,2.1585958506242791,2.1585958506242791,512,512,256,120,418011,358602,229396,115024,0,7,22,712435,,0
300001,capacity,5,1,0,47,0,RECOMMENDATION,2.1176761476599135,2.1176761476599135,512,512,200,120,365131,375647,174964,122675,0,7,22,604382,,0
300001,capacity,5,1,0,53,0,RECOMMENDATION,1.9716660205478376,1.9716660205478376,512,512,160,120,360264,368666,138018,118429,0,7,22,606095,,0
300001,capacity,5,1,1,5,0,RECOMMENDATION,0.33300564437619673,0.33300564437619673,512,512,152,120,382668,357369,126882,223927,0,7,22,631583,,0
300001,capacity,5,1,1,11,0,RECOMMENDATION,0.14051545556510481,0.14051545556510481,512,384,224,104,365853,503510,192050,161043,0,7,20,680317,,0
300001,capacity,5,1,1,17,0,RECOMMENDATION,0.29132572617063263,0.29132572617063263,512,512,304,120,362898,384230,527867,112480,0,7,22,594497,,0
300001,capacity,5,1,1,23,-1,RISK_EMPTY,0,0,512,512,64,64,453655,360485,99781,68673,8,0,16,700678,,0
300001,capacity,5,1,1,29,-1,RISK_EMPTY,0,0,512,512,64,64,388667,380434,49565,162615,8,0,16,651414,,0
300001,capacity,5,1,1,35,-1,RISK_EMPTY,0,0,512,512,64,64,418432,430159,52008,64958,8,0,16,628068,,0
300001,capacity,5,1,1,41,-1,RISK_EMPTY,0,0,512,512,64,64,363789,355687,53972,80311,8,0,16,630422,,0
300001,capacity,5,1,1,47,-1,RISK_EMPTY,0,0,512,512,64,64,366213,427636,48894,66290,8,0,16,602179,,0
300001,capacity,5,1,1,53,-1,RISK_EMPTY,0,0,512,512,64,64,538313,455838,48443,67363,8,0,16,617732,,0
300001,demand,0,0,0,0,0,RECOMMENDATION,0.01279263789628541,0.17456863560735755,512,64,64,64,358631,48633,75163,65749,0,7,15,664703,,0
300001,demand,0,0,0,1,0,RECOMMENDATION,0.027528330210976944,0.30029416364096839,512,64,64,64,366473,48944,59500,74323,0,7,15,613596,,0
300001,demand,0,0,0,2,0,RECOMMENDATION,0.028592961331034721,0.2976102226024932,512,64,64,64,361185,44688,53861,65087,0,7,15,625324,,0
300001,demand,0,0,0,3,0,RECOMMENDATION,0.023689535678294953,0.28829040550435597,512,64,64,64,663521,47021,54983,65299,0,7,15,590842,,0
300001,demand,0,0,0,4,6,RECOMMENDATION,0.13131030471694005,0.67439694913818471,512,384,296,224,386753,339753,271550,208464,0,6,34,720267,,0
300001,demand,0,0,0,5,0,RECOMMENDATION,0.0034426848389512593,0.013271648760997862,512,64,64,64,362477,45339,61763,68833,0,7,15,688580,,0
300001,demand,0,0,0,6,0,RECOMMENDATION,0.017117225150249511,0.1564542789908247,512,64,64,64,361816,44808,56576,69725,0,7,15,718054,,0
300001,demand,0,0,0,7,0,RECOMMENDATION,0.018412130624657685,0.16154075256907099,512,64,64,64,368927,46530,62164,155615,0,7,15,631994,,0
300001,demand,0,0,0,8,0,RECOMMENDATION,0.0038596371930905149,0.016561428106770484,512,64,64,64,364580,48192,87181,67412,0,7,15,770342,,0
300001,demand,0,0,0,9,0,RECOMMENDATION,0.0033511498650127267,0.015263743740562228,512,64,64,64,360363,45208,78219,68333,0,7,15,660837,,0
300001,demand,0,0,0,10,0,RECOMMENDATION,0.011957708375438764,0.15130122085240758,512,64,64,64,361216,45298,59430,73071,0,7,15,642209,,0
300001,demand,0,0,0,11,0,RECOMMENDATION,0.0026455023504086224,0.02137144763562198,512,64,64,64,396809,46190,56956,68424,0,7,15,928221,,0
300001,demand,0,0,0,12,0,RECOMMENDATION,0.004123273022387232,0.048480260357665832,512,64,64,64,361816,64648,59220,69134,0,7,15,726176,,0
300001,demand,0,0,0,13,0,RECOMMENDATION,0.028585882407914383,0.24196459099555048,512,64,64,64,366854,68554,61983,70967,0,7,15,734329,,0
300001,demand,0,0,0,14,0,RECOMMENDATION,0.027275726110750204,0.20331477893590877,512,64,64,64,391841,47331,61904,73841,0,7,15,668369,,0
300001,demand,0,0,0,15,0,RECOMMENDATION,0.037924319394030674,0.31200511457706481,512,192,96,80,405432,141143,88484,86671,0,7,17,627907,,0
300001,demand,0,0,0,16,0,RECOMMENDATION,0.014897848540656034,0.21089536288707328,512,64,64,64,361756,47662,62044,124258,0,7,15,605904,,0
300001,demand,0,0,0,17,0,RECOMMENDATION,0.0031605582009612207,0.018424857627228657,512,64,64,64,360955,71748,58498,67662,0,7,15,632104,,0
300001,demand,0,0,0,18,0,RECOMMENDATION,0.011681160376380216,0.14596527597332792,512,64,64,64,402968,62214,59209,71647,0,7,15,580576,,0
300001,demand,0,0,0,19,0,RECOMMENDATION,0.0093023191438236195,0.11459593819972926,512,64,64,64,393975,47662,58698,69285,0,7,15,578203,,0
300001,demand,0,0,0,20,0,RECOMMENDATION,0.0043321708596862863,0.023595453950740825,512,64,64,64,552134,47602,59019,67973,0,7,15,650081,,0
300001,demand,0,0,0,21,6,RECOMMENDATION,0.31860175501085108,0.96395079582052856,512,512,368,344,359272,409578,350569,446074,0,5,48,676652,,0
300001,demand,0,0,0,22,6,RECOMMENDATION,0.11100862708927833,0.3105957110157313,512,320,288,288,404861,233402,278981,296406,0,6,42,600117,,0
300001,demand,0,0,0,23,5,RECOMMENDATION,0.16755609175350772,0.75313642696673067,512,448,296,248,395658,363028,289818,250028,0,6,37,609440,,0
300001,demand,0,0,0,24,0,RECOMMENDATION,0.30868485635794823,1.047750380224113,512,512,392,272,422779,551132,421877,273993,0,7,41,601217,,0
300001,demand,0,0,0,25,0,RECOMMENDATION,0.43569421199234365,0.89414076708461587,512,512,440,368,377349,389198,437150,357199,0,7,53,579855,,0
300001,demand,0,0,0,26,0,RECOMMENDATION,0.75242780837268841,1.1535115871268409,512,512,472,440,376548,397881,444361,436810,0,5,60,813748,,0
300001,demand,0,0,0,27,4,RECOMMENDATION,0.88291772199741847,1.3870650324466518,512,512,496,456,386053,395057,536019,476980,0,5,62,662090,,0
300001,demand,0,0,0,28,3,RECOMMENDATION,1.0271327967039474,1.4803169879101252,512,512,504,488,373684,394265,477631,507416,0,3,64,630352,,0
300001,demand,0,0,0,29,5,RECOMMENDATION,0.18429054296450989,0.46124744088171826,512,448,296,264,388586,330870,288946,291009,0,6,39,857104,,0
300001,demand,0,0,0,30,0,RECOMMENDATION,0.21241678295125457,0.33485522887725155,512,448,360,344,490450,327945,432443,408117,0,6,49,612634,,0
300001,demand,0,0,0,31,6,RECOMMENDATION,0.13135017360078632,0.4477772637254489,512,384,312,312,393744,296358,417340,397501,0,5,44,584502,,0
300001,demand,0,0,0,32,0,RECOMMENDATION,0.098675565849184618,0.71922768301950002,512,320,232,112,425883,275005,236658,109525,0,7,21,584292,,0
300001,demand,0,0,0,33,0,RECOMMENDATION,0.10724279347637092,0.79203587633300043,512,320,192,112,424080,231179,172720,106021,0,7,21,610211,,0
300001,demand,0,0,0,34,0,RECOMMENDATION,0.032419336793972575,0.28041925396687506,512,192,80,80,368016,135905,71237,82234,0,7,17,598664,,0
300001,demand,0,0,0,35,0,RECOMMENDATION,0.11439550133822646,0.5376405992890998,512,320,216,128,372001,231700,218069,123265,0,7,23,666026,,0
300001,demand,0,0,0,36,0,RECOMMENDATION,0.014077486473293731,0.24741591197971807,512,64,64,64,468007,49265,57707,68253,0,7,15,724563,,0
300001,demand,0,0,0,37,0,RECOMMENDATION,0.043622684534232403,0.47231332644945578,512,192,120,80,441476,156687,110026,83575,0,7,17,803593,,0
300001,demand,0,0,0,38,0,RECOMMENDATION,0.029305287085120934,0.20169557474519376,512,64,64,64,436960,47001,58679,71208,0,7,15,585313,,0
300001,demand,0,0,0,39,0,RECOMMENDATION,0.013595757053292672,0.11140587377029412,512,64,64,64,365581,45869,58227,67852,0,7,15,602890,,0
300001,demand,0,0,0,40,0,RECOMMENDATION,0.042624727664854214,0.2939125074079133,512,192,96,80,378201,139550,87452,81093,0,7,17,669580,,0
300001,demand,0,0,0,41,0,RECOMMENDATION,0.034495740810310968,0.1940903604697225,512,192,88,80,379533,136516,81182,82776,0,7,17,643501,,0
300001,demand,0,0,0,42,0,RECOMMENDATION,0.016964690429545036,0.10604063288628006,512,64,64,64,367735,46120,61242,115235,0,7,15,628268,,0
300001,demand,0,0,0,43,0,RECOMMENDATION,0.032585286068332692,0.2079940404007824,512,192,88,80,371010,137438,79179,88554,0,7,17,682480,,0
300001,demand,0,0,0,44,0,RECOMMENDATION,0.014671683790472123,0.14150142024312945,512,64,64,64,380574,46740,59319,67442,0,7,15,623280,,0
300001,demand,0,0,0,45,0,RECOMMENDATION,0.010263195412967805,0.065594704775787355,512,64,64,64,418472,45108,60151,69275,0,7,15,587016,,0
300001,demand,0,0,0,46,0,RECOMMENDATION,0.032578147726237794,0.20329415873231821,512,192,80,80,372803,136045,71679,108985,0,7,17,577972,,0
300001,demand,0,0,0,47,0,RECOMMENDATION,0.054066501882392627,0.28669971903124281,512,320,152,112,370739,226872,146592,108383,0,7,21,605704,,0
300001,demand,0,0,0,48,0,RECOMMENDATION,0.051493904724883036,0.25153864147990407,512,320,160,104,366213,253202,183697,103506,0,7,20,614818,,0
300001,demand,0,0,0,49,0,RECOMMENDATION,0.050014231887350914,0.31348149834268241,512,320,136,104,371340,243027,119781,106930,0,7,20,608410,,0
300001,demand,0,0,0,50,0,RECOMMENDATION,0.054133367091491386,0.29034113678503426,512,320,144,104,415147,229006,128604,104167,0,7,20,623201,,0
300001,demand,0,0,0,51,0,RECOMMENDATION,0.060268411856257198,0.37714923875872836,512,320,160,104,373664,228886,181765,102644,0,7,20,639395,,0
300001,demand,0,0,0,52,0,RECOMMENDATION,0.02454504315942866,0.18897585256047414,512,64,64,64,369007,82195,61603,86992,0,7,15,763242,,0
300001,demand,0,0,0,53,0,RECOMMENDATION,0.031747897144243066,0.20205286940980191,512,192,80,80,424661,136716,77066,84598,0,7,17,661198,,0
300001,demand,0,0,0,54,0,RECOMMENDATION,0.029520376707968445,0.20369864487726591,512,64,64,64,455638,47522,60131,70837,0,7,15,703832,,0
300001,demand,0,0,0,55,0,RECOMMENDATION,0.038563611539720689,0.20661184328895679,512,192,112,80,406053,138168,101213,80752,0,7,17,578814,,0
300001,demand,0,0,0,56,0,RECOMMENDATION,0.041467322944023131,0.22841855312373061,512,192,112,80,377299,178389,102364,85579,0,7,17,1237918,,0
300001,demand,0,0,0,57,0,RECOMMENDATION,0.11140685893029637,0.23191137715952023,512,320,240,208,378471,245190,223147,199351,0,7,33,686927,,0
300001,demand,0,0,0,58,3,RECOMMENDATION,0.15577459871696853,0.19875688157189292,512,448,360,368,366974,367194,333303,377160,0,5,51,741729,,0
300001,demand,0,0,1,0,0,RECOMMENDATION,0.01279263789628541,0.17456863560735755,512,64,64,64,358742,48574,53892,64928,0,7,15,625304,,0
300001,demand,0,0,1,1,0,RECOMMENDATION,0.027528330210976944,0.30029416364096839,512,64,64,64,373744,45980,58018,70497,0,7,15,633326,,0
300001,demand,0,0,1,2,0,RECOMMENDATION,0.028592961331034721,0.2976102226024932,512,64,64,64,412543,45679,55033,66841,0,7,15,592515,,0
300001,demand,0,0,1,3,0,RECOMMENDATION,0.023689535678294953,0.28829040550435597,512,64,64,64,401075,45288,55193,66581,0,7,15,578974,,0
300001,demand,0,0,1,4,6,RECOMMENDATION,0.13131030471694005,0.67439694913818471,512,384,296,224,428867,310609,270878,247593,0,6,34,622179,,0
300001,demand,0,0,1,5,0,RECOMMENDATION,0.0034426848389512593,0.013271648760997862,512,64,64,64,417931,47071,61153,68935,0,7,15,588418,,0
300001,demand,0,0,1,6,0,RECOMMENDATION,0.017117225150249511,0.1564542789908247,512,64,64,64,362638,45368,56475,73060,0,7,15,920510,,0
300001,demand,0,0,1,7,0,RECOMMENDATION,0.018412130624657685,0.16154075256907099,512,64,64,64,369127,47001,88443,74613,0,7,15,627878,,0
300001,demand,0,0,1,8,0,RECOMMENDATION,0.0038596371930905149,0.016561428106770484,512,64,64,64,442338,47141,58749,66410,0,7,15,593136,,0
300001,demand,0,0,1,9,0,RECOMMENDATION,0.0033511498650127267,0.015263743740562228,512,64,64,64,360444,44938,60301,95253,0,7,15,578734,,0
300001,demand,0,0,1,10,0,RECOMMENDATION,0.011957708375438764,0.15130122085240758,512,64,64,64,404180,45779,59279,72008,0,7,15,594848,,0
300001,demand,0,0,1,11,0,RECOMMENDATION,0.0026455023504086224,0.02137144763562198,512,64,64,64,362287,45548,56335,67151,0,7,15,601698,,0
300001,demand,0,0,1,12,0,RECOMMENDATION,0.004123273022387232,0.048480260357665832,512,64,64,64,387555,47212,55894,67172,0,7,15,669841,,0
300001,demand,0,0,1,13,0,RECOMMENDATION,0.028585882407914383,0.24196459099555048,512,64,64,64,615459,46540,60952,68854,0,7,15,607036,,0
300001,demand,0,0,1,14,0,RECOMMENDATION,0.027275726110750204,0.20331477893590877,512,64,64,64,369147,46410,60802,79490,0,7,15,768951,,0
300001,demand,0,0,1,15,0,RECOMMENDATION,0.037924319394030674,0.31200511457706481,512,192,96,80,377671,344981,90737,83656,0,7,17,687568,,0
300001,demand,0,0,1,16,0,RECOMMENDATION,0.014897848540656034,0.21089536288707328,512,64,64,64,362958,63426,59449,68694,0,7,15,719756,,0
300001,demand,0,0,1,17,0,RECOMMENDATION,0.0031605582009612207,0.018424857627228657,512,64,64,64,1590090,46500,232280,69996,0,7,15,1644061,,0
300001,demand,0,0,1,18,0,RECOMMENDATION,0.011681160376380216,0.14596527597332792,512,64,64,64,462098,45769,58478,71268,0,7,15,584392,,0
300001,demand,0,0,1,19,0,RECOMMENDATION,0.0093023191438236195,0.11459593819972926,512,64,64,64,366153,291369,178750,70057,0,7,15,658263,,0
300001,demand,0,0,1,20,0,RECOMMENDATION,0.0043321708596862863,0.023595453950740825,512,64,64,64,427075,56546,59370,67682,0,7,15,594257,,0
300001,demand,0,0,1,21,6,RECOMMENDATION,0.31860175501085108,0.96395079582052856,512,512,368,328,404921,357229,425332,310809,3,2,46,724904,,0
300001,demand,0,0,1,22,6,RECOMMENDATION,0.11100862708927833,0.3105957110157313,512,320,288,288,376779,382848,282215,295956,0,6,42,666766,,0
300001,demand,0,0,1,23,5,RECOMMENDATION,0.16755609175350772,0.75313642696673067,512,448,296,248,398742,328686,299031,249016,0,6,37,626075,,0
300001,demand,0,0,1,24,0,RECOMMENDATION,0.30868485635794823,1.047750380224113,512,512,392,272,405893,395167,463390,274625,1,6,41,853989,,0
300001,demand,0,0,1,25,0,RECOMMENDATION,0.43569421199234365,0.89414076708461587,512,512,440,368,378271,385281,431831,358861,0,7,53,609751,,0
300001,demand,0,0,1,26,0,RECOMMENDATION,0.75242780837268841,1.1535115871268409,512,512,392,280,392772,363649,380464,299752,4,1,40,639546,,0
300001,demand,0,0,1,27,-1,RISK_EMPTY,0,0,512,512,64,64,425933,445102,52690,68625,8,0,16,598152,,0
300001,demand,0,0,1,28,-1,RISK_EMPTY,0,0,512,512,72,64,385812,381496,57577,83657,8,0,16,657783,,0
300001,demand,0,0,1,29,3,RECOMMENDATION,0.30575927897239252,0.57967400326986573,512,512,424,416,675289,382327,472023,417460,0,5,57,626095,,0
300001,demand,0,0,1,30,0,RECOMMENDATION,0.21241678295125413,0.33485522887725094,512,448,360,344,410609,326202,346193,344589,0,6,49,599375,,0
300001,demand,0,0,1,31,6,RECOMMENDATION,0.13135017360078632,0.4477772637254489,512,384,312,312,408666,282156,294935,331341,0,5,44,639165,,0
300001,demand,0,0,1,32,0,RECOMMENDATION,0.098675565849184466,0.71922768301950002,512,320,232,112,368286,275636,241585,126832,0,7,21,585804,,0
300001,demand,0,0,1,33,0,RECOMMENDATION,0.10724279347637092,0.79203587633300043,512,320,192,112,369237,246022,172761,106991,0,7,21,648549,,0
300001,demand,0,0,1,34,0,RECOMMENDATION,0.032419336793972575,0.28041925396687506,512,192,80,80,382147,140733,71638,83416,0,7,17,591353,,0
300001,demand,0,0,1,35,0,RECOMMENDATION,0.11439550133822643,0.5376405992890998,512,320,216,128,374425,229126,195415,166521,0,7,23,672736,,0
300001,demand,0,0,1,36,0,RECOMMENDATION,0.014077486473293722,0.24741591197971799,512,64,64,64,379032,47031,56896,66160,0,7,15,597362,,0
300001,demand,0,0,1,37,0,RECOMMENDATION,0.043622684534232362,0.47231332644945578,512,192,120,80,370479,137197,137988,86861,0,7,17,605233,,0
300001,demand,0,0,1,38,0,RECOMMENDATION,0.02930528708512092,0.20169557474519376,512,64,64,64,369407,46521,58097,72259,0,7,15,647397,,0
300001,demand,0,0,1,39,0,RECOMMENDATION,0.013595757053292672,0.11140587377029412,512,64,64,64,365712,45569,58358,84708,0,7,15,634848,,0
300001,demand,0,0,1,40,0,RECOMMENDATION,0.042624727664854076,0.2939125074079133,512,192,96,80,384921,138910,86171,81563,0,7,17,580226,,0
300001,demand,0,0,1,41,0,RECOMMENDATION,0.034495740810310746,0.19409036046972222,512,192,88,80,367174,136476,117307,83736,0,7,17,790894,,0
300001,demand,0,0,1,42,0,RECOMMENDATION,0.016964690429544897,0.10604063288627975,512,64,64,64,367484,59049,58949,71658,0,7,15,664543,,0
300001,demand,0,0,1,43,0,RECOMMENDATION,0.032585286068332477,0.20799404040078201,512,192,88,80,382818,136276,79039,88513,0,7,17,622640,,0
300001,demand,0,0,1,44,0,RECOMMENDATION,0.014671683790472111,0.14150142024312945,512,64,64,64,398482,48654,60732,68673,0,7,15,1202936,,0
300001,demand,0,0,1,45,0,RECOMMENDATION,0.010263195412967689,0.065594704775786827,512,64,64,64,425302,45599,93251,71858,0,7,15,772476,,0
300001,demand,0,0,1,46,0,RECOMMENDATION,0.032578147726237704,0.20329415873231821,512,192,80,80,367644,135174,155755,151549,0,7,17,691264,,0
300001,demand,0,0,1,47,0,RECOMMENDATION,0.054066501882392579,0.28669971903124269,512,320,152,112,402818,231289,134673,108854,0,7,21,609450,,0
300001,demand,0,0,1,48,0,RECOMMENDATION,0.051493904724882952,0.25153864147990401,512,320,160,104,390069,235285,155745,103266,0,7,20,726436,,0
300001,demand,0,0,1,49,0,RECOMMENDATION,0.050014231887350796,0.31348149834268224,512,320,136,104,387515,228906,161614,110366,0,7,20,588789,,0
300001,demand,0,0,1,50,0,RECOMMENDATION,0.05413336709149133,0.29034113678503404,512,320,144,104,372972,242716,128494,107363,0,7,20,650191,,0
300001,demand,0,0,1,51,0,RECOMMENDATION,0.060268411856257177,0.37714923875872836,512,320,160,104,387635,231269,145930,102324,0,7,20,593606,,0
300001,demand,0,0,1,52,0,RECOMMENDATION,0.02454504315942858,0.18897585256047403,512,64,64,64,445473,48744,60552,69715,0,7,15,780898,,0
300001,demand,0,0,1,53,0,RECOMMENDATION,0.031747897144242837,0.20205286940980122,512,192,80,80,386774,136816,75183,84657,0,7,17,579655,,0
300001,demand,0,0,1,54,0,RECOMMENDATION,0.029520376707968293,0.20369864487726577,512,64,64,64,368176,46450,59350,70796,0,7,15,654970,,0
300001,demand,0,0,1,55,0,RECOMMENDATION,0.038563611539720641,0.20661184328895679,512,192,112,80,374094,137027,101774,99020,0,7,17,656841,,0
300001,demand,0,0,1,56,0,RECOMMENDATION,0.041467322944022819,0.22841855312373016,512,192,112,80,383679,141503,101173,83616,0,7,17,590461,,0
300001,demand,0,0,1,57,0,RECOMMENDATION,0.11140685893029571,0.23191137715951951,512,320,240,208,476960,229937,406955,265400,0,7,33,986148,,0
300001,demand,0,0,1,58,3,RECOMMENDATION,0.1557745987169685,0.19875688157189292,512,448,360,368,393674,315957,331901,431050,0,5,51,650952,,0
300001,demand,0,0.34999999999999998,0,0,0,RECOMMENDATION,0.069414237095160661,0.17456863560735755,512,320,128,96,358911,479944,123557,251039,0,7,19,701449,,0
300001,demand,0,0.34999999999999998,0,1,0,RECOMMENDATION,0.12299637191147395,0.30029416364096839,512,384,184,104,389578,270037,159241,105640,0,7,20,701499,,0
300001,demand,0,0.34999999999999998,0,2,0,RECOMMENDATION,0.1227490027760452,0.2976102226024932,512,384,200,104,362257,269757,192130,152379,0,7,20,593987,,0
300001,demand,0,0.34999999999999998,0,3,0,RECOMMENDATION,0.1162998401174163,0.28829040550435597,512,320,200,96,375958,271580,185480,96847,0,7,19,598563,,0
300001,demand,0,0.34999999999999998,0,4,6,RECOMMENDATION,0.32139063026437564,0.67439694913818471,512,512,320,256,365752,369688,289607,249317,0,5,37,656050,,0
300001,demand,0,0.34999999999999998,0,5,0,RECOMMENDATION,0.0068828222116675709,0.013271648760997862,512,64,64,64,363379,45489,121063,68633,0,7,15,643752,,0
300001,demand,0,0.34999999999999998,0,6,0,RECOMMENDATION,0.065885193994450822,0.1564542789908247,512,320,152,96,362747,240863,129726,95554,0,7,19,653366,,0
300001,demand,0,0.34999999999999998,0,7,0,RECOMMENDATION,0.068507148305202339,0.16154075256907099,512,320,104,96,382758,228314,92019,101453,0,7,19,595329,,0
300001,demand,0,0.34999999999999998,0,8,0,RECOMMENDATION,0.0083052640128785035,0.016561428106770484,512,64,64,64,360034,46791,58739,66411,0,7,15,620817,,0
300001,demand,0,0.34999999999999998,0,9,0,RECOMMENDATION,0.0075205577214550526,0.015263743740562228,512,64,64,64,359793,61112,59760,67621,0,7,15,595869,,0
300001,demand,0,0.34999999999999998,0,10,0,RECOMMENDATION,0.060727937742377849,0.15130122085240758,512,320,152,96,592925,226382,131529,101414,0,7,19,580987,,0
300001,demand,0,0.34999999999999998,0,11,0,RECOMMENDATION,0.0091995832002332977,0.02137144763562198,512,64,64,64,363809,45609,88554,68033,0,7,15,828099,,0
300001,demand,0,0.34999999999999998,0,12,0,RECOMMENDATION,0.019648218589734739,0.048480260357665832,512,64,64,64,384981,63786,61633,151859,0,7,15,590241,,0
300001,demand,0,0.34999999999999998,0,13,5,RECOMMENDATION,0.10179006751335055,0.20715388990918784,512,320,200,152,364010,303919,176807,148524,0,6,25,643832,,0
300001,demand,0,0.34999999999999998,0,14,0,RECOMMENDATION,0.048333784354633959,0.11358496639678137,512,192,120,80,397871,137187,108624,88133,0,7,17,627918,,0
300001,demand,0,0.34999999999999998,0,15,0,RECOMMENDATION,0.13202436832526609,0.31854035069213377,512,384,200,104,455828,272842,198330,228154,0,7,20,670141,,0
300001,demand,0,0.34999999999999998,0,16,0,RECOMMENDATION,0.06850371733689431,0.17552887693172931,512,320,128,96,401406,255185,128303,95384,0,7,19,582179,,0
300001,demand,0,0.34999999999999998,0,17,0,RECOMMENDATION,0.014126554257118082,0.032543729821369875,512,64,64,64,359823,44868,60041,84398,0,7,15,653506,,0
300001,demand,0,0.34999999999999998,0,18,0,RECOMMENDATION,0.036019783922788054,0.088701472581339619,512,192,96,80,383539,309187,85229,83736,0,7,17,645374,,0
300001,demand,0,0.34999999999999998,0,19,0,RECOMMENDATION,0.042367858589315716,0.10532732143238076,512,192,96,80,382728,135064,82675,82064,0,7,17,653086,,0
300001,demand,0,0.34999999999999998,0,20,0,RECOMMENDATION,0.0085606386949012396,0.017794611851399657,512,64,64,64,375817,47231,91768,67531,0,7,15,628348,,0
300001,demand,0,0.34999999999999998,0,21,6,RECOMMENDATION,0.55607454613177398,0.99212466912985253,512,512,344,328,359272,417240,423620,307906,0,5,46,790353,,0
300001,demand,0,0.34999999999999998,0,22,6,RECOMMENDATION,0.1878108650931723,0.33100992064258833,512,448,296,288,377399,349969,283067,367005,0,6,42,595528,,0
300001,demand,0,0.34999999999999998,0,23,0,RECOMMENDATION,0.34862216872959023,0.69496006797701426,512,512,368,184,550742,379323,400124,180302,0,7,30,587107,,0
300001,demand,0,0.34999999999999998,0,24,0,RECOMMENDATION,0.56162953154064355,1.0234104624770493,512,512,352,232,381065,394335,331010,246122,0,7,36,660968,,0
300001,demand,0,0.34999999999999998,0,25,0,RECOMMENDATION,0.61761937479793194,0.86520669833490316,512,512,416,352,412543,379964,438612,347254,0,7,51,595619,,0
300001,demand,0,0.34999999999999998,0,26,0,RECOMMENDATION,0.86549682926815441,1.1189766857932431,512,512,440,384,404120,378531,664053,386633,0,6,54,649981,,0
300001,demand,0,0.34999999999999998,0,27,0,RECOMMENDATION,1.0346946856475765,1.3615284117096256,512,512,464,424,431622,378352,530220,420275,0,5,58,654437,,0
300001,demand,0,0.34999999999999998,0,28,3,RECOMMENDATION,1.1854430181895501,1.4787755394497357,512,512,480,456,368777,382487,530380,442077,0,4,61,629119,,0
300001,demand,0,0.34999999999999998,0,29,5,RECOMMENDATION,0.28236376460773088,0.46899099994564808,512,512,280,216,388857,390830,282236,216537,0,6,33,753637,,0
300001,demand,0,0.34999999999999998,0,30,3,RECOMMENDATION,0.23550947487218682,0.27375702267389529,512,448,304,304,380424,398221,304610,411450,0,6,44,580466,,0
300001,demand,0,0.34999999999999998,0,31,0,RECOMMENDATION,0.11630175381235393,0.1668415324619503,512,320,168,176,447786,232000,150747,177819,0,7,29,700027,,0
300001,demand,0,0.34999999999999998,0,32,3,RECOMMENDATION,0.23922927745437414,0.2777500757271113,512,448,368,312,412443,403199,347424,354544,0,6,45,820539,,0
300001,demand,0,0.34999999999999998,0,33,0,RECOMMENDATION,0.068335756664712491,0.091773637630656366,512,320,112,120,441316,234233,104998,136315,0,7,22,594097,,0
300001,demand,0,0.34999999999999998,0,34,0,RECOMMENDATION,0.067114851487620683,0.10294503196239932,512,320,136,128,376989,244139,228786,131950,0,7,23,672185,,0
300001,demand,0,0.34999999999999998,0,35,0,RECOMMENDATION,0.14786316247843634,0.19405572874936836,512,384,256,200,402928,282136,255626,196196,0,7,32,654328,,0
300001,demand,0,0.34999999999999998,0,36,0,RECOMMENDATION,0.18423392733904759,0.26275292052385085,512,448,256,208,392603,365301,233833,201694,0,7,33,689641,,0
300001,demand,0,0.34999999999999998,0,37,6,RECOMMENDATION,0.20967704445991797,0.39291668006118979,512,448,328,304,382948,339773,327965,312783,0,6,44,582469,,0
300001,demand,0,0.34999999999999998,0,38,0,RECOMMENDATION,0.12427697712125008,0.2043634019388017,512,384,176,136,403379,291240,158659,217388,0,7,24,578282,,0
300001,demand,0,0.34999999999999998,0,39,0,RECOMMENDATION,0.095465425102974205,0.16986623781372634,512,320,112,96,370720,244700,99500,115684,0,7,19,655591,,0
300001,demand,0,0.34999999999999998,0,40,6,RECOMMENDATION,0.18964399049537209,0.34766817936541244,512,448,304,256,382117,340494,282967,243437,0,5,37,586845,,0
300001,demand,0,0.34999999999999998,0,41,0,RECOMMENDATION,0.11576516281386917,0.24194818185604772,512,320,144,104,383860,227453,130978,107523,0,7,20,641177,,0
300001,demand,0,0.34999999999999998,0,42,6,RECOMMENDATION,0.10065056329487819,0.17083671991793081,512,320,192,152,370529,229046,187553,155896,0,6,25,625905,,0
300001,demand,0,0.34999999999999998,0,43,0,RECOMMENDATION,0.11047507357844755,0.27007571473299086,512,320,192,96,607747,230819,171889,100651,0,7,19,590852,,0
300001,demand,0,0.34999999999999998,0,44,0,RECOMMENDATION,0.091029446927220967,0.21291402301427503,512,320,136,96,451492,234093,119420,121714,0,7,19,666527,,0
300001,demand,0,0.34999999999999998,0,45,5,RECOMMENDATION,0.13116128136701916,0.25559134955059321,512,384,216,160,422988,299492,203527,162576,0,6,26,603711,,0
300001,demand,0,0.34999999999999998,0,46,6,RECOMMENDATION,0.26053982663847264,0.49890313736785336,512,448,296,256,366603,316458,454906,255977,0,6,38,580987,,0
300001,demand,0,0.34999999999999998,0,47,0,RECOMMENDATION,0.16419859054742766,0.3741462961105203,512,448,136,112,403599,319342,306763,111649,0,7,21,629961,,0
300001,demand,0,0.34999999999999998,0,48,0,RECOMMENDATION,0.19360711458107543,0.42950250389795935,512,448,224,112,364941,327164,224319,108474,0,7,21,622620,,0
300001,demand,0,0.34999999999999998,0,49,0,RECOMMENDATION,0.21708927188972188,0.51152172173037769,512,448,272,112,386434,385622,241285,117828,0,7,21,681849,,0
300001,demand,0,0.34999999999999998,0,50,6,RECOMMENDATION,0.23784124810064522,0.48219579365431481,512,448,272,208,367034,344810,248114,198649,0,6,32,670673,,0
300001,demand,0,0.34999999999999998,0,51,0,RECOMMENDATION,0.12469945320705694,0.30463192081336654,512,384,120,104,399002,271289,104057,97788,0,7,20,589399,,0
300001,demand,0,0.34999999999999998,0,52,0,RECOMMENDATION,0.056423557857440888,0.14219059599348696,512,320,136,96,614818,230388,115474,93321,0,7,19,596800,,0
300001,demand,0,0.34999999999999998,0,53,0,RECOMMENDATION,0.034883292992130929,0.090735856717888863,512,192,96,80,360504,134513,80712,79059,0,7,17,646987,,0
300001,demand,0,0.34999999999999998,0,54,0,RECOMMENDATION,0.014796966763287116,0.036649764167781616,512,64,64,64,359843,45168,68193,68102,0,7,15,670633,,0
300001,demand,0,0.34999999999999998,0,55,0,RECOMMENDATION,0.017355103391140075,0.042142457682971243,512,64,64,64,381356,46500,57237,69134,0,7,15,623962,,0
300001,demand,0,0.34999999999999998,0,56,0,RECOMMENDATION,0.033494166338882414,0.085565550527354775,512,192,136,80,357730,151639,112820,78719,0,7,17,634578,,0
300001,demand,0,0.34999999999999998,0,57,0,RECOMMENDATION,0.007144009479224285,0.01749516608084814,512,64,64,64,355927,44297,56606,63536,0,7,15,829462,,0
300001,demand,0,0.34999999999999998,0,58,0,RECOMMENDATION,0.0070986052296643266,0.014737968591201406,512,64,64,64,443639,46059,56996,69575,0,7,15,612354,,0
300001,demand,0,0.34999999999999998,1,0,0,RECOMMENDATION,0.069414237095160661,0.17456863560735755,512,320,128,96,583791,241465,104498,91688,0,7,19,585974,,0
300001,demand,0,0.34999999999999998,1,1,0,RECOMMENDATION,0.12299637191147395,0.30029416364096839,512,384,184,104,391781,336698,303818,169085,0,7,20,673677,,0
300001,demand,0,0.34999999999999998,1,2,0,RECOMMENDATION,0.1227490027760452,0.2976102226024932,512,384,200,104,362587,301656,1173652,100702,0,7,20,712395,,0
300001,demand,0,0.34999999999999998,1,3,0,RECOMMENDATION,0.1162998401174163,0.28829040550435597,512,320,200,96,640206,226141,201063,101604,0,7,19,629630,,0
300001,demand,0,0.34999999999999998,1,4,6,RECOMMENDATION,0.32139063026437564,0.67439694913818471,512,512,320,256,508197,577912,380615,349668,0,5,37,606966,,0
300001,demand,0,0.34999999999999998,1,5,0,RECOMMENDATION,0.0068828222116675709,0.013271648760997862,512,64,64,64,488538,46991,62925,70146,0,7,15,635800,,0
300001,demand,0,0.34999999999999998,1,6,0,RECOMMENDATION,0.065885193994450822,0.1564542789908247,512,320,152,96,375517,224429,128404,93480,0,7,19,602120,,0
300001,demand,0,0.34999999999999998,1,7,0,RECOMMENDATION,0.068507148305202339,0.16154075256907099,512,320,104,96,386704,226932,91408,102024,0,7,19,605824,,0
300001,demand,0,0.34999999999999998,1,8,0,RECOMMENDATION,0.0083052640128785035,0.016561428106770484,512,64,64,64,375257,47401,59009,66701,0,7,15,606115,,0
300001,demand,0,0.34999999999999998,1,9,0,RECOMMENDATION,0.0075205577214550526,0.015263743740562228,512,64,64,64,602659,47201,128324,73201,0,7,15,632935,,0
300001,demand,0,0.34999999999999998,1,10,0,RECOMMENDATION,0.060727937742377849,0.15130122085240758,512,320,152,96,363929,251960,134202,105469,0,7,19,702620,,0
300001,demand,0,0.34999999999999998,1,11,0,RECOMMENDATION,0.0091995832002332977,0.02137144763562198,512,64,64,64,495878,45719,60781,69504,0,7,15,642049,,0
300001,demand,0,0.34999999999999998,1,12,0,RECOMMENDATION,0.019648218589734739,0.048480260357665832,512,64,64,64,421426,49094,59280,70948,0,7,15,792916,,0
300001,demand,0,0.34999999999999998,1,13,5,RECOMMENDATION,0.10179006751335055,0.20715388990918784,512,320,200,152,378111,224759,175896,147042,0,6,25,638483,,0
300001,demand,0,0.34999999999999998,1,14,0,RECOMMENDATION,0.048333784354633959,0.11358496639678137,512,192,120,80,364280,135234,108654,85759,0,7,17,603852,,0
300001,demand,0,0.34999999999999998,1,15,0,RECOMMENDATION,0.13202436832526609,0.31854035069213377,512,384,200,104,370349,333323,179000,101734,0,7,20,732736,,0
300001,demand,0,0.34999999999999998,1,16,0,RECOMMENDATION,0.06850371733689431,0.17552887693172931,512,320,128,96,386033,290398,109595,95234,0,7,19,656871,,0
300001,demand,0,0.34999999999999998,1,17,0,RECOMMENDATION,0.014126554257118082,0.032543729821369875,512,64,64,64,363559,199120,60371,86761,0,7,15,756131,,0
300001,demand,0,0.34999999999999998,1,18,0,RECOMMENDATION,0.036019783922788054,0.088701472581339619,512,192,96,80,364681,135294,84046,86570,0,7,17,696832,,0
300001,demand,0,0.34999999999999998,1,19,0,RECOMMENDATION,0.042367858589315716,0.10532732143238076,512,192,96,80,363298,151498,83646,81183,0,7,17,587577,,0
300001,demand,0,0.34999999999999998,1,20,0,RECOMMENDATION,0.0085606386949012396,0.017794611851399657,512,64,64,64,359973,48003,59059,74082,0,7,15,816583,,0
300001,demand,0,0.34999999999999998,1,21,6,RECOMMENDATION,0.55607454613177398,0.99212466912985253,512,512,328,232,418251,617031,325341,219522,5,0,34,616170,,0
300001,demand,0,0.34999999999999998,1,22,6,RECOMMENDATION,0.1878108650931723,0.33100992064258833,512,448,296,288,376378,388866,282025,464191,0,6,42,687147,,0
300001,demand,0,0.34999999999999998,1,23,0,RECOMMENDATION,0.34862216872959023,0.69496006797701426,512,512,368,184,393614,393233,355657,185530,0,7,30,774138,,0
300001,demand,0,0.34999999999999998,1,24,0,RECOMMENDATION,0.56162953154064355,1.0234104624770493,512,512,352,232,382848,451111,363759,255636,0,7,36,643171,,0
300001,demand,0,0.34999999999999998,1,25,0,RECOMMENDATION,0.61761937479793194,0.86520669833490316,512,512,416,352,444801,587347,398231,396348,0,7,51,697132,,0
300001,demand,0,0.34999999999999998,1,26,0,RECOMMENDATION,0.86549682926815441,1.1189766857932431,512,512,392,304,381947,572174,370209,371591,3,3,44,601958,,0
300001,demand,0,0.34999999999999998,1,27,-1,RISK_EMPTY,0,0,512,512,80,64,455888,460264,66590,69404,8,0,16,654589,,0
300001,demand,0,0.34999999999999998,1,28,-1,RISK_EMPTY,0,0,512,512,96,64,373855,428787,79099,67021,8,0,16,626997,,0
300001,demand,0,0.34999999999999998,1,29,3,RECOMMENDATION,0.45059957506333698,0.64246018874166355,512,512,432,368,436348,433013,576820,366503,0,5,51,595028,,0
300001,demand,0,0.34999999999999998,1,30,3,RECOMMENDATION,0.24061443921617481,0.27950294373399948,512,448,296,280,385682,394285,280453,344900,0,6,41,630361,,0
300001,demand,0,0.34999999999999998,1,31,0,RECOMMENDATION,0.11199882040706055,0.16029820010886389,512,320,160,160,384130,232781,152350,337278,0,7,27,661228,,0
300001,demand,0,0.34999999999999998,1,32,3,RECOMMENDATION,0.23533820858055082,0.27215190545705337,512,448,368,304,423379,416629,349938,411271,0,6,44,636991,,0
300001,demand,0,0.34999999999999998,1,33,0,RECOMMENDATION,0.067330331251525974,0.090363318987202498,512,320,112,104,539154,276598,105700,110497,0,7,20,621819,,0
300001,demand,0,0.34999999999999998,1,34,0,RECOMMENDATION,0.064356265061356041,0.09866312307241619,512,320,136,128,418101,231430,121934,128323,0,7,23,591934,,0
300001,demand,0,0.34999999999999998,1,35,0,RECOMMENDATION,0.14149309036985841,0.18632536954072396,512,384,240,200,382207,303698,223157,194845,0,7,32,705384,,0
300001,demand,0,0.34999999999999998,1,36,0,RECOMMENDATION,0.17671314224229578,0.2534292224831074,512,448,240,200,557621,337940,217929,190638,0,7,32,594377,,0
300001,demand,0,0.34999999999999998,1,37,6,RECOMMENDATION,0.21032483474989938,0.39432292536014707,512,448,328,304,409297,349057,311961,298870,0,6,44,686917,,0
300001,demand,0,0.34999999999999998,1,38,0,RECOMMENDATION,0.13365125458686328,0.22175554500691214,512,384,200,152,420835,305711,201805,165249,0,7,26,737915,,0
300001,demand,0,0.34999999999999998,1,39,0,RECOMMENDATION,0.099648880985432356,0.17754760832328031,512,320,120,104,1355066,234414,110277,103777,0,7,20,593365,,0
300001,demand,0,0.34999999999999998,1,40,6,RECOMMENDATION,0.18940564561582887,0.34364492937090546,512,448,304,232,364510,402247,308986,238230,0,6,35,626946,,0
300001,demand,0,0.34999999999999998,1,41,0,RECOMMENDATION,0.10976203862949964,0.22812040058039637,512,320,136,96,366273,241214,121863,97327,0,7,19,640586,,0
300001,demand,0,0.34999999999999998,1,42,6,RECOMMENDATION,0.10298862028481118,0.17472832921604153,512,320,192,152,422087,231069,199702,158829,0,6,25,852538,,0
300001,demand,0,0.34999999999999998,1,43,0,RECOMMENDATION,0.10669768546608585,0.25977653911261694,512,320,192,96,385562,226963,173872,100932,0,7,19,601138,,0
300001,demand,0,0.34999999999999998,1,44,0,RECOMMENDATION,0.086928547201101186,0.20348797601813245,512,320,120,96,387975,234604,106742,95834,0,7,19,704142,,0
300001,demand,0,0.34999999999999998,1,45,5,RECOMMENDATION,0.13403962047918866,0.26244069680921212,512,384,224,160,428877,416739,231399,186481,0,6,26,651333,,0
300001,demand,0,0.34999999999999998,1,46,6,RECOMMENDATION,0.25575801289123395,0.4903062312100081,512,448,296,264,428016,318681,293443,269436,0,6,39,706356,,0
300001,demand,0,0.34999999999999998,1,47,0,RECOMMENDATION,0.16737919402793233,0.37710572747354176,512,448,144,112,374775,648539,126461,115594,0,7,21,1340164,,0
300001,demand,0,0.34999999999999998,1,48,0,RECOMMENDATION,0.19296488641038567,0.42565283074880905,512,448,232,112,420535,327094,247284,109314,0,7,21,790554,,0
300001,demand,0,0.34999999999999998,1,49,0,RECOMMENDATION,0.2169566513005145,0.51025164349351948,512,448,280,112,1581597,346073,404150,278260,0,7,21,861630,,0
300001,demand,0,0.34999999999999998,1,50,6,RECOMMENDATION,0.23532517766545624,0.47708644639099679,512,448,280,208,408666,447325,278451,198259,0,6,32,627146,,0
300001,demand,0,0.34999999999999998,1,51,0,RECOMMENDATION,0.12594190896709828,0.30661434729979975,512,384,120,104,383399,272591,104047,99709,0,7,20,638835,,0
300001,demand,0,0.34999999999999998,1,52,0,RECOMMENDATION,0.056079124971261669,0.14131258901054689,512,320,136,96,592023,298160,117467,93291,0,7,19,611052,,0
300001,demand,0,0.34999999999999998,1,53,0,RECOMMENDATION,0.034523306679748865,0.089796887690742525,512,192,96,80,362818,133131,81583,82946,0,7,17,699636,,0
300001,demand,0,0.34999999999999998,1,54,0,RECOMMENDATION,0.015151420963178531,0.037582812026181814,512,64,64,64,358882,44668,54532,70225,0,7,15,686726,,0
300001,demand,0,0.34999999999999998,1,55,0,RECOMMENDATION,0.016739616898541986,0.040627122747602974,512,64,64,64,401116,46711,57306,83936,0,7,15,678734,,0
300001,demand,0,0.34999999999999998,1,56,0,RECOMMENDATION,0.03350798412851913,0.085610358797671163,512,192,136,80,356307,140883,284640,74894,0,7,17,599815,,0
300001,demand,0,0.34999999999999998,1,57,0,RECOMMENDATION,0.0086502729494094023,0.021439331404483886,512,64,64,64,354625,44458,54472,62355,0,7,15,612374,,0
300001,demand,0,0.34999999999999998,1,58,0,RECOMMENDATION,0.0070748220468551531,0.014691529807693759,512,64,64,64,358091,45138,56626,69035,0,7,15,595288,,0
300001,demand,0,1,0,0,0,RECOMMENDATION,0.17456863560735755,0.17456863560735755,512,448,216,112,356188,402057,177879,106561,0,7,21,674548,,0
300001,demand,0,1,0,1,0,RECOMMENDATION,0.30029416364096839,0.30029416364096839,512,512,248,120,435507,363148,214855,120352,0,7,22,634588,,0
300001,demand,0,1,0,2,4,RECOMMENDATION,0.29654137859997409,0.29654137859997409,512,512,328,176,361455,371500,274234,180001,0,6,28,614838,,0
300001,demand,0,1,0,3,0,RECOMMENDATION,0.28325912916843105,0.28325912916843105,512,512,288,120,383979,365472,315456,146531,0,7,22,593947,,0
300001,demand,0,1,0,4,6,RECOMMENDATION,0.65300967631731677,0.65300967631731677,512,512,344,232,379302,384440,333223,218781,0,5,34,592014,,0
300001,demand,0,1,0,5,0,RECOMMENDATION,0.020768253473636263,0.020768253473636263,512,64,64,64,389618,45889,60902,123927,0,7,15,583070,,0
300001,demand,0,1,0,6,5,RECOMMENDATION,0.13863060216958123,0.13863060216958123,512,384,208,160,546495,271710,201054,162536,0,6,26,576931,,0
300001,demand,0,1,0,7,0,RECOMMENDATION,0.14901176084657103,0.14901176084657103,512,384,216,104,380715,275536,193422,108734,0,7,20,643452,,0
300001,demand,0,1,0,8,0,RECOMMENDATION,0.016646580590682719,0.016646580590682719,512,64,64,64,361666,47431,61793,67111,0,7,15,625334,,0
300001,demand,0,1,0,9,0,RECOMMENDATION,0.033778763935481439,0.033778763935481439,512,192,88,80,388607,151770,82335,82384,0,7,17,692175,,0
300001,demand,0,1,0,10,4,RECOMMENDATION,0.18790629452044202,0.18790629452044202,512,448,240,168,363328,313823,213122,186000,0,6,27,593406,,0
300001,demand,0,1,0,11,0,RECOMMENDATION,0.019128278766310083,0.019128278766310083,512,64,64,64,361115,45279,71888,66780,0,7,15,608098,,0
300001,demand,0,1,0,12,0,RECOMMENDATION,0.052284343436540183,0.052284343436540183,512,320,136,96,355787,370409,112049,96436,0,7,19,766397,,0
300001,demand,0,1,0,13,5,RECOMMENDATION,0.19341111450191395,0.19341111450191395,512,448,264,168,415296,366794,226021,155154,0,6,27,665314,,0
300001,demand,0,1,0,14,0,RECOMMENDATION,0.083933490735618607,0.083933490735618607,512,320,136,96,616330,227834,120041,131047,0,7,19,777824,,0
300001,demand,0,1,0,15,4,RECOMMENDATION,0.33142698856797531,0.33142698856797531,512,512,320,176,366994,359463,331691,168424,0,6,28,594748,,0
300001,demand,0,1,0,16,0,RECOMMENDATION,0.17384188602072609,0.17384188602072609,512,448,168,112,375396,427545,164999,116666,0,7,21,1005548,,0
300001,demand,0,1,0,17,0,RECOMMENDATION,0.029759870719690468,0.029759870719690468,512,64,64,64,423649,45318,58568,68704,0,7,15,594217,,0
300001,demand,0,1,0,18,0,RECOMMENDATION,0.084655951806540189,0.084655951806540189,512,320,184,96,414295,269597,157929,100351,0,7,19,650172,,0
300001,demand,0,1,0,19,0,RECOMMENDATION,0.10028653851580999,0.10028653851580999,512,320,120,96,382808,318461,101303,123487,0,7,19,804103,,0
300001,demand,0,1,0,20,0,RECOMMENDATION,0.017867210011897158,0.017867210011897158,512,64,64,64,428847,165990,61763,68994,0,7,15,1438821,,0
300001,demand,0,1,0,21,6,RECOMMENDATION,0.97320705177742894,0.97320705177742894,512,512,312,176,360674,543921,361626,170618,0,6,28,633206,,0
300001,demand,0,1,0,22,6,RECOMMENDATION,0.31683124283308001,0.31683124283308001,512,512,296,224,488548,403989,507185,243557,0,6,34,612925,,0
300001,demand,0,1,0,23,0,RECOMMENDATION,0.68117365466875091,0.68117365466875091,512,512,432,120,446854,407835,416358,125509,0,7,22,884536,,0
300001,demand,0,1,0,24,0,RECOMMENDATION,1.0150506946367477,1.0150506946367477,512,512,256,120,387555,482909,243547,148114,0,7,22,731834,,0
300001,demand,0,1,0,25,0,RECOMMENDATION,0.85925245029750164,0.85925245029750164,512,512,336,120,376388,371070,319312,154403,0,7,22,672945,,0
300001,demand,0,1,0,26,0,RECOMMENDATION,1.1102109775917648,1.1102109775917648,512,512,232,120,455508,374776,206281,130337,0,7,22,862221,,0
300001,demand,0,1,0,27,4,RECOMMENDATION,1.3495806450038601,1.3495806450038601,512,512,272,176,524442,383549,250639,181825,0,6,28,641067,,0
300001,demand,0,1,0,28,3,RECOMMENDATION,1.4362428389965962,1.4362428389965962,512,512,384,232,411051,382488,605584,232762,0,5,34,651003,,0
300001,demand,0,1,0,29,5,RECOMMENDATION,0.51666614103494857,0.51666614103494857,512,512,200,176,444320,403068,191309,228044,0,6,28,591963,,0
300001,demand,0,1,0,30,3,RECOMMENDATION,0.27948873427479404,0.27948873427479404,512,512,216,200,406033,380525,201053,212892,0,6,31,638764,,0
300001,demand,0,1,0,31,0,RECOMMENDATION,0.160198744983826,0.160198744983826,512,448,152,144,572324,381926,138499,205631,0,7,25,725295,,0
300001,demand,0,1,0,32,3,RECOMMENDATION,0.27158532019485537,0.27158532019485537,512,512,240,232,370730,423329,219822,226521,0,6,35,669461,,0
300001,demand,0,1,0,33,0,RECOMMENDATION,0.089620053328649835,0.089620053328649835,512,320,96,96,415707,233001,90387,101414,0,7,19,700337,,0
300001,demand,0,1,0,34,0,RECOMMENDATION,0.097956096216333277,0.097956096216333277,512,320,136,120,496489,232190,164148,120701,0,7,22,658003,,0
300001,demand,0,1,0,35,0,RECOMMENDATION,0.18575978593356374,0.18575978593356374,512,448,160,152,456810,326993,147133,147823,0,7,26,655579,,0
300001,demand,0,1,0,36,3,RECOMMENDATION,0.25031957499164426,0.25031957499164426,512,448,216,176,438713,340965,282636,178078,0,6,28,619365,,0
300001,demand,0,1,0,37,0,RECOMMENDATION,0.14217933282825138,0.14217933282825138,512,384,144,104,404140,305471,136116,110146,0,7,20,680106,,0
300001,demand,0,1,0,38,0,RECOMMENDATION,0.18213568454689244,0.18213568454689244,512,448,168,192,379633,320564,161975,195135,0,7,31,667468,,0
300001,demand,0,1,0,39,0,RECOMMENDATION,0.16232116436685601,0.16232116436685601,512,448,120,120,453505,330159,110867,119670,0,7,22,597052,,0
300001,demand,0,1,0,40,6,RECOMMENDATION,0.23102252161458495,0.23102252161458495,512,448,184,184,427736,336828,169916,284580,0,6,29,629631,,0
300001,demand,0,1,0,41,0,RECOMMENDATION,0.21944929666267665,0.21944929666267665,512,448,144,112,364159,1268310,125399,112398,0,7,21,627478,,0
300001,demand,0,1,0,42,6,RECOMMENDATION,0.12814615281722511,0.12814615281722511,512,384,200,160,369518,370740,187583,398511,0,6,26,720328,,0
300001,demand,0,1,0,43,0,RECOMMENDATION,0.1605400149652724,0.1605400149652724,512,448,192,112,368977,315757,169786,133471,0,7,21,758325,,0
300001,demand,0,1,0,44,0,RECOMMENDATION,0.16661024536045146,0.16661024536045146,512,448,136,112,362297,362156,167162,110748,0,7,21,657242,,0
300001,demand,0,1,0,45,5,RECOMMENDATION,0.2771131895333831,0.2771131895333831,512,512,296,176,368636,382998,343849,236156,0,6,28,729261,,0
300001,demand,0,1,0,46,6,RECOMMENDATION,0.3107361695894415,0.3107361695894415,512,512,224,176,435828,360935,209236,172471,0,6,28,683802,,0
300001,demand,0,1,0,47,0,RECOMMENDATION,0.24698424708409511,0.24698424708409511,512,448,136,112,385923,368666,294054,113431,0,7,21,622109,,0
300001,demand,0,1,0,48,0,RECOMMENDATION,0.34478181881548109,0.34478181881548109,512,512,312,120,366944,369027,284990,183006,0,7,22,711654,,0
300001,demand,0,1,0,49,0,RECOMMENDATION,0.44080344125884902,0.44080344125884902,512,512,416,120,395998,360784,388506,310148,0,7,22,674457,,0
300001,demand,0,1,0,50,6,RECOMMENDATION,0.37326660763944042,0.37326660763944042,512,512,240,176,367014,443519,215064,172972,0,6,28,735630,,0
300001,demand,0,1,0,51,5,RECOMMENDATION,0.21907336495164237,0.21907336495164237,512,448,184,168,367725,487055,163947,159772,0,6,27,642680,,0
300001,demand,0,1,0,52,0,RECOMMENDATION,0.14149619857500262,0.14149619857500262,512,384,184,104,438241,448127,160653,104327,0,7,20,657543,,0
300001,demand,0,1,0,53,0,RECOMMENDATION,0.09175852770296053,0.09175852770296053,512,320,120,96,375026,238450,96155,87532,0,7,19,600947,,0
300001,demand,0,1,0,54,0,RECOMMENDATION,0.020996673174390541,0.020996673174390541,512,64,64,64,548478,46340,54582,64678,0,7,15,605163,,0
300001,demand,0,1,0,55,0,RECOMMENDATION,0.020277378598953372,0.020277378598953372,512,64,64,64,742170,45278,53981,63416,0,7,15,680977,,0
300001,demand,0,1,0,56,4,RECOMMENDATION,0.1232586665987324,0.1232586665987324,512,384,240,160,459183,273553,197668,140392,0,6,26,836293,,0
300001,demand,0,1,0,57,0,RECOMMENDATION,0.047256746090696557,0.047256746090696557,512,192,120,80,494807,154994,98729,104447,0,7,17,818926,,0
300001,demand,0,1,0,58,0,RECOMMENDATION,0.0097941972912496105,0.0097941972912496105,512,64,64,64,372522,45518,55554,67651,0,7,15,586026,,0
300001,demand,0,1,1,0,0,RECOMMENDATION,0.17456863560735755,0.17456863560735755,512,448,216,112,354395,417810,177518,104438,0,7,21,583861,,0
300001,demand,0,1,1,1,0,RECOMMENDATION,0.30029416364096839,0.30029416364096839,512,512,248,120,482328,358271,210968,119932,0,7,22,620106,,0
300001,demand,0,1,1,2,4,RECOMMENDATION,0.29654137859997409,0.29654137859997409,512,512,328,176,361996,373224,274494,160892,0,6,28,631593,,0
300001,demand,0,1,1,3,0,RECOMMENDATION,0.28325912916843105,0.28325912916843105,512,512,288,120,364641,355878,318440,120191,0,7,22,610091,,0
300001,demand,0,1,1,4,6,RECOMMENDATION,0.65300967631731677,0.65300967631731677,512,512,344,232,560656,456940,319863,280053,0,5,34,796793,,0
300001,demand,0,1,1,5,0,RECOMMENDATION,0.020768253473636263,0.020768253473636263,512,64,64,64,370549,46420,228104,74051,0,7,15,1004667,,0
300001,demand,0,1,1,6,5,RECOMMENDATION,0.13863060216958123,0.13863060216958123,512,384,208,160,424962,300484,191459,150787,0,6,26,643392,,0
300001,demand,0,1,1,7,0,RECOMMENDATION,0.14901176084657103,0.14901176084657103,512,384,216,104,388967,271720,266963,111638,0,7,20,853248,,0
300001,demand,0,1,1,8,0,RECOMMENDATION,0.016646580590682719,0.016646580590682719,512,64,64,64,642129,48053,62674,68764,0,7,15,599815,,0
300001,demand,0,1,1,9,0,RECOMMENDATION,0.033778763935481439,0.033778763935481439,512,192,88,80,641017,167543,80822,81783,0,7,17,616941,,0
300001,demand,0,1,1,10,4,RECOMMENDATION,0.18790629452044202,0.18790629452044202,512,448,240,168,362808,406674,236287,245009,0,6,27,596331,,0
300001,demand,0,1,1,11,0,RECOMMENDATION,0.019128278766310083,0.019128278766310083,512,64,64,64,388466,48213,56866,67281,0,7,15,631594,,0
300001,demand,0,1,1,12,0,RECOMMENDATION,0.052284343436540183,0.052284343436540183,512,320,136,96,355607,240974,170437,98590,0,7,19,580716,,0
300001,demand,0,1,1,13,5,RECOMMENDATION,0.19341111450191395,0.19341111450191395,512,448,264,168,387805,371300,270689,155994,0,6,27,727770,,0
300001,demand,0,1,1,14,0,RECOMMENDATION,0.083933490735618607,0.083933490735618607,512,320,136,96,1534196,229987,164839,101954,0,7,19,736722,,0
300001,demand,0,1,1,15,4,RECOMMENDATION,0.33142698856797531,0.33142698856797531,512,512,320,176,372032,360474,440565,173973,0,6,28,681008,,0
300001,demand,0,1,1,16,0,RECOMMENDATION,0.17384188602072609,0.17384188602072609,512,448,168,112,461176,317530,141103,108675,0,7,21,716972,,0
300001,demand,0,1,1,17,0,RECOMMENDATION,0.029759870719690468,0.029759870719690468,512,64,64,64,397610,45929,58598,67931,0,7,15,585404,,0
300001,demand,0,1,1,18,0,RECOMMENDATION,0.084655951806540189,0.084655951806540189,512,320,184,96,366713,276237,177367,172590,0,7,19,831475,,0
300001,demand,0,1,1,19,0,RECOMMENDATION,0.10028653851580999,0.10028653851580999,512,320,120,96,463589,227433,101733,94413,0,7,19,580426,,0
300001,demand,0,1,1,20,0,RECOMMENDATION,0.017867210011897158,0.017867210011897158,512,64,64,64,404831,47712,59259,68713,0,7,15,697242,,0
300001,demand,0,1,1,21,6,RECOMMENDATION,0.97320705177742894,0.97320705177742894,512,512,312,176,413224,447736,294225,247905,5,1,28,611593,,0
300001,demand,0,1,1,22,6,RECOMMENDATION,0.31683124283308001,0.31683124283308001,512,512,296,224,403680,361986,359522,290468,0,6,34,600396,,0
300001,demand,0,1,1,23,0,RECOMMENDATION,0.68117365466875091,0.68117365466875091,512,512,432,120,458182,443800,612113,1561235,0,7,22,599165,,0
300001,demand,0,1,1,24,0,RECOMMENDATION,1.0150506946367477,1.0150506946367477,512,512,256,120,821820,876123,229737,327345,0,7,22,708189,,0
300001,demand,0,1,1,25,0,RECOMMENDATION,0.85925245029750164,0.85925245029750164,512,512,336,120,498612,509319,378261,125059,0,7,22,1101247,,0
300001,demand,0,1,1,26,0,RECOMMENDATION,1.1102109775917648,1.1102109775917648,512,512,232,120,376088,363098,297880,127783,3,4,22,633516,,0
300001,demand,0,1,1,27,-1,RISK_EMPTY,0,0,512,512,80,64,430960,368195,63976,67532,8,0,16,701519,,0
300001,demand,0,1,1,28,-1,RISK_EMPTY,0,0,512,512,96,64,1142434,590461,803022,101273,8,0,16,694449,,0
300001,demand,0,1,1,29,3,RECOMMENDATION,0.63508323133068911,0.63508323133068911,512,512,304,232,406243,436159,383960,244759,0,5,34,659245,,0
300001,demand,0,1,1,30,3,RECOMMENDATION,0.27948873427479393,0.27948873427479393,512,512,216,200,979008,450710,200713,209456,0,6,31,1262856,,0
300001,demand,0,1,1,31,0,RECOMMENDATION,0.160198744983826,0.160198744983826,512,448,152,144,382367,542559,665484,152991,0,7,25,628368,,0
300001,demand,0,1,1,32,3,RECOMMENDATION,0.27158532019485537,0.27158532019485537,512,512,240,232,404781,401466,229937,228185,0,6,35,1230046,,0
300001,demand,0,1,1,33,0,RECOMMENDATION,0.089620053328649835,0.089620053328649835,512,320,96,96,382618,234915,91338,136546,0,7,19,592735,,0
300001,demand,0,1,1,34,0,RECOMMENDATION,0.097956096216333277,0.097956096216333277,512,320,136,120,419062,249506,124688,122354,0,7,22,677523,,0
300001,demand,0,1,1,35,0,RECOMMENDATION,0.18575978593356374,0.18575978593356374,512,448,160,152,407515,360554,148544,148535,0,7,26,1302675,,0
300001,demand,0,1,1,36,3,RECOMMENDATION,0.25031957499164426,0.25031957499164426,512,448,216,176,379453,337719,234093,199912,0,6,28,699065,,0
300001,demand,0,1,1,37,0,RECOMMENDATION,0.14217933282825138,0.14217933282825138,512,384,144,104,384400,335596,133571,107112,0,7,20,659144,,0
300001,demand,0,1,1,38,0,RECOMMENDATION,0.18213568454689244,0.18213568454689244,512,448,168,192,379493,369598,150527,580907,0,7,31,603430,,0
300001,demand,0,1,1,39,0,RECOMMENDATION,0.16232116436685601,0.16232116436685601,512,448,120,120,386544,326442,110036,151759,0,7,22,697562,,0
300001,demand,0,1,1,40,6,RECOMMENDATION,0.23102252161458495,0.23102252161458495,512,448,184,184,375988,362517,171729,182765,0,6,29,622370,,0
300001,demand,0,1,1,41,0,RECOMMENDATION,0.21944929666267665,0.21944929666267665,512,448,144,112,467786,316959,128674,111508,0,7,21,1533705,,0
300001,demand,0,1,1,42,6,RECOMMENDATION,0.12814615281722511,0.12814615281722511,512,384,200,160,373574,277569,230749,166822,0,6,26,622930,,0
300001,demand,0,1,1,43,0,RECOMMENDATION,0.1605400149652724,0.1605400149652724,512,448,192,112,401456,316958,173913,121143,0,7,21,786877,,0
300001,demand,0,1,1,44,0,RECOMMENDATION,0.16661024536045146,0.16661024536045146,512,448,136,112,363008,327364,132660,108864,0,7,21,622540,,0
300001,demand,0,1,1,45,5,RECOMMENDATION,0.2771131895333831,0.2771131895333831,512,512,296,176,395337,364070,294004,222666,0,6,28,613005,,0
300001,demand,0,1,1,46,6,RECOMMENDATION,0.3107361695894415,0.3107361695894415,512,512,224,176,365842,360554,216306,170508,0,6,28,602399,,0
300001,demand,0,1,1,47,0,RECOMMENDATION,0.24698424708409511,0.24698424708409511,512,448,136,112,385742,335025,159511,111989,0,7,21,582840,,0
300001,demand,0,1,1,48,0,RECOMMENDATION,0.34478181881548109,0.34478181881548109,512,512,312,120,364651,368577,341715,121624,0,7,22,603010,,0
300001,demand,0,1,1,49,0,RECOMMENDATION,0.44080344125884902,0.44080344125884902,512,512,416,120,376038,377270,387144,127072,0,7,22,609860,,0
300001,demand,0,1,1,50,6,RECOMMENDATION,0.37326660763944042,0.37326660763944042,512,512,240,176,366674,379452,214503,175195,0,6,28,741859,,0
300001,demand,0,1,1,51,5,RECOMMENDATION,0.21907336495164237,0.21907336495164237,512,448,184,168,380044,406834,164979,188925,0,6,27,593836,,0
300001,demand,0,1,1,52,0,RECOMMENDATION,0.14149619857500262,0.14149619857500262,512,384,184,104,478072,291190,159911,105068,0,7,20,607717,,0
300001,demand,0,1,1,53,0,RECOMMENDATION,0.09175852770296053,0.09175852770296053,512,320,120,96,355947,237469,96115,87342,0,7,19,624633,,0
300001,demand,0,1,1,54,0,RECOMMENDATION,0.020996673174390541,0.020996673174390541,512,64,64,64,638774,45398,54662,63987,0,7,15,580737,,0
300001,demand,0,1,1,55,0,RECOMMENDATION,0.020277378598953372,0.020277378598953372,512,64,64,64,359793,44928,54202,64347,0,7,15,631082,,0
300001,demand,0,1,1,56,4,RECOMMENDATION,0.1232586665987324,0.1232586665987324,512,384,240,160,427725,272912,196677,154232,0,6,26,645424,,0
300001,demand,0,1,1,57,0,RECOMMENDATION,0.047256746090696557,0.047256746090696557,512,192,120,80,356328,201935,129476,75394,0,7,17,645894,,0
300001,demand,0,1,1,58,0,RECOMMENDATION,0.0097941972912496105,0.0097941972912496105,512,64,64,64,358681,61774,55844,71468,0,7,15,656421,,0
300001,demand,2,0,0,2,0,RECOMMENDATION,0.028592961331034721,0.2976102226024932,512,64,64,64,378051,63496,54372,65449,0,7,15,587136,,0
300001,demand,2,0,0,5,0,RECOMMENDATION,0.016365037835806364,0.17809320610713139,512,64,64,64,381406,45248,55844,63656,0,7,15,579575,,0
300001,demand,2,0,0,8,0,RECOMMENDATION,0.03190800749725356,0.22787513778540999,512,192,80,80,359993,157027,70226,79239,0,7,17,616220,,0
300001,demand,2,0,0,11,0,RECOMMENDATION,0.053005837411775503,0.55255011471384641,512,320,136,96,394065,227764,114633,265922,0,7,19,723271,,0
300001,demand,2,0,0,14,6,RECOMMENDATION,0.13301904223353991,0.61033308173675149,512,384,288,232,366393,296808,267914,231469,0,5,34,652305,,0
300001,demand,2,0,0,17,4,RECOMMENDATION,0.09277486113328233,0.55004760041779188,512,320,232,208,365612,239581,217919,217167,0,5,31,661018,,0
300001,demand,2,0,0,20,4,RECOMMENDATION,0.080178878178827767,0.50977727634473535,512,320,208,112,369628,250398,187714,107582,0,7,21,619605,,0
300001,demand,2,0,0,23,6,RECOMMENDATION,0.84339652754872729,1.4194602249353445,512,512,344,328,378751,406093,336598,355206,0,7,48,596250,,0
300001,demand,2,0,0,26,1,RECOMMENDATION,1.3751991612805214,1.725692235572341,512,512,488,488,361706,383469,446324,497571,0,3,64,631323,,0
300001,demand,2,0,0,29,6,RECOMMENDATION,0.62649757122926197,1.1619806781603366,512,512,440,432,552474,400805,416519,513625,0,4,58,710602,,0
300001,demand,2,0,0,32,6,RECOMMENDATION,0.44758317760764732,1.0840796846812359,512,512,392,376,379663,452643,413855,365612,0,6,53,628208,,0
300001,demand,2,0,0,35,3,RECOMMENDATION,0.30304158726864533,0.64842237037257811,512,512,408,368,621448,389377,377570,380084,0,5,51,624693,,0
300001,demand,2,0,0,38,0,RECOMMENDATION,0.06599149271591799,0.2734112274452577,512,320,168,144,374285,282416,210318,153101,0,7,25,945658,,0
300001,demand,2,0,0,41,6,RECOMMENDATION,0.11472550139111842,0.3676807157154765,512,320,288,288,369457,228825,274725,302947,0,6,42,667117,,0
300001,demand,2,0,0,44,0,RECOMMENDATION,0.070194197282340262,0.3699375909747723,512,320,208,152,392562,237468,194704,162134,0,6,25,625284,,0
300001,demand,2,0,0,47,6,RECOMMENDATION,0.15350614201776983,0.61570770078389991,512,448,136,136,394816,314174,118609,148735,0,7,24,602760,,0
300001,demand,2,0,0,50,6,RECOMMENDATION,0.1301599010815416,0.54822946158114105,512,384,296,288,384640,274715,316598,373824,0,5,41,659706,,0
300001,demand,2,0,0,53,0,RECOMMENDATION,0.010370656500808786,0.13262133692687716,512,64,64,64,362998,45108,59550,69134,0,7,15,640597,,0
300001,demand,2,0,0,56,0,RECOMMENDATION,0.018314314725540529,0.11599899383594102,512,64,64,64,365241,47962,61122,70557,0,7,15,634919,,0
300001,demand,2,0,1,2,0,RECOMMENDATION,0.028592961331034721,0.2976102226024932,512,64,64,64,363739,57367,54723,66001,0,7,15,605874,,0
300001,demand,2,0,1,5,0,RECOMMENDATION,0.016365037835806364,0.17809320610713139,512,64,64,64,450039,46030,56795,64217,0,7,15,643201,,0
300001,demand,2,0,1,8,0,RECOMMENDATION,0.03190800749725356,0.22787513778540999,512,192,80,80,362106,139410,94532,92418,0,7,17,673387,,0
300001,demand,2,0,1,11,0,RECOMMENDATION,0.053005837411775503,0.55255011471384641,512,320,136,96,366473,254243,114222,96476,0,7,19,686997,,0
300001,demand,2,0,1,14,6,RECOMMENDATION,0.13301904223353991,0.61033308173675149,512,384,288,232,368246,272120,437590,289457,0,5,34,580346,,0
300001,demand,2,0,1,17,4,RECOMMENDATION,0.09277486113328233,0.55004760041779188,512,320,232,208,365782,256547,246992,201974,0,5,31,631654,,0
300001,demand,2,0,1,20,4,RECOMMENDATION,0.080178878178827767,0.50977727634473535,512,320,208,112,365942,278440,188024,110997,0,7,21,630142,,0
300001,demand,2,0,1,23,-1,RISK_EMPTY,0,0,512,512,72,64,567607,465472,56625,63716,8,0,16,636470,,0
300001,demand,2,0,1,26,-1,RISK_EMPTY,0,0,512,512,64,64,364610,403910,48403,67182,8,0,16,598313,,0
300001,demand,2,0,1,29,-1,RISK_EMPTY,0,0,512,512,64,64,362547,385813,48613,59820,8,0,16,609650,,0
300001,demand,2,0,1,32,-1,RISK_EMPTY,0,0,512,512,64,64,357259,568398,50265,60451,8,0,16,624854,,0
300001,demand,2,0,1,35,-1,RISK_EMPTY,0,0,512,512,64,64,396158,472654,50106,59620,8,0,16,829642,,0
300001,demand,2,0,1,38,-1,RISK_EMPTY,0,0,512,512,112,64,363999,376438,97287,67392,8,0,16,673216,,0
300001,demand,2,0,1,41,6,RECOMMENDATION,0.77605681607390875,1.11816063966432,512,512,120,120,388907,384220,164478,118169,7,0,22,657802,,0
300001,demand,2,0,1,44,6,RECOMMENDATION,0.38921118746405936,0.77951424778344536,512,512,448,432,373384,568969,435637,448427,0,4,58,590521,,0
300001,demand,2,0,1,47,6,RECOMMENDATION,0.33035595831896652,0.8963846570168722,512,512,352,336,370830,386814,436659,358821,0,6,48,634779,,0
300001,demand,2,0,1,50,6,RECOMMENDATION,0.27306349556137449,0.80120477564603287,512,512,192,168,385182,359773,274485,160733,2,5,28,634037,,0
300001,demand,2,0,1,53,3,RECOMMENDATION,0.16570795966874233,0.28987600962358145,512,448,384,384,366413,314785,366603,436409,0,4,52,682970,,0
300001,demand,2,0,1,56,0,RECOMMENDATION,0.04778617837113068,0.1146815743390474,512,192,120,104,379903,140682,109665,104047,0,7,20,623491,,0
300001,demand,2,0.34999999999999998,0,2,0,RECOMMENDATION,0.1227490027760452,0.2976102226024932,512,384,200,104,361456,909092,167603,112009,0,7,20,579195,,0
300001,demand,2,0.34999999999999998,0,5,0,RECOMMENDATION,0.072969896730770117,0.17809320610713139,512,320,120,96,420024,253613,103776,90757,0,7,19,674348,,0
300001,demand,2,0.34999999999999998,0,8,4,RECOMMENDATION,0.097849443263372415,0.19919045946287844,512,320,152,152,360775,246512,133201,302437,0,6,25,625594,,0
300001,demand,2,0.34999999999999998,0,11,0,RECOMMENDATION,0.19373664589487424,0.48567388160094827,512,448,224,112,490520,331840,186571,108653,0,7,21,593496,,0
300001,demand,2,0.34999999999999998,0,14,6,RECOMMENDATION,0.28479862132076195,0.579557638608446,512,512,288,208,399242,361505,261675,207313,0,6,32,707527,,0
300001,demand,2,0.34999999999999998,0,17,4,RECOMMENDATION,0.23981539790615181,0.52702313750035579,512,448,248,224,404931,319843,228815,217649,0,5,33,672224,,0
300001,demand,2,0.34999999999999998,0,20,4,RECOMMENDATION,0.23551435185761085,0.51500133145557625,512,448,272,168,364530,328817,433124,161004,0,6,27,772946,,0
300001,demand,2,0.34999999999999998,0,23,6,RECOMMENDATION,1.0493692967726624,1.42320207892327,512,512,312,280,362137,396779,266443,253293,0,7,42,606535,,0
300001,demand,2,0.34999999999999998,0,26,1,RECOMMENDATION,1.5030939704160584,1.7297348526529714,512,512,488,472,400855,359333,789401,453885,0,3,62,611323,,0
300001,demand,2,0.34999999999999998,0,29,6,RECOMMENDATION,0.81637759289386613,1.1635672555628325,512,512,408,392,381326,414095,385252,741368,0,4,53,674499,,0
300001,demand,2,0.34999999999999998,0,32,3,RECOMMENDATION,0.53451094404468347,0.68406276534295785,512,512,320,272,381756,390800,300133,273592,0,7,41,675360,,0
300001,demand,2,0.34999999999999998,0,35,6,RECOMMENDATION,0.30792932531669082,0.58603251898054409,512,512,368,368,397701,414176,341285,357189,0,5,51,711644,,0
300001,demand,2,0.34999999999999998,0,38,0,RECOMMENDATION,0.056191669371412893,0.13248425160864333,512,320,128,96,454156,229276,196226,99420,0,7,19,656320,,0
300001,demand,2,0.34999999999999998,0,41,4,RECOMMENDATION,0.17298014526246222,0.34858343497566485,512,448,192,168,380344,334886,170908,161144,0,6,27,621108,,0
300001,demand,2,0.34999999999999998,0,44,4,RECOMMENDATION,0.12532009450352008,0.24736150923727618,512,384,136,104,361405,278631,114032,94413,0,7,20,657152,,0
300001,demand,2,0.34999999999999998,0,47,5,RECOMMENDATION,0.26989295332751445,0.47766011737211295,512,448,264,184,372271,332772,238981,174674,0,6,29,608328,,0
300001,demand,2,0.34999999999999998,0,50,6,RECOMMENDATION,0.25853954389537331,0.51720005584173534,512,448,280,224,365321,345272,255095,210207,0,6,34,602289,,0
300001,demand,2,0.34999999999999998,0,53,0,RECOMMENDATION,0.052319012300575077,0.13015451094053154,512,320,112,96,363158,224099,96055,97247,0,7,19,643010,,0
300001,demand,2,0.34999999999999998,0,56,0,RECOMMENDATION,0.051916667676404127,0.11681465512512332,512,320,144,96,414676,230738,141613,94954,0,7,19,604863,,0
300001,demand,2,0.34999999999999998,1,2,0,RECOMMENDATION,0.1227490027760452,0.2976102226024932,512,384,200,104,422437,293593,183387,97516,0,7,20,604323,0.3813386729527462,1024
300001,demand,2,0.34999999999999998,1,5,0,RECOMMENDATION,0.072969896730770117,0.17809320610713139,512,320,120,96,451421,274985,102104,90317,0,7,19,676220,0.42502905005671326,1024
300001,demand,2,0.34999999999999998,1,8,4,RECOMMENDATION,0.097849443263372415,0.19919045946287844,512,320,152,152,395086,263488,132279,149115,0,6,25,755520,0.32649262492453185,1024
300001,demand,2,0.34999999999999998,1,11,0,RECOMMENDATION,0.19373664589487424,0.48567388160094827,512,448,224,112,656811,317589,217108,110726,0,7,21,576320,0.40561472374849944,1024
300001,demand,2,0.34999999999999998,1,14,6,RECOMMENDATION,0.28479862132076195,0.579557638608446,512,512,288,208,370589,407194,348686,295917,0,6,32,678604,0.71250523571399416,1024
300001,demand,2,0.34999999999999998,1,17,4,RECOMMENDATION,0.23981539790615181,0.52702313750035579,512,448,248,224,365301,2551090,258881,215204,0,5,33,764224,0.49646784216126444,1024
300001,demand,2,0.34999999999999998,1,20,4,RECOMMENDATION,0.23551435185761085,0.51500133145557625,512,448,272,168,394625,325972,242867,2216866,0,6,27,607097,0.57436777006256667,1024
300001,demand,2,0.34999999999999998,1,23,-1,RISK_EMPTY,0,0,512,512,72,64,377149,358621,56185,64277,8,0,16,579104,,0
300001,demand,2,0.34999999999999998,1,26,-1,RISK_EMPTY,0,0,512,512,64,64,582459,359903,49544,68232,8,0,16,663933,,0
300001,demand,2,0.34999999999999998,1,29,-1,RISK_EMPTY,0,0,512,512,64,64,525693,358751,49184,60310,8,0,16,706937,,0
300001,demand,2,0.34999999999999998,1,32,-1,RISK_EMPTY,0,0,512,512,64,64,372512,362467,48934,59690,8,0,16,593045,,0
300001,demand,2,0.34999999999999998,1,35,-1,RISK_EMPTY,0,0,512,512,64,64,379773,358140,48984,99991,8,0,16,595119,,0
300001,demand,2,0.34999999999999998,1,38,-1,RISK_EMPTY,0,0,512,512,112,64,365181,431561,100832,66391,8,0,16,623181,,0
300001,demand,2,0.34999999999999998,1,41,6,RECOMMENDATION,0.91426156981830098,1.1199032529619644,512,512,120,120,364289,515488,109455,118919,7,0,22,786477,1.2367144368068992,1024
300001,demand,2,0.34999999999999998,1,44,6,RECOMMENDATION,0.52865752162082669,0.774688484699251,512,512,416,376,387565,391271,401106,357170,0,4,51,595428,0.86772193817771315,1024
300001,demand,2,0.34999999999999998,1,47,6,RECOMMENDATION,0.53088305403330505,0.90273797141402645,512,512,336,304,373253,375728,324680,290829,0,6,44,643622,0.86712559101266207,1024
300001,demand,2,0.34999999999999998,1,50,6,RECOMMENDATION,0.45915746907307442,0.80242234801280476,512,512,136,128,366614,374996,118238,123677,2,5,23,598323,0.90780367983379817,1024
300001,demand,2,0.34999999999999998,1,53,3,RECOMMENDATION,0.20906533330002858,0.28861462072160643,512,448,376,368,364751,370990,368987,356859,0,4,50,578032,0.33212686835304334,1024
300001,demand,2,0.34999999999999998,1,56,0,RECOMMENDATION,0.074122152592078855,0.11840958351418446,512,320,144,96,364701,248995,128594,96115,0,7,19,579595,0.1594773989545942,1024
300001,demand,2,1,0,2,4,RECOMMENDATION,0.29654137859997409,0.29654137859997409,512,512,328,176,364640,358481,285390,175294,0,6,28,618683,,0
300001,demand,2,1,0,5,0,RECOMMENDATION,0.18274366910872109,0.18274366910872109,512,448,160,112,365632,342417,316167,105779,0,7,21,592104,,0
300001,demand,2,1,0,8,0,RECOMMENDATION,0.16818290443330342,0.16818290443330342,512,448,168,112,724724,364590,142785,103926,0,7,21,822141,,0
300001,demand,2,1,0,11,0,RECOMMENDATION,0.48567388160094827,0.48567388160094827,512,512,304,176,389568,358661,254504,182416,0,6,28,671403,,0
300001,demand,2,1,0,14,6,RECOMMENDATION,0.579557638608446,0.579557638608446,512,512,128,120,370600,362908,124198,125641,0,7,22,846477,,0
300001,demand,2,1,0,17,4,RECOMMENDATION,0.52702313750035579,0.52702313750035579,512,512,264,232,373093,393254,272712,392041,0,5,34,594468,,0
300001,demand,2,1,0,20,4,RECOMMENDATION,0.51500133145557625,0.51500133145557625,512,512,320,176,363328,485834,664804,316047,0,6,28,633285,,0
300001,demand,2,1,0,23,6,RECOMMENDATION,1.42320207892327,1.42320207892327,512,512,120,120,653316,359593,103116,121863,0,7,22,683602,,0
300001,demand,2,1,0,26,1,RECOMMENDATION,1.7297348526529714,1.7297348526529714,512,512,288,120,367645,361145,271109,151378,0,7,22,936734,,0
300001,demand,2,1,0,29,6,RECOMMENDATION,1.1635672555628325,1.1635672555628325,512,512,272,176,372362,382687,282486,170517,0,6,28,734759,,0
300001,demand,2,1,0,32,3,RECOMMENDATION,0.68406276534295785,0.68406276534295785,512,512,144,120,381196,405261,130597,117208,0,7,22,596710,,0
300001,demand,2,1,0,35,3,RECOMMENDATION,0.40078894206471244,0.40078894206471244,512,512,128,120,387625,402307,115354,119510,0,7,22,643361,,0
300001,demand,2,1,0,38,6,RECOMMENDATION,0.33288874771172378,0.33288874771172378,512,512,176,176,520666,373623,187072,191830,0,6,28,861981,,0
300001,demand,2,1,0,41,6,RECOMMENDATION,0.34524896689323847,0.34524896689323847,512,512,120,120,365822,511692,107393,115565,0,7,22,674097,,0
300001,demand,2,1,0,44,4,RECOMMENDATION,0.34311129116265177,0.34311129116265177,512,512,264,232,364400,372823,240593,232810,0,5,34,624733,,0
300001,demand,2,1,0,47,6,RECOMMENDATION,0.60170377907573691,0.60170377907573691,512,512,200,176,368165,359572,194213,187353,0,6,28,657682,,0
300001,demand,2,1,0,50,6,RECOMMENDATION,0.53224741133924092,0.53224741133924092,512,512,248,232,367395,378511,225340,228434,0,5,34,671483,,0
300001,demand,2,1,0,53,0,RECOMMENDATION,0.10042863543253489,0.10042863543253489,512,320,120,96,360835,222236,99440,91527,0,7,19,677023,,0
300001,demand,2,1,0,56,0,RECOMMENDATION,0.083363044733998234,0.083363044733998234,512,320,208,96,359292,228475,218019,111367,0,7,19,641249,,0
300001,demand,2,1,1,2,4,RECOMMENDATION,0.29654137859997409,0.29654137859997409,512,512,328,176,362017,367855,279301,161904,0,6,28,641309,,0
300001,demand,2,1,1,5,0,RECOMMENDATION,0.18274366910872109,0.18274366910872109,512,448,160,112,363599,408697,136245,104007,0,7,21,635880,,0
300001,demand,2,1,1,8,0,RECOMMENDATION,0.16818290443330342,0.16818290443330342,512,448,168,112,374876,345442,142595,103146,0,7,21,612795,,0
300001,demand,2,1,1,11,0,RECOMMENDATION,0.48567388160094827,0.48567388160094827,512,512,304,176,383409,359232,254654,166632,0,6,28,583631,,0
300001,demand,2,1,1,14,6,RECOMMENDATION,0.579557638608446,0.579557638608446,512,512,128,120,383208,363129,110827,122095,0,7,22,639215,,0
300001,demand,2,1,1,17,4,RECOMMENDATION,0.52702313750035579,0.52702313750035579,512,512,264,232,383118,361746,243377,220583,0,5,34,628158,,0
300001,demand,2,1,1,20,4,RECOMMENDATION,0.51500133145557625,0.51500133145557625,512,512,320,176,420795,371581,285100,163937,0,6,28,594908,,0
300001,demand,2,1,1,23,-1,RISK_EMPTY,0,0,512,512,72,64,380664,357350,55504,64677,8,0,16,623401,,0
300001,demand,2,1,1,26,-1,RISK_EMPTY,0,0,512,512,64,64,454796,384861,49285,70677,8,0,16,678253,,0
300001,demand,2,1,1,29,-1,RISK_EMPTY,0,0,512,512,64,64,364860,361636,48283,59921,8,0,16,608558,,0
300001,demand,2,1,1,32,-1,RISK_EMPTY,0,0,512,512,64,64,357390,362897,63756,59179,8,0,16,578223,,0
300001,demand,2,1,1,35,-1,RISK_EMPTY,0,0,512,512,64,64,366473,360855,65118,60321,8,0,16,683782,,0
300001,demand,2,1,1,38,-1,RISK_EMPTY,0,0,512,512,112,64,364721,357830,96756,68984,8,0,16,641658,,0
300001,demand,2,1,1,41,6,RECOMMENDATION,1.1199032529619644,1.1199032529619644,512,512,120,120,378772,360544,106170,116235,7,0,22,596029,,0
300001,demand,2,1,1,44,1,RECOMMENDATION,0.76508458520246492,0.76508458520246492,512,512,392,240,368656,378291,388096,286913,0,5,35,612635,,0
300001,demand,2,1,1,47,6,RECOMMENDATION,0.69542042980097329,0.69542042980097329,512,512,120,120,384991,382407,125519,119410,7,0,22,610401,,0
300001,demand,2,1,1,50,6,RECOMMENDATION,0.71654594976812347,0.71654594976812347,512,512,120,120,376539,379993,105940,121764,0,7,22,680176,,0
300001,demand,2,1,1,53,3,RECOMMENDATION,0.27991366194804768,0.27991366194804768,512,512,216,176,364631,435647,224058,170538,0,6,28,590841,,0
300001,demand,2,1,1,56,0,RECOMMENDATION,0.11628527215397516,0.11628527215397516,512,320,208,96,366083,231119,213922,96265,0,7,19,582980,,0
300001,demand,5,0,0,5,0,RECOMMENDATION,0.016365037835806364,0.17809320610713139,512,64,64,64,362857,45358,56625,65589,0,7,15,637192,,0
300001,demand,5,0,0,11,0,RECOMMENDATION,0.053005837411775503,0.55255011471384641,512,320,136,96,379863,226321,114483,97507,0,7,19,613736,,0
300001,demand,5,0,0,17,4,RECOMMENDATION,0.14340352580359936,0.76713586770233733,512,384,240,144,367014,362828,217018,132561,0,7,25,604723,,0
300001,demand,5,0,0,23,6,RECOMMENDATION,1.2160862060922699,1.6796963138693899,512,512,456,456,380535,358551,464702,565865,0,3,60,631713,,0
300001,demand,5,0,0,29,6,RECOMMENDATION,0.99001503884390962,1.4496326072421482,512,512,472,472,501247,640086,463670,449709,0,3,62,601297,,0
300001,demand,5,0,0,35,6,RECOMMENDATION,0.36670303632514978,0.84226305875784113,512,512,392,392,375987,391461,366313,394786,0,3,52,667157,,0
300001,demand,5,0,0,41,3,RECOMMENDATION,0.23751959697575992,0.58417318453311184,512,448,384,368,369578,335647,374004,356688,0,4,50,584172,,0
300001,demand,5,0,0,47,0,RECOMMENDATION,0.052775537719519774,0.33479676078192627,512,320,168,152,390118,231450,150988,146321,0,6,25,589660,,0
300001,demand,5,0,0,53,0,RECOMMENDATION,0.017533627419498137,0.20126067340820353,512,64,64,64,403540,47161,59509,67642,0,7,15,616881,,0
300001,demand,5,0,1,5,0,RECOMMENDATION,0.016365037835806364,0.17809320610713139,512,64,64,64,378832,45980,56144,63636,0,7,15,583531,,0
300001,demand,5,0,1,11,0,RECOMMENDATION,0.053005837411775503,0.55255011471384641,512,320,136,96,382797,225781,153802,97696,0,7,19,595189,,0
300001,demand,5,0,1,17,4,RECOMMENDATION,0.14340352580359936,0.76713586770233733,512,384,240,144,420966,273623,250217,136276,0,7,25,698965,,0
300001,demand,5,0,1,23,-1,RISK_EMPTY,0,0,512,512,64,64,382117,358131,48663,64567,8,0,16,590762,,0
300001,demand,5,0,1,29,-1,RISK_EMPTY,0,0,512,512,64,64,362037,372001,48764,59340,8,0,16,611913,,0
300001,demand,5,0,1,35,-1,RISK_EMPTY,0,0,512,512,64,64,403980,357750,50126,59760,8,0,16,725665,,0
300001,demand,5,0,1,41,-1,RISK_EMPTY,0,0,512,512,64,64,381836,507606,51688,66000,8,0,16,651423,,0
300001,demand,5,0,1,47,-1,RISK_EMPTY,0,0,512,512,64,64,397810,357029,48834,63146,8,0,16,845626,,0
300001,demand,5,0,1,53,-1,RISK_EMPTY,0,0,512,512,64,64,362888,404701,49014,62875,8,0,16,721560,,0
300001,demand,5,0.34999999999999998,0,5,0,RECOMMENDATION,0.072969896730770117,0.17809320610713139,512,320,120,96,366453,241935,192341,92441,0,7,19,670121,,0
300001,demand,5,0.34999999999999998,0,11,4,RECOMMENDATION,0.22524926695388339,0.51910076010211403,512,448,256,168,381596,667748,282807,159301,0,6,27,595098,,0
300001,demand,5,0.34999999999999998,0,17,0,RECOMMENDATION,0.33272815377119819,0.73865517479757892,512,512,256,136,368466,392212,314986,125809,0,7,24,584072,,0
300001,demand,5,0.34999999999999998,0,23,6,RECOMMENDATION,1.3783497438142618,1.6796963138693899,512,512,456,440,396248,358441,461076,425241,0,3,58,702540,,0
300001,demand,5,0.34999999999999998,0,29,6,RECOMMENDATION,1.150881187783293,1.4496326072421482,512,512,456,440,363689,359213,428988,461496,0,3,58,637143,,0
300001,demand,5,0.34999999999999998,0,35,6,RECOMMENDATION,0.5331490441765917,0.84226305875784113,512,512,376,384,375367,378462,361666,377871,0,3,51,609870,,0
300001,demand,5,0.34999999999999998,0,41,3,RECOMMENDATION,0.35884835262083303,0.58417318453311184,512,512,344,304,366654,373845,315046,310439,0,5,43,597021,,0
300001,demand,5,0.34999999999999998,0,47,0,RECOMMENDATION,0.15148296579136206,0.33479676078192627,512,448,184,168,382618,332171,162265,158659,0,6,27,592925,,0
300001,demand,5,0.34999999999999998,0,53,0,RECOMMENDATION,0.08183809351554501,0.20126067340820353,512,320,120,96,382006,226582,104188,95335,0,7,19,624463,,0
300001,demand,5,0.34999999999999998,1,5,0,RECOMMENDATION,0.072969896730770117,0.17809320610713139,512,320,120,96,363459,275736,114853,90056,0,7,19,582749,,0
300001,demand,5,0.34999999999999998,1,11,4,RECOMMENDATION,0.22524926695388339,0.51910076010211403,512,448,256,168,365441,433995,214734,157998,0,6,27,590712,,0
300001,demand,5,0.34999999999999998,1,17,0,RECOMMENDATION,0.33272815377119819,0.73865517479757892,512,512,256,136,384771,366734,228124,126030,0,7,24,625935,,0
300001,demand,5,0.34999999999999998,1,23,-1,RISK_EMPTY,0,0,512,512,64,64,365221,390399,50406,71398,8,0,16,640356,,0
300001,demand,5,0.34999999999999998,1,29,-1,RISK_EMPTY,0,0,512,512,64,64,361536,373974,49194,60522,8,0,16,626716,,0
300001,demand,5,0.34999999999999998,1,35,-1,RISK_EMPTY,0,0,512,512,64,64,368166,361927,69034,60142,8,0,16,754609,,0
300001,demand,5,0.34999999999999998,1,41,-1,RISK_EMPTY,0,0,512,512,64,64,365371,355367,52099,336758,8,0,16,1555187,,0
300001,demand,5,0.34999999999999998,1,47,-1,RISK_EMPTY,0,0,512,512,64,64,456409,383670,49284,63314,8,0,16,602771,,0
300001,demand,5,0.34999999999999998,1,53,-1,RISK_EMPTY,0,0,512,512,64,64,537822,512113,63476,87101,8,0,16,1762831,,0
300001,demand,5,1,0,5,0,RECOMMENDATION,0.17809320610713139,0.17809320610713139,512,448,168,112,505884,410710,226913,152931,0,7,21,905226,,0
300001,demand,5,1,0,11,4,RECOMMENDATION,0.51910076010211403,0.51910076010211403,512,512,280,176,510220,393063,242887,173632,0,6,28,652154,,0
300001,demand,5,1,0,17,4,RECOMMENDATION,0.72939339011439364,0.72939339011439364,512,512,336,232,443259,853308,305441,234974,0,5,34,635710,,0
300001,demand,5,1,0,23,6,RECOMMENDATION,1.6811920899453685,1.6811920899453685,512,512,264,176,367305,428006,317018,297559,0,6,28,660527,,0
300001,demand,5,1,0,29,6,RECOMMENDATION,1.4491121406869416,1.4491121406869416,512,512,232,176,381886,358271,208085,167243,0,6,28,610101,,0
300001,demand,5,1,0,35,3,RECOMMENDATION,0.79788780343598575,0.79788780343598575,512,512,328,320,375237,370479,322637,306422,0,4,44,611994,,0
300001,demand,5,1,0,41,6,RECOMMENDATION,0.54690344707069616,0.54690344707069616,512,512,176,176,374285,380294,161845,188515,0,6,28,600046,,0
300001,demand,5,1,0,47,6,RECOMMENDATION,0.4843543552069165,0.4843543552069165,512,512,288,288,369438,375908,276176,285932,0,4,40,745735,,0
300001,demand,5,1,0,53,6,RECOMMENDATION,0.50166625270770959,0.50166625270770959,512,512,120,120,367024,376388,106731,120271,0,7,22,606536,,0
300001,demand,5,1,1,5,0,RECOMMENDATION,0.17809320610713139,0.17809320610713139,512,448,168,112,363368,312982,154573,102274,0,7,21,578834,,0
300001,demand,5,1,1,11,4,RECOMMENDATION,0.51910076010211403,0.51910076010211403,512,512,280,176,365792,387505,234314,276417,0,6,28,633355,,0
300001,demand,5,1,1,17,4,RECOMMENDATION,0.72939339011439364,0.72939339011439364,512,512,336,232,600136,456379,306112,223046,0,5,34,596961,,0
300001,demand,5,1,1,23,-1,RISK_EMPTY,0,0,512,512,64,64,382177,358611,48763,64067,8,0,16,586275,,0
300001,demand,5,1,1,29,-1,RISK_EMPTY,0,0,512,512,64,64,363569,372682,48513,59891,8,0,16,611743,,0
300001,demand,5,1,1,35,-1,RISK_EMPTY,0,0,512,512,64,64,365712,357119,50677,61142,8,0,16,681709,,0
300001,demand,5,1,1,41,-1,RISK_EMPTY,0,0,512,512,64,64,389899,364060,95283,64668,8,0,16,699636,,0
300001,demand,5,1,1,47,-1,RISK_EMPTY,0,0,512,512,64,64,365492,376198,49245,63055,8,0,16,608058,,0
300001,demand,5,1,1,53,-1,RISK_EMPTY,0,0,512,512,64,64,363218,413655,48744,62063,8,0,16,600757,,0
300001,combined,0,0,0,0,0,RECOMMENDATION,0.019139569096537176,0.21554353079332433,512,64,64,64,391742,47391,56025,202386,0,7,15,600726,,0
300001,combined,0,0,0,1,0,RECOMMENDATION,0.021290216664442939,0.24731234431767066,512,64,64,64,362177,45959,68494,67252,0,7,15,590922,,0
300001,combined,0,0,0,2,0,RECOMMENDATION,0.058354307820746479,0.47175880944575588,512,320,144,96,362627,224198,120833,99441,0,7,19,607807,,0
300001,combined,0,0,0,3,0,RECOMMENDATION,0.024224163806627442,0.20944925763644368,512,64,64,64,390680,46511,55403,67331,0,7,15,755621,,0
300001,combined,0,0,0,4,0,RECOMMENDATION,0.023608398462937344,0.25172047323935914,512,64,64,64,360464,47081,55304,76234,0,7,15,583933,,0
300001,combined,0,0,0,5,0,RECOMMENDATION,0.022513502948198059,0.31325676147910697,512,64,64,64,359673,45489,55894,63606,0,7,15,588278,,0
300001,combined,0,0,0,6,0,RECOMMENDATION,0.026062567000968449,0.30872373128889813,512,64,64,64,361105,45479,56846,82955,0,7,15,594287,,0
300001,combined,0,0,0,7,0,RECOMMENDATION,0.015660969922074875,0.12048814519348749,512,64,64,64,365451,45669,57016,67782,0,7,15,636050,,0
300001,combined,0,0,0,8,0,RECOMMENDATION,0.015037037843502906,0.17922113067844578,512,64,64,64,379082,46400,57757,64758,0,7,15,630081,,0
300001,combined,0,0,0,9,0,RECOMMENDATION,0.08027288833502344,0.37591137869206404,512,320,208,120,384760,228014,189626,130797,0,7,22,639435,,0
300001,combined,0,0,0,10,6,RECOMMENDATION,0.13857263920593776,0.66903590044038996,512,384,272,200,370229,286092,251309,196166,0,6,31,602069,,0
300001,combined,0,0,0,11,0,RECOMMENDATION,0.0050950481495415766,0.018178303950043863,512,64,64,64,379062,46560,60170,70476,0,7,15,583290,,0
300001,combined,0,0,0,12,0,RECOMMENDATION,0.010829659195666634,0.076629708641569191,512,64,64,64,366363,62715,61072,71207,0,7,15,591112,,0
300001,combined,0,0,0,13,0,RECOMMENDATION,0.0042170701086326661,0.027883089899605296,512,64,64,64,361466,45108,60532,67722,0,7,15,588478,,0
300001,combined,0,0,0,14,0,RECOMMENDATION,0.0014425763200690291,0.01446710234655306,512,64,64,64,359132,44778,54522,63365,0,7,15,628940,,0
300001,combined,0,0,0,15,0,RECOMMENDATION,0.001395092124786121,0.0083288651132505265,512,64,64,64,363328,59650,55143,66820,0,7,15,581598,,0
300001,combined,0,0,0,16,0,RECOMMENDATION,0.004707157556259175,0.019007770146505485,512,64,64,64,362427,97497,116636,72530,0,7,15,616651,,0
300001,combined,0,0,0,17,0,RECOMMENDATION,0.0048936899146323973,0.057574290142549896,512,64,64,64,472473,45709,58668,66550,0,7,15,618744,,0
300001,combined,0,0,0,18,0,RECOMMENDATION,0.0052505768876466531,0.027743404976825405,512,64,64,64,362678,44908,79109,70758,0,7,15,609229,,0
300001,combined,0,0,0,19,0,RECOMMENDATION,0.0028832730150737825,0.017611856011640004,512,64,64,64,363228,45679,59590,67672,0,7,15,942071,,0
300001,combined,0,0,0,20,0,RECOMMENDATION,0.0027343279741460641,0.012854860729164639,512,64,64,64,358682,47331,58308,67471,0,7,15,591433,,0
300001,combined,0,0,0,21,0,RECOMMENDATION,0.0041106909974456844,0.014970332940325268,512,64,64,64,362277,45138,60691,68233,0,7,15,601908,,0
300001,combined,0,0,0,22,0,RECOMMENDATION,0.0058348735347236412,0.037354202515079607,512,64,64,64,392523,46791,60201,71468,0,7,15,683382,,0
300001,combined,0,0,0,23,3,RECOMMENDATION,0.68651024154674067,1.1552100127581961,512,512,464,456,456048,368306,465182,618984,0,4,61,612624,,0
300001,combined,0,0,0,24,3,RECOMMENDATION,0.73575981804692259,1.2514228637567808,512,512,480,448,382277,377970,458552,426704,0,4,60,663892,,0
300001,combined,0,0,0,25,6,RECOMMENDATION,0.66614601600859413,1.0254125545380555,512,512,480,448,365672,399553,467636,433925,0,4,60,593867,,0
300001,combined,0,0,0,26,3,RECOMMENDATION,0.77663153504108007,1.1520972160994143,512,512,496,496,565443,402367,476389,515437,0,2,64,582830,,0
300001,combined,0,0,0,27,6,RECOMMENDATION,0.15008641601038147,0.5376280077530361,512,448,328,320,378602,364480,309758,311591,0,6,46,643391,,0
300001,combined,0,0,0,28,0,RECOMMENDATION,0.039064517212165965,0.21961457472293056,512,192,120,80,382347,141384,107723,81583,0,7,17,653877,,0
300001,combined,0,0,0,29,0,RECOMMENDATION,0.041610484168738124,0.33593322082418092,512,192,112,80,368576,136106,101884,97738,0,7,17,586856,,0
300001,combined,0,0,0,30,0,RECOMMENDATION,0.048535630079963074,0.27075066694628086,512,192,112,80,482197,137578,127022,90137,0,7,17,650051,,0
300001,combined,0,0,0,31,0,RECOMMENDATION,0.093562706241079707,0.44874678678264851,512,320,248,144,388447,229937,227824,147523,0,7,25,641238,,0
300001,combined,0,0,0,32,0,RECOMMENDATION,0.12016685798249746,0.46116279748845612,512,384,272,160,366894,283158,388256,168895,0,7,27,604392,,0
300001,combined,0,0,0,33,6,RECOMMENDATION,0.13547503556699328,0.73225853197728652,512,384,304,288,535398,274604,285321,272391,0,5,41,600146,,0
300001,combined,0,0,0,34,0,RECOMMENDATION,0.05565197140808989,0.49410533262157985,512,320,144,96,365662,319162,146021,92691,0,7,19,602620,,0
300001,combined,0,0,0,35,0,RECOMMENDATION,0.05984368077258672,0.51132718618776929,512,320,168,96,383368,226812,142045,97547,0,7,19,595890,,0
300001,combined,0,0,0,36,0,RECOMMENDATION,0.013984663927872794,0.17109269119427956,512,64,64,64,362807,48303,57918,67211,0,7,15,788931,,0
300001,combined,0,0,0,37,0,RECOMMENDATION,0.025005517534524829,0.24551398964367585,512,64,64,64,400284,45839,61993,123496,0,7,15,636340,,0
300001,combined,0,0,0,38,0,RECOMMENDATION,0.024345875822812762,0.25633183586671138,512,64,64,64,611783,48073,57797,73120,0,7,15,628309,,0
300001,combined,0,0,0,39,0,RECOMMENDATION,0.019806283394272393,0.1532366092766099,512,64,64,64,426964,47342,61463,71848,0,7,15,618864,,0
300001,combined,0,0,0,40,4,RECOMMENDATION,0.064951394274485888,0.31631239490208163,512,320,184,152,380544,232922,164048,167573,0,6,25,609109,,0
300001,combined,0,0,0,41,0,RECOMMENDATION,0.027942853569550518,0.30373217120828516,512,64,64,64,378571,47301,61062,68414,0,7,15,596490,,0
300001,combined,0,0,0,42,0,RECOMMENDATION,0.0040251047017820559,0.030285137286370681,512,64,64,64,364870,45688,58298,70886,0,7,15,592715,,0
300001,combined,0,0,0,43,0,RECOMMENDATION,0.0099809913702627977,0.087428370695701155,512,64,64,64,367104,45899,58768,68623,0,7,15,637733,,0
300001,combined,0,0,0,44,4,RECOMMENDATION,0.070366964290899073,0.27909186431752531,512,320,200,160,366383,233883,179861,174042,0,6,26,614488,,0
300001,combined,0,0,0,45,0,RECOMMENDATION,0.0089163288727552425,0.0280653508957391,512,64,64,64,363038,46570,65428,71788,0,7,15,860149,,0
300001,combined,0,0,0,46,0,RECOMMENDATION,0.0029323780749021915,0.035389556476499759,512,64,64,64,439503,46260,74002,68343,0,7,15,616561,,0
300001,combined,0,0,0,47,0,RECOMMENDATION,0.013661893710591774,0.21433992103487939,512,64,64,64,385272,44677,54442,65148,0,7,15,674118,,0
300001,combined,0,0,0,48,0,RECOMMENDATION,0.057496581770514012,0.29541350424356067,512,320,176,144,361165,230858,154964,136226,0,7,25,596380,,0
300001,combined,0,0,0,49,0,RECOMMENDATION,0.007696238575227019,0.12957400392114965,512,64,64,64,373063,45478,55424,64527,0,7,15,590702,,0
300001,combined,0,0,0,50,0,RECOMMENDATION,0.038511519911451457,0.23738051759615134,512,192,88,80,388506,135765,77647,84918,0,7,17,642850,,0
300001,combined,0,0,0,51,0,RECOMMENDATION,0.014924463650844648,0.18868736402085742,512,64,64,64,362086,44688,53961,64798,0,7,15,641188,,0
300001,combined,0,0,0,52,0,RECOMMENDATION,0.022307838330389358,0.28025328940487565,512,64,64,64,364490,46971,57537,66151,0,7,15,622699,,0
300001,combined,0,0,0,53,0,RECOMMENDATION,0.024438210168679281,0.15141112605228263,512,64,64,64,364431,47171,60031,68273,0,7,15,654858,,0
300001,combined,0,0,0,54,0,RECOMMENDATION,0.045819304436666181,0.36334065399503079,512,192,136,80,377259,136677,120702,86251,0,7,17,588488,,0
300001,combined,0,0,0,55,0,RECOMMENDATION,0.011893323399680498,0.17470764274635484,512,64,64,64,378462,46180,55033,64397,0,7,15,584122,,0
300001,combined,0,0,0,56,0,RECOMMENDATION,0.0050684182359293445,0.069790193655198438,512,64,64,64,361045,47872,55814,84058,0,7,15,678674,,0
300001,combined,0,0,0,57,0,RECOMMENDATION,0.0086801492278015847,0.11740431653911043,512,64,64,64,376058,45278,57597,63796,0,7,15,594087,,0
300001,combined,0,0,0,58,0,RECOMMENDATION,0.0070147510657704295,0.099452022534034651,512,64,64,64,356839,44697,71287,66050,0,7,15,636470,,0
300001,combined,0,0,1,0,0,RECOMMENDATION,0.019139569096537176,0.21554353079332433,512,64,64,64,428237,47992,55884,66811,0,7,15,634117,,0
300001,combined,0,0,1,1,0,RECOMMENDATION,0.021290216664442939,0.24731234431767066,512,64,64,64,361456,45448,73080,68573,0,7,15,615009,,0
300001,combined,0,0,1,2,0,RECOMMENDATION,0.058354307820746479,0.47175880944575588,512,320,144,96,462808,250388,120873,100131,0,7,19,851355,,0
300001,combined,0,0,1,3,0,RECOMMENDATION,0.024224163806627442,0.20944925763644368,512,64,64,64,397409,45379,55233,66231,0,7,15,589019,,0
300001,combined,0,0,1,4,0,RECOMMENDATION,0.023608398462937344,0.25172047323935914,512,64,64,64,360113,46430,55424,63296,0,7,15,592395,,0
300001,combined,0,0,1,5,0,RECOMMENDATION,0.022513502948198059,0.31325676147910697,512,64,64,64,414115,45859,56244,63466,0,7,15,588518,,0
300001,combined,0,0,1,6,0,RECOMMENDATION,0.026062567000968449,0.30872373128889813,512,64,64,64,359293,45749,56996,67311,0,7,15,600486,,0
300001,combined,0,0,1,7,0,RECOMMENDATION,0.015660969922074875,0.12048814519348749,512,64,64,64,365362,64026,57687,68163,0,7,15,658334,,0
300001,combined,0,0,1,8,0,RECOMMENDATION,0.015037037843502906,0.17922113067844578,512,64,64,64,376037,46100,55464,66942,0,7,15,608318,,0
300001,combined,0,0,1,9,0,RECOMMENDATION,0.08027288833502344,0.37591137869206404,512,320,208,120,369829,228164,208565,115384,0,7,22,617302,,0
300001,combined,0,0,1,10,6,RECOMMENDATION,0.13857263920593776,0.66903590044038996,512,384,272,200,381576,276217,250918,195276,0,6,31,621177,,0
300001,combined,0,0,1,11,0,RECOMMENDATION,0.0050950481495415766,0.018178303950043863,512,64,64,64,366143,45659,59641,70075,0,7,15,595819,,0
300001,combined,0,0,1,12,0,RECOMMENDATION,0.010829659195666634,0.076629708641569191,512,64,64,64,366213,48103,60802,70858,0,7,15,595168,,0
300001,combined,0,0,1,13,0,RECOMMENDATION,0.0042170701086326661,0.027883089899605296,512,64,64,64,375827,45679,60862,68133,0,7,15,602029,,0
300001,combined,0,0,1,14,0,RECOMMENDATION,0.0014425763200690291,0.01446710234655306,512,64,64,64,401285,45428,54612,210577,0,7,15,629680,,0
300001,combined,0,0,1,15,0,RECOMMENDATION,0.001395092124786121,0.0083288651132505265,512,64,64,64,359252,44877,54292,66540,0,7,15,592304,,0
300001,combined,0,0,1,16,0,RECOMMENDATION,0.004707157556259175,0.019007770146505485,512,64,64,64,360594,48824,59470,71448,0,7,15,626185,,0
300001,combined,0,0,1,17,0,RECOMMENDATION,0.0048936899146323973,0.057574290142549896,512,64,64,64,361806,44898,57737,65969,0,7,15,600116,,0
300001,combined,0,0,1,18,0,RECOMMENDATION,0.0052505768876466531,0.027743404976825405,512,64,64,64,364049,44968,78529,71668,0,7,15,594016,,0
300001,combined,0,0,1,19,0,RECOMMENDATION,0.0028832730150737825,0.017611856011640004,512,64,64,64,378892,46581,72760,66820,0,7,15,578924,,0
300001,combined,0,0,1,20,0,RECOMMENDATION,0.0027343279741460641,0.012854860729164639,512,64,64,64,358391,46851,57707,82876,0,7,15,582990,,0
300001,combined,0,0,1,21,0,RECOMMENDATION,0.0041106909974456844,0.014970332940325268,512,64,64,64,604612,46430,62975,70927,0,7,15,731644,,0
300001,combined,0,0,1,22,0,RECOMMENDATION,0.0058348735347236412,0.037354202515079607,512,64,64,64,411592,76025,60782,74302,0,7,15,725726,,0
300001,combined,0,0,1,23,3,RECOMMENDATION,0.68651024154674067,1.1552100127581961,512,512,400,288,404731,366353,495948,287514,4,0,40,654157,,0
300001,combined,0,0,1,24,6,RECOMMENDATION,0.82354010993163429,1.1381386578223232,512,512,184,120,401897,378311,167613,118379,7,0,22,613916,,0
300001,combined,0,0,1,25,3,RECOMMENDATION,0.81822251517247879,0.95175267269133523,512,512,440,392,467305,383439,452953,408125,2,1,52,595759,,0
300001,combined,0,0,1,26,3,RECOMMENDATION,0.82517405127834009,1.060126137000557,512,512,504,168,533695,468136,486385,171078,6,1,28,602139,,0
300001,combined,0,0,1,27,6,RECOMMENDATION,0.12663167073923537,0.44634349866040129,512,384,320,312,378841,383529,308386,307955,0,5,44,610892,,0
300001,combined,0,0,1,28,0,RECOMMENDATION,0.039711450247379404,0.20955886612031893,512,192,120,80,404962,142345,109285,83236,0,7,17,645034,,0
300001,combined,0,0,1,29,0,RECOMMENDATION,0.042849015882878844,0.31449106750800843,512,192,112,80,370159,140412,104117,113741,0,7,17,637482,,0
300001,combined,0,0,1,30,0,RECOMMENDATION,0.050840407638524931,0.26262498577109689,512,320,128,96,371611,325381,116295,139971,0,7,19,701869,,0
300001,combined,0,0,1,31,0,RECOMMENDATION,0.096586865870282021,0.44603262708389468,512,320,248,152,407034,231439,227604,152270,0,7,26,615489,,0
300001,combined,0,0,1,32,6,RECOMMENDATION,0.12569047306766029,0.46454647472860927,512,384,288,200,376217,281115,352402,189026,0,6,31,606465,,0
300001,combined,0,0,1,33,6,RECOMMENDATION,0.12466811406579334,0.69933110340309002,512,384,288,232,402768,274334,270128,221694,0,6,35,596641,,0
300001,combined,0,0,1,34,0,RECOMMENDATION,0.048276517725090243,0.45779982883009185,512,192,104,80,365322,136025,89114,78459,0,7,17,593125,,0
300001,combined,0,0,1,35,0,RECOMMENDATION,0.055474491648267073,0.48374757948024882,512,320,168,96,366573,239651,141894,97677,0,7,19,658574,,0
300001,combined,0,0,1,36,0,RECOMMENDATION,0.012226688240691888,0.1591864331525748,512,64,64,64,399033,60140,56666,65809,0,7,15,644984,,0
300001,combined,0,0,1,37,0,RECOMMENDATION,0.024297052630049516,0.24365370785090237,512,64,64,64,365762,45508,57657,68903,0,7,15,629871,,0
300001,combined,0,0,1,38,0,RECOMMENDATION,0.02414456354541266,0.25705936457654172,512,64,64,64,390690,47211,110497,76595,0,7,15,902622,,0
300001,combined,0,0,1,39,0,RECOMMENDATION,0.019738258104880686,0.15628281497769322,512,64,64,64,488217,46960,61072,72359,0,7,15,598103,,0
300001,combined,0,0,1,40,4,RECOMMENDATION,0.068973359851475,0.33090477695296117,512,320,192,152,457711,231970,171109,152600,0,6,25,646696,,0
300001,combined,0,0,1,41,0,RECOMMENDATION,0.032851223967011567,0.32880484050888531,512,192,88,80,382467,136526,78849,81172,0,7,17,581668,,0
300001,combined,0,0,1,42,0,RECOMMENDATION,0.0040441455859062652,0.041089525813350798,512,64,64,64,361105,44998,58308,86249,0,7,15,596090,,0
300001,combined,0,0,1,43,0,RECOMMENDATION,0.012876088006388786,0.12381561845247296,512,64,64,64,369838,46771,58138,69275,0,7,15,635850,,0
300001,combined,0,0,1,44,4,RECOMMENDATION,0.086401289091163805,0.32559843459699611,512,320,224,168,365712,235435,205821,204469,0,6,27,670161,,0
300001,combined,0,0,1,45,0,RECOMMENDATION,0.0075721788143991928,0.025184986178272247,512,64,64,64,362307,46380,64077,70857,0,7,15,653977,,0
300001,combined,0,0,1,46,0,RECOMMENDATION,0.0040373522666491612,0.063875452587468851,512,64,64,64,359022,44928,58328,65899,0,7,15,607978,,0
300001,combined,0,0,1,47,0,RECOMMENDATION,0.020449814944846888,0.28514978475509023,512,64,64,64,387405,45399,55474,65849,0,7,15,892807,,0
300001,combined,0,0,1,48,4,RECOMMENDATION,0.075720731422140239,0.28635565153826797,512,320,232,168,378231,250198,205821,157258,0,6,27,656951,,0
300001,combined,0,0,1,49,0,RECOMMENDATION,0.0096285998637356263,0.16784816413677545,512,64,64,64,611022,45719,55174,69716,0,7,15,579534,,0
300001,combined,0,0,1,50,0,RECOMMENDATION,0.031989566276555456,0.22035379460922427,512,192,80,80,400324,215615,73931,83125,0,7,17,596260,,0
300001,combined,0,0,1,51,0,RECOMMENDATION,0.013809579076441378,0.18228199475731699,512,64,64,64,362006,45048,53020,64307,0,7,15,625725,,0
300001,combined,0,0,1,52,0,RECOMMENDATION,0.027646623565979349,0.34943835914724342,512,64,64,64,386554,48803,57607,67031,0,7,15,798255,,0
300001,combined,0,0,1,53,0,RECOMMENDATION,0.022517291838664886,0.14252507901870648,512,64,64,64,363068,45659,60060,68523,0,7,15,701018,,0
300001,combined,0,0,1,54,0,RECOMMENDATION,0.047400142281552114,0.40093780485630975,512,192,128,80,363739,170538,111158,87522,0,7,17,857124,,0
300001,combined,0,0,1,55,0,RECOMMENDATION,0.018003470593963324,0.2259831966944994,512,64,64,64,380204,46070,54652,91617,0,7,15,586426,,0
300001,combined,0,0,1,56,0,RECOMMENDATION,0.0055285611817342808,0.080258182240601536,512,64,64,64,458041,60862,55114,65499,0,7,15,576279,,0
300001,combined,0,0,1,57,0,RECOMMENDATION,0.013037848925177465,0.16260297294862133,512,64,64,64,363869,45178,116696,67342,0,7,15,616961,,0
300001,combined,0,0,1,58,0,RECOMMENDATION,0.016395287782215218,0.20886967403563825,512,64,64,64,361216,44817,71978,70887,0,7,15,654438,,0
300001,combined,0,0.34999999999999998,0,0,0,RECOMMENDATION,0.087880955690412682,0.21554353079332433,512,320,192,104,360795,239962,195055,181624,0,7,20,1630782,,0
300001,combined,0,0.34999999999999998,0,1,0,RECOMMENDATION,0.10039796134307263,0.24731234431767066,512,320,216,96,375767,227192,188254,99441,0,7,19,671764,,0
300001,combined,0,0.34999999999999998,0,2,0,RECOMMENDATION,0.20304588338949978,0.47175880944575588,512,448,296,112,364120,462659,321435,413605,0,7,21,698975,,0
300001,combined,0,0.34999999999999998,0,3,0,RECOMMENDATION,0.089052946647063119,0.20944925763644368,512,320,120,96,364200,224119,99109,95774,0,7,19,623621,,0
300001,combined,0,0.34999999999999998,0,4,0,RECOMMENDATION,0.10344762463468497,0.25172047323935914,512,320,136,96,365011,235275,113922,153192,0,7,19,640486,,0
300001,combined,0,0.34999999999999998,0,5,0,RECOMMENDATION,0.12427364343401617,0.31325676147910697,512,384,168,104,358942,295386,228806,97107,0,7,20,608388,,0
300001,combined,0,0.34999999999999998,0,6,0,RECOMMENDATION,0.12499397450174383,0.30872373128889813,512,384,128,104,375117,267974,150176,99610,0,7,20,633066,,0
300001,combined,0,0.34999999999999998,0,7,0,RECOMMENDATION,0.052350481267069295,0.12048814519348749,512,320,152,96,366613,226332,129736,110918,0,7,19,611763,,0
300001,combined,0,0.34999999999999998,0,8,0,RECOMMENDATION,0.072501470335732912,0.17922113067844578,512,320,136,96,415097,244629,197709,94774,0,7,19,671263,,0
300001,combined,0,0.34999999999999998,0,9,0,RECOMMENDATION,0.18374635995998764,0.37591137869206404,512,448,200,120,394916,319102,226511,114003,0,7,22,622599,,0
300001,combined,0,0.34999999999999998,0,10,6,RECOMMENDATION,0.32423478063799605,0.66903590044038996,512,512,328,208,368786,445272,299312,233582,0,6,32,606866,,0
300001,combined,0,0.34999999999999998,0,11,0,RECOMMENDATION,0.0096741876797173769,0.018178303950043863,512,64,64,64,393354,48013,284409,73351,0,7,15,1535437,,0
300001,combined,0,0.34999999999999998,0,12,0,RECOMMENDATION,0.033859676501732529,0.076629708641569191,512,192,80,80,449568,143086,78499,223056,0,7,17,629360,,0
300001,combined,0,0.34999999999999998,0,13,0,RECOMMENDATION,0.012500177035473086,0.027883089899605296,512,64,64,64,362528,45669,61232,102946,0,7,15,585804,,0
300001,combined,0,0.34999999999999998,0,14,0,RECOMMENDATION,0.00600116042933844,0.01446710234655306,512,64,64,64,357780,45098,54412,67071,0,7,15,855031,,0
300001,combined,0,0.34999999999999998,0,15,0,RECOMMENDATION,0.0038219126707486626,0.0083288651132505265,512,64,64,64,629840,45719,55183,69305,0,7,15,878746,,0
300001,combined,0,0.34999999999999998,0,16,0,RECOMMENDATION,0.0097123719628453842,0.019007770146505485,512,64,64,64,361876,51778,60501,72810,0,7,15,777484,,0
300001,combined,0,0.34999999999999998,0,17,0,RECOMMENDATION,0.023331899994403521,0.057574290142549896,512,64,64,64,416218,95164,58959,168544,0,7,15,647718,,0
300001,combined,0,0.34999999999999998,0,18,0,RECOMMENDATION,0.013123066718859214,0.027743404976825405,512,64,64,64,456379,45509,58608,72659,0,7,15,591393,,0
300001,combined,0,0.34999999999999998,0,19,0,RECOMMENDATION,0.0080382770638719597,0.017611856011640004,512,64,64,64,361266,45899,56315,68904,0,7,15,605124,,0
300001,combined,0,0.34999999999999998,0,20,0,RECOMMENDATION,0.0062765144384025655,0.012854860729164639,512,64,64,64,357970,47061,58438,67232,0,7,15,593375,,0
300001,combined,0,0.34999999999999998,0,21,0,RECOMMENDATION,0.0079115656774535383,0.014970332940325268,512,64,64,64,375747,45399,60361,68964,0,7,15,654968,,0
300001,combined,0,0.34999999999999998,0,22,0,RECOMMENDATION,0.016866638677848229,0.037354202515079607,512,64,64,64,393965,45779,61774,72038,0,7,15,645394,,0
300001,combined,0,0.34999999999999998,0,23,3,RECOMMENDATION,0.85055516147075005,1.1552100127581961,512,512,448,416,377570,367124,570150,640557,0,4,56,685905,,0
300001,combined,0,0.34999999999999998,0,24,3,RECOMMENDATION,0.91624188404537299,1.2514228637567808,512,512,456,416,400304,402798,473725,394455,0,4,56,666436,,0
300001,combined,0,0.34999999999999998,0,25,6,RECOMMENDATION,0.7918893044939056,1.0254125545380555,512,512,440,400,440214,364980,445372,476388,0,5,55,590622,,0
300001,combined,0,0.34999999999999998,0,26,3,RECOMMENDATION,0.90804452341149711,1.1520972160994143,512,512,504,472,399202,377349,495088,476399,0,3,62,612214,,0
300001,combined,0,0.34999999999999998,0,27,3,RECOMMENDATION,0.22111445108704619,0.25527490529000352,512,448,344,304,488727,363829,323178,333483,0,6,44,598614,,0
300001,combined,0,0.34999999999999998,0,28,0,RECOMMENDATION,0.13323058682706374,0.19968402791870088,512,384,216,184,393463,315977,200613,185790,0,7,30,821270,,0
300001,combined,0,0.34999999999999998,0,29,0,RECOMMENDATION,0.088712060524039932,0.11755731788942975,512,320,152,152,421666,233923,142575,290909,0,7,26,655279,,0
300001,combined,0,0.34999999999999998,0,30,6,RECOMMENDATION,0.19733910245331437,0.31685166202811882,512,448,328,344,417369,333343,477311,356748,0,6,49,720037,,0
300001,combined,0,0.34999999999999998,0,31,6,RECOMMENDATION,0.20371196593295404,0.38351709127982542,512,448,320,192,414416,321165,333313,196016,0,6,30,714027,,0
300001,combined,0,0.34999999999999998,0,32,6,RECOMMENDATION,0.19420063754925762,0.35640044136740656,512,448,312,216,418282,329297,292581,210588,0,6,33,653897,,0
300001,combined,0,0.34999999999999998,0,33,6,RECOMMENDATION,0.24902169204111141,0.54229927235580655,512,448,256,208,379713,352272,377170,197047,0,6,32,597181,,0
300001,combined,0,0.34999999999999998,0,34,0,RECOMMENDATION,0.12470404191644226,0.29900097493388089,512,384,192,104,382728,276347,170968,101642,0,7,20,586606,,0
300001,combined,0,0.34999999999999998,0,35,0,RECOMMENDATION,0.14890701778786727,0.35859656022911968,512,384,216,104,434306,408456,184708,105889,0,7,20,662880,,0
300001,combined,0,0.34999999999999998,0,36,0,RECOMMENDATION,0.042224234956920265,0.10473367323551418,512,192,80,80,363028,136947,71308,82405,0,7,17,653616,,0
300001,combined,0,0.34999999999999998,0,37,0,RECOMMENDATION,0.093968949755071585,0.22632116499053476,512,320,104,96,377079,244820,88213,98338,0,7,19,654097,,0
300001,combined,0,0.34999999999999998,0,38,0,RECOMMENDATION,0.104100473342223,0.24518815260759014,512,320,160,96,369678,226492,138208,136416,0,7,19,751104,,0
300001,combined,0,0.34999999999999998,0,39,0,RECOMMENDATION,0.086143102850892342,0.19365984997098196,512,320,176,96,397630,226412,149375,94402,0,7,19,689150,,0
300001,combined,0,0.34999999999999998,0,40,4,RECOMMENDATION,0.1824216674537523,0.37272604647342045,512,448,232,168,484471,331791,204438,191158,0,6,27,598793,,0
300001,combined,0,0.34999999999999998,0,41,4,RECOMMENDATION,0.13211282429119431,0.28196038573245019,512,384,168,160,363038,268776,170808,204329,0,6,26,584832,,0
300001,combined,0,0.34999999999999998,0,42,0,RECOMMENDATION,0.016333228635675604,0.042129990830385919,512,64,64,64,373183,45068,69755,64647,0,7,15,631043,,0
300001,combined,0,0.34999999999999998,0,43,0,RECOMMENDATION,0.034263941029373517,0.085058276944150163,512,192,112,80,421927,133772,96706,80331,0,7,17,592314,,0
300001,combined,0,0.34999999999999998,0,44,4,RECOMMENDATION,0.15523402367958453,0.29648722093038826,512,448,208,168,415006,327955,183096,162555,0,6,27,670492,,0
300001,combined,0,0.34999999999999998,0,45,0,RECOMMENDATION,0.053909780495951937,0.12614770600046457,512,320,136,96,362858,223237,156687,129806,0,7,19,600116,,0
300001,combined,0,0.34999999999999998,0,46,0,RECOMMENDATION,0.12870910139089164,0.28258630432681392,512,384,144,104,393013,274815,353965,110767,0,7,20,688900,,0
300001,combined,0,0.34999999999999998,0,47,6,RECOMMENDATION,0.24013160103002884,0.50501591880786145,512,448,312,176,371281,403840,362037,170388,0,6,28,603991,,0
300001,combined,0,0.34999999999999998,0,48,6,RECOMMENDATION,0.20139350090466318,0.3853790789942097,512,448,296,240,364380,326513,266432,250017,0,5,35,686837,,0
300001,combined,0,0.34999999999999998,0,49,5,RECOMMENDATION,0.141786298258959,0.30938491208406343,512,384,184,160,478202,292141,161093,155415,0,6,26,758916,,0
300001,combined,0,0.34999999999999998,0,50,0,RECOMMENDATION,0.10468509050282526,0.2480625905554906,512,320,104,96,385862,227824,99270,110446,0,7,19,589009,,0
300001,combined,0,0.34999999999999998,0,51,0,RECOMMENDATION,0.080088747369353688,0.19953603124945724,512,320,160,96,387796,225791,132090,94353,0,7,19,837534,,0
300001,combined,0,0.34999999999999998,0,52,0,RECOMMENDATION,0.1920943736708462,0.42934151233228923,512,448,280,112,392312,326513,248335,107472,0,7,21,778485,,0
300001,combined,0,0.34999999999999998,0,53,0,RECOMMENDATION,0.023640245232171807,0.057376471759570433,512,64,64,64,361005,45669,71798,65239,0,7,15,596991,,0
300001,combined,0,0.34999999999999998,0,54,0,RECOMMENDATION,0.17982448645670165,0.43740666871509815,512,448,256,112,364390,368967,396538,112329,0,7,21,597893,,0
300001,combined,0,0.34999999999999998,0,55,5,RECOMMENDATION,0.15640113260402277,0.31446049063475123,512,448,192,168,396188,316318,168124,152470,0,6,27,581978,,0
300001,combined,0,0.34999999999999998,0,56,0,RECOMMENDATION,0.044262168148426172,0.10429248817094063,512,192,136,80,374015,138599,119170,82705,0,7,17,589691,,0
300001,combined,0,0.34999999999999998,0,57,0,RECOMMENDATION,0.11236615552983126,0.2564292319748771,512,320,200,96,364350,225791,236097,93902,0,7,19,656441,,0
300001,combined,0,0.34999999999999998,0,58,5,RECOMMENDATION,0.16485120023092747,0.32747151370516508,512,448,184,168,377640,317860,162005,169986,0,6,27,636241,,0
300001,combined,0,0.34999999999999998,1,0,0,RECOMMENDATION,0.087880955690412682,0.21554353079332433,512,320,192,104,369658,230798,162816,103817,0,7,20,639675,,0
300001,combined,0,0.34999999999999998,1,1,0,RECOMMENDATION,0.10039796134307263,0.24731234431767066,512,320,216,96,361015,223758,184308,110727,0,7,19,608659,,0
300001,combined,0,0.34999999999999998,1,2,0,RECOMMENDATION,0.20304588338949978,0.47175880944575588,512,448,296,112,361616,324560,250788,113471,0,7,21,599966,,0
300001,combined,0,0.34999999999999998,1,3,0,RECOMMENDATION,0.089052946647063119,0.20944925763644368,512,320,120,96,394195,224599,98398,95073,0,7,19,580446,,0
300001,combined,0,0.34999999999999998,1,4,0,RECOMMENDATION,0.10344762463468497,0.25172047323935914,512,320,136,96,396008,245981,114132,88573,0,7,19,590922,,0
300001,combined,0,0.34999999999999998,1,5,0,RECOMMENDATION,0.12427364343401617,0.31325676147910697,512,384,168,104,374455,270088,138840,95924,0,7,20,623431,,0
300001,combined,0,0.34999999999999998,1,6,0,RECOMMENDATION,0.12499397450174383,0.30872373128889813,512,384,128,104,360364,294935,131178,113602,0,7,20,636280,,0
300001,combined,0,0.34999999999999998,1,7,0,RECOMMENDATION,0.052350481267069295,0.12048814519348749,512,320,152,96,385041,225841,320283,100712,0,7,19,622329,,0
300001,combined,0,0.34999999999999998,1,8,0,RECOMMENDATION,0.072501470335732912,0.17922113067844578,512,320,136,96,379233,227553,166741,120222,0,7,19,624733,,0
300001,combined,0,0.34999999999999998,1,9,0,RECOMMENDATION,0.18374635995998764,0.37591137869206404,512,448,200,120,630993,363128,178309,112801,0,7,22,603200,,0
300001,combined,0,0.34999999999999998,1,10,6,RECOMMENDATION,0.32423478063799605,0.66903590044038996,512,512,328,208,408256,363899,361035,263999,0,6,32,581057,,0
300001,combined,0,0.34999999999999998,1,11,0,RECOMMENDATION,0.0096741876797173769,0.018178303950043863,512,64,64,64,394104,46801,59660,70627,0,7,15,630111,,0
300001,combined,0,0.34999999999999998,1,12,0,RECOMMENDATION,0.033859676501732529,0.076629708641569191,512,192,80,80,364310,141734,74222,84917,0,7,17,647247,,0
300001,combined,0,0.34999999999999998,1,13,0,RECOMMENDATION,0.012500177035473086,0.027883089899605296,512,64,64,64,360694,57807,60612,67883,0,7,15,603581,,0
300001,combined,0,0.34999999999999998,1,14,0,RECOMMENDATION,0.00600116042933844,0.01446710234655306,512,64,64,64,372032,45780,88013,64386,0,7,15,632054,,0
300001,combined,0,0.34999999999999998,1,15,0,RECOMMENDATION,0.0038219126707486626,0.0083288651132505265,512,64,64,64,376638,45719,55033,67461,0,7,15,603901,,0
300001,combined,0,0.34999999999999998,1,16,0,RECOMMENDATION,0.0097123719628453842,0.019007770146505485,512,64,64,64,361646,48083,59921,69235,0,7,15,609530,,0
300001,combined,0,0.34999999999999998,1,17,0,RECOMMENDATION,0.023331899994403521,0.057574290142549896,512,64,64,64,358431,44848,57577,65800,0,7,15,617863,,0
300001,combined,0,0.34999999999999998,1,18,0,RECOMMENDATION,0.013123066718859214,0.027743404976825405,512,64,64,64,386313,45158,58619,70035,0,7,15,591833,,0
300001,combined,0,0.34999999999999998,1,19,0,RECOMMENDATION,0.0080382770638719597,0.017611856011640004,512,64,64,64,362597,45188,82004,67581,0,7,15,660377,,0
300001,combined,0,0.34999999999999998,1,20,0,RECOMMENDATION,0.0062765144384025655,0.012854860729164639,512,64,64,64,412623,47662,58679,71298,0,7,15,627728,,0
300001,combined,0,0.34999999999999998,1,21,0,RECOMMENDATION,0.0079115656774535383,0.014970332940325268,512,64,64,64,384711,47321,62714,69616,0,7,15,701278,,0
300001,combined,0,0.34999999999999998,1,22,0,RECOMMENDATION,0.016866638677848229,0.037354202515079607,512,64,64,64,382166,47441,60061,70736,0,7,15,593806,,0
300001,combined,0,0.34999999999999998,1,23,3,RECOMMENDATION,0.85055516147075005,1.1552100127581961,512,512,392,288,420594,367645,380885,282516,4,0,40,593085,,0
300001,combined,0,0.34999999999999998,1,24,6,RECOMMENDATION,0.9336496016933753,1.1381386578223232,512,512,184,120,369728,390520,164138,116205,7,0,22,582529,,0
300001,combined,0,0.34999999999999998,1,25,3,RECOMMENDATION,0.86495807030407845,0.95175267269133523,512,512,432,384,384741,406053,495227,441887,2,1,51,593606,,0
300001,combined,0,0.34999999999999998,1,26,3,RECOMMENDATION,0.90740728128111603,1.060126137000557,512,512,504,160,384691,372823,541047,173643,6,1,27,608528,,0
300001,combined,0,0.34999999999999998,1,27,6,RECOMMENDATION,0.23853081051164343,0.44634349866040129,512,448,368,360,402257,320213,366113,368807,0,6,51,592064,,0
300001,combined,0,0.34999999999999998,1,28,0,RECOMMENDATION,0.09915804580290824,0.20955886612031893,512,320,184,96,367695,235866,200143,97197,0,7,19,628689,,0
300001,combined,0,0.34999999999999998,1,29,0,RECOMMENDATION,0.13792373395167418,0.31449106750800843,512,384,192,104,402137,275556,172771,109326,0,7,20,617702,,0
300001,combined,0,0.34999999999999998,1,30,0,RECOMMENDATION,0.12496500998492512,0.26262498577109689,512,384,184,104,370129,322937,173903,112359,0,7,20,610761,,0
300001,combined,0,0.34999999999999998,1,31,0,RECOMMENDATION,0.21889288229504644,0.44603262708389468,512,448,328,120,387444,329878,302797,120793,0,7,22,585704,,0
300001,combined,0,0.34999999999999998,1,32,6,RECOMMENDATION,0.24429007364899241,0.46454647472860927,512,448,328,184,366784,328847,332622,172571,0,6,29,625244,,0
300001,combined,0,0.34999999999999998,1,33,6,RECOMMENDATION,0.32580016033384718,0.69933110340309002,512,512,288,240,385362,427836,262867,268516,0,6,36,590421,,0
300001,combined,0,0.34999999999999998,1,34,0,RECOMMENDATION,0.19160967661184078,0.45779982883009185,512,448,224,112,397380,1108072,197027,106191,0,7,21,841670,,0
300001,combined,0,0.34999999999999998,1,35,0,RECOMMENDATION,0.20537007238946067,0.48374757948024882,512,448,248,112,365382,351650,272721,141082,0,7,21,635289,,0
300001,combined,0,0.34999999999999998,1,36,0,RECOMMENDATION,0.063662598959850908,0.1591864331525748,512,320,112,96,364160,258109,95043,96376,0,7,19,737473,,0
300001,combined,0,0.34999999999999998,1,37,0,RECOMMENDATION,0.10107188195734801,0.24365370785090237,512,320,128,96,393885,228184,108684,97147,0,7,19,670261,,0
300001,combined,0,0.34999999999999998,1,38,0,RECOMMENDATION,0.10566474390630783,0.25705936457654172,512,320,160,96,404320,268054,138068,94453,0,7,19,588068,,0
300001,combined,0,0.34999999999999998,1,39,0,RECOMMENDATION,0.06752885301036507,0.15628281497769322,512,320,152,96,369027,255045,134353,97467,0,7,19,663321,,0
300001,combined,0,0.34999999999999998,1,40,4,RECOMMENDATION,0.16064935583699513,0.33090477695296117,512,448,208,168,375917,340073,183246,164989,0,6,27,580917,,0
300001,combined,0,0.34999999999999998,1,41,4,RECOMMENDATION,0.11071278994082154,0.23222514464732633,512,320,168,152,360774,315687,179601,146922,0,6,25,869822,,0
300001,combined,0,0.34999999999999998,1,42,0,RECOMMENDATION,0.0054093990572596749,0.011157345617815695,512,64,64,64,386033,46330,58168,73301,0,7,15,649560,,0
300001,combined,0,0.34999999999999998,1,43,0,RECOMMENDATION,0.01863730700891179,0.043131550195302105,512,64,64,64,422067,46400,58298,69455,0,7,15,638714,,0
300001,combined,0,0.34999999999999998,1,44,4,RECOMMENDATION,0.10707650220843151,0.20729808550414441,512,320,192,152,390630,294906,187854,148084,0,6,25,686617,,0
300001,combined,0,0.34999999999999998,1,45,0,RECOMMENDATION,0.013918321387711485,0.025184986178272247,512,64,64,64,377540,46229,61833,68343,0,7,15,589930,,0
300001,combined,0,0.34999999999999998,1,46,0,RECOMMENDATION,0.020682138654411368,0.052631741689052609,512,64,64,64,398041,45619,54412,66210,0,7,15,580807,,0
300001,combined,0,0.34999999999999998,1,47,0,RECOMMENDATION,0.10209165137326665,0.25728701923335362,512,320,168,96,363329,223938,138339,128405,0,7,19,758274,,0
300001,combined,0,0.34999999999999998,1,48,0,RECOMMENDATION,0.12183700679539812,0.2609872334065107,512,384,216,112,358861,277198,202436,106240,0,7,21,622890,,0
300001,combined,0,0.34999999999999998,1,49,0,RECOMMENDATION,0.065005447359299598,0.16784816413677553,512,320,120,96,360584,262215,102645,160292,0,7,19,703162,,0
300001,combined,0,0.34999999999999998,1,50,4,RECOMMENDATION,0.095443485931535538,0.18912290124725478,512,320,152,152,363619,223758,132110,165279,0,6,25,594969,,0
300001,combined,0,0.34999999999999998,1,51,0,RECOMMENDATION,0.054743810168024279,0.14031000200222471,512,320,144,96,360484,222136,130367,195565,0,7,19,602810,,0
300001,combined,0,0.34999999999999998,1,52,0,RECOMMENDATION,0.13709584930634514,0.33672665186077994,512,384,264,104,357510,333433,227404,99049,0,7,20,585694,,0
300001,combined,0,0.34999999999999998,1,53,0,RECOMMENDATION,0.021663110341248473,0.052756855725463625,512,64,64,64,597582,46861,54933,63355,0,7,15,597682,,0
300001,combined,0,0.34999999999999998,1,54,0,RECOMMENDATION,0.13840053926934989,0.34409255861807042,512,384,200,104,452833,270498,168695,141743,0,7,20,634478,,0
300001,combined,0,0.34999999999999998,1,55,0,RECOMMENDATION,0.079623997891057438,0.19516254134502545,512,320,152,96,363779,236968,127282,90536,0,7,19,651013,,0
300001,combined,0,0.34999999999999998,1,56,0,RECOMMENDATION,0.01938741738218968,0.04934825326678572,512,64,64,64,601378,47161,70637,85129,0,7,15,600927,,0
300001,combined,0,0.34999999999999998,1,57,0,RECOMMENDATION,0.04731460901310048,0.11982270057849527,512,192,120,80,390320,133782,140532,80302,0,7,17,688939,,0
300001,combined,0,0.34999999999999998,1,58,0,RECOMMENDATION,0.092379431463138026,0.21952936467777229,512,320,120,96,368096,223828,101794,119970,0,7,19,600887,,0
300001,combined,0,1,0,0,4,RECOMMENDATION,0.20404338380820175,0.20404338380820175,512,448,240,168,376888,319543,200413,195245,0,6,27,636290,,0
300001,combined,0,1,0,1,0,RECOMMENDATION,0.2419389053718988,0.2419389053718988,512,448,336,112,360334,345512,291349,111017,0,7,21,643792,,0
300001,combined,0,1,0,2,0,RECOMMENDATION,0.44812287234044851,0.44812287234044851,512,512,320,120,365362,443309,276076,123117,0,7,22,1058598,,0
300001,combined,0,1,0,3,0,RECOMMENDATION,0.20279538527271579,0.20279538527271579,512,448,152,112,460826,394415,131699,114132,0,7,21,763904,,0
300001,combined,0,1,0,4,0,RECOMMENDATION,0.21647500934970187,0.21647500934970187,512,448,184,112,388727,318872,153111,101834,0,7,21,626866,,0
300001,combined,0,1,0,5,0,RECOMMENDATION,0.34852583528371806,0.34852583528371806,512,512,232,120,368226,360745,195205,184919,0,7,22,644022,,0
300001,combined,0,1,0,6,0,RECOMMENDATION,0.29580785421969991,0.29580785421969991,512,512,184,120,363699,399112,155945,114083,0,7,22,641157,,0
300001,combined,0,1,0,7,5,RECOMMENDATION,0.14870884204533288,0.14870884204533288,512,384,176,160,390079,274624,153742,173322,0,6,26,627107,,0
300001,combined,0,1,0,8,0,RECOMMENDATION,0.17922113067844583,0.17922113067844583,512,448,184,112,357860,395808,151158,104368,0,7,21,594016,,0
300001,combined,0,1,0,9,0,RECOMMENDATION,0.37591137869206415,0.37591137869206415,512,512,240,128,382407,380615,210487,121703,0,7,23,601458,,0
300001,combined,0,1,0,10,6,RECOMMENDATION,0.66903590044039041,0.66903590044039041,512,512,344,176,458082,381255,310328,172811,0,6,28,601467,,0
300001,combined,0,1,0,11,0,RECOMMENDATION,0.01817830395004396,0.01817830395004396,512,64,64,64,368707,45529,60241,72248,0,7,15,888972,,0
300001,combined,0,1,0,12,0,RECOMMENDATION,0.076629708641569289,0.076629708641569289,512,320,144,96,380334,234765,128104,97548,0,7,19,663622,,0
300001,combined,0,1,0,13,0,RECOMMENDATION,0.027883089899605345,0.027883089899605345,512,64,64,64,361876,45669,64037,70787,0,7,15,736272,,0
300001,combined,0,1,0,14,0,RECOMMENDATION,0.014467102346553098,0.014467102346553098,512,64,64,64,357469,45339,54252,64147,0,7,15,616961,,0
300001,combined,0,1,0,15,0,RECOMMENDATION,0.0083288651132505265,0.0083288651132505265,512,64,64,64,1131969,45949,55173,66841,0,7,15,632404,,0
300001,combined,0,1,0,16,0,RECOMMENDATION,0.019007770146505485,0.019007770146505485,512,64,64,64,474536,47632,59300,70826,0,7,15,636251,,0
300001,combined,0,1,0,17,0,RECOMMENDATION,0.057574290142550076,0.057574290142550076,512,320,192,96,385021,308335,268004,94803,0,7,19,1205650,,0
300001,combined,0,1,0,18,0,RECOMMENDATION,0.027743404976825533,0.027743404976825533,512,64,64,64,363389,45318,58379,104668,0,7,15,633536,,0
300001,combined,0,1,0,19,0,RECOMMENDATION,0.017611856011640004,0.017611856011640004,512,64,64,64,362938,46450,57036,67943,0,7,15,659835,,0
300001,combined,0,1,0,20,0,RECOMMENDATION,0.012854860729164639,0.012854860729164639,512,64,64,64,498332,50386,58578,69776,0,7,15,767989,,0
300001,combined,0,1,0,21,0,RECOMMENDATION,0.014970332940325268,0.014970332940325268,512,64,64,64,391691,45669,60922,69756,0,7,15,607166,,0
300001,combined,0,1,0,22,0,RECOMMENDATION,0.037354202515079704,0.037354202515079704,512,192,80,80,363519,137758,72700,84038,0,7,17,618663,,0
300001,combined,0,1,0,23,6,RECOMMENDATION,1.0461442450132226,1.0461442450132226,512,512,304,232,375186,644082,281926,239281,0,5,34,619575,,0
300001,combined,0,1,0,24,3,RECOMMENDATION,1.1545316245062529,1.1545316245062529,512,512,320,176,383519,390299,325992,175395,0,6,28,657532,,0
300001,combined,0,1,0,25,3,RECOMMENDATION,1.0675072217564352,1.0675072217564352,512,512,328,288,386263,404781,364871,402358,0,4,40,637512,,0
300001,combined,0,1,0,26,3,RECOMMENDATION,1.1138458098917412,1.1138458098917412,512,512,368,272,400694,372582,366473,280283,0,5,39,592163,,0
300001,combined,0,1,0,27,3,RECOMMENDATION,0.33353527808250721,0.33353527808250721,512,512,272,232,490921,374765,252991,257819,0,5,34,678854,,0
300001,combined,0,1,0,28,6,RECOMMENDATION,0.25375466679511977,0.25375466679511977,512,448,272,272,398632,353804,318240,272432,0,6,40,602970,,0
300001,combined,0,1,0,29,0,RECOMMENDATION,0.38642714284901952,0.38642714284901952,512,512,296,120,369658,361936,281495,197988,0,7,22,610682,,0
300001,combined,0,1,0,30,6,RECOMMENDATION,0.33272132577832592,0.33272132577832592,512,512,280,176,394365,363058,252831,184498,0,6,28,710332,,0
300001,combined,0,1,0,31,6,RECOMMENDATION,0.42442928553987319,0.42442928553987319,512,512,400,176,371921,437149,367214,176407,0,6,28,615399,,0
300001,combined,0,1,0,32,6,RECOMMENDATION,0.39209482135833545,0.39209482135833545,512,512,376,176,368536,375507,364330,170428,0,6,28,650963,,0
300001,combined,0,1,0,33,6,RECOMMENDATION,0.61083995029023908,0.61083995029023908,512,512,232,176,464871,364480,210488,167663,0,6,28,711483,,0
300001,combined,0,1,0,34,0,RECOMMENDATION,0.36974959172348298,0.36974959172348298,512,512,296,120,446595,360554,328816,114393,0,7,22,697763,,0
300001,combined,0,1,0,35,0,RECOMMENDATION,0.41167528054823671,0.41167528054823671,512,512,312,120,366013,452873,269467,118119,0,7,22,641938,,0
300001,combined,0,1,0,36,0,RECOMMENDATION,0.13131683801019881,0.13131683801019881,512,384,160,104,369107,272962,131769,99491,0,7,20,620707,,0
300001,combined,0,1,0,37,0,RECOMMENDATION,0.23679905318689257,0.23679905318689257,512,448,168,112,399924,312312,137367,108363,0,7,21,586746,,0
300001,combined,0,1,0,38,5,RECOMMENDATION,0.24159566837261418,0.24159566837261418,512,448,256,168,366963,347054,214173,156346,0,6,27,671483,,0
300001,combined,0,1,0,39,0,RECOMMENDATION,0.16529242832328417,0.16529242832328417,512,448,256,112,363929,312051,211309,119740,0,7,21,598004,,0
300001,combined,0,1,0,40,6,RECOMMENDATION,0.47918966770053451,0.47918966770053451,512,512,256,232,364320,388006,294474,224789,0,5,34,641949,,0
300001,combined,0,1,0,41,4,RECOMMENDATION,0.27845701411853413,0.27845701411853413,512,512,208,176,375437,394315,177768,159982,0,6,28,643221,,0
300001,combined,0,1,0,42,5,RECOMMENDATION,0.22635872690987549,0.22635872690987549,512,448,224,168,368116,398141,198860,171779,0,6,27,634117,,0
300001,combined,0,1,0,43,0,RECOMMENDATION,0.14956333911906805,0.14956333911906805,512,384,208,104,367385,270288,180983,119279,0,7,20,617974,,0
300001,combined,0,1,0,44,4,RECOMMENDATION,0.23890915157058726,0.23890915157058726,512,448,256,168,360224,336698,237719,158198,0,6,27,588017,,0
300001,combined,0,1,0,45,6,RECOMMENDATION,0.37684083095252136,0.37684083095252136,512,512,272,232,391200,359482,254595,217829,0,5,34,645355,,0
300001,combined,0,1,0,46,6,RECOMMENDATION,0.50941303480606592,0.50941303480606592,512,512,232,176,462938,408306,204829,170808,0,6,28,589900,,0
300001,combined,0,1,0,47,6,RECOMMENDATION,0.57107161355760572,0.57107161355760572,512,512,336,176,372532,393594,311860,169665,0,6,28,758395,,0
300001,combined,0,1,0,48,6,RECOMMENDATION,0.47610601361720029,0.47610601361720029,512,512,328,240,363919,372953,386424,275166,0,5,35,634748,,0
300001,combined,0,1,0,49,5,RECOMMENDATION,0.36219846263612709,0.36219846263612709,512,512,232,176,400374,361776,210057,177418,0,6,28,782851,,0
300001,combined,0,1,0,50,4,RECOMMENDATION,0.2776193449285852,0.2776193449285852,512,512,184,176,367265,374996,177258,170127,0,6,28,607837,,0
300001,combined,0,1,0,51,5,RECOMMENDATION,0.25307173492035512,0.25307173492035512,512,448,256,168,384400,318070,219311,161784,0,6,27,587317,,0
300001,combined,0,1,0,52,0,RECOMMENDATION,0.44462586528228559,0.44462586528228559,512,512,360,120,419103,369838,542209,112450,0,7,22,592634,,0
300001,combined,0,1,0,53,0,RECOMMENDATION,0.051720831521463478,0.051720831521463478,512,320,96,96,375256,225730,81944,93823,0,7,19,606545,,0
300001,combined,0,1,0,54,0,RECOMMENDATION,0.43466979102646996,0.43466979102646996,512,512,344,120,376398,616500,301475,122464,0,7,22,649160,,0
300001,combined,0,1,0,55,5,RECOMMENDATION,0.29652527907094306,0.29652527907094306,512,512,208,176,370830,378562,179611,158540,0,6,28,881651,,0
300001,combined,0,1,0,56,0,RECOMMENDATION,0.078338781736258578,0.078338781736258578,512,320,208,96,390229,231990,243156,101132,0,7,19,656150,,0
300001,combined,0,1,0,57,5,RECOMMENDATION,0.19947119548063949,0.19947119548063949,512,448,256,168,364971,315296,248796,174534,0,6,27,655910,,0
300001,combined,0,1,0,58,0,RECOMMENDATION,0.2512025063416507,0.2512025063416507,512,448,160,112,365441,329988,136586,113512,0,7,21,607957,,0
300001,combined,0,1,1,0,4,RECOMMENDATION,0.20404338380820175,0.20404338380820175,512,448,240,168,369738,320084,200252,157978,0,6,27,602499,,0
300001,combined,0,1,1,1,0,RECOMMENDATION,0.2419389053718988,0.2419389053718988,512,448,336,112,1314624,407475,318631,111768,0,7,21,646575,,0
300001,combined,0,1,1,2,0,RECOMMENDATION,0.44812287234044851,0.44812287234044851,512,512,320,120,1247798,657181,302277,124789,0,7,22,798354,,0
300001,combined,0,1,1,3,0,RECOMMENDATION,0.20279538527271579,0.20279538527271579,512,448,152,112,390920,313703,128083,114203,0,7,21,655299,,0
300001,combined,0,1,1,4,0,RECOMMENDATION,0.21647500934970187,0.21647500934970187,512,448,184,112,1221143,321395,189015,108954,0,7,21,1845115,,0
300001,combined,0,1,1,5,0,RECOMMENDATION,0.34852583528371806,0.34852583528371806,512,512,232,120,405772,463790,217528,112720,0,7,22,651243,,0
300001,combined,0,1,1,6,0,RECOMMENDATION,0.29580785421969991,0.29580785421969991,512,512,184,120,363669,357811,154383,161714,0,7,22,610342,,0
300001,combined,0,1,1,7,5,RECOMMENDATION,0.14870884204533288,0.14870884204533288,512,384,176,160,370098,347084,153221,157628,0,6,26,588508,,0
300001,combined,0,1,1,8,0,RECOMMENDATION,0.17922113067844583,0.17922113067844583,512,448,184,112,957956,317499,149265,105029,0,7,21,644813,,0
300001,combined,0,1,1,9,0,RECOMMENDATION,0.37591137869206415,0.37591137869206415,512,512,240,128,367094,395908,217168,141323,0,7,23,1321936,,0
300001,combined,0,1,1,10,6,RECOMMENDATION,0.66903590044039041,0.66903590044039041,512,512,344,176,539795,365842,315206,178860,0,6,28,1220191,,0
300001,combined,0,1,1,11,0,RECOMMENDATION,0.01817830395004396,0.01817830395004396,512,64,64,64,413323,47151,61062,71778,0,7,15,724483,,0
300001,combined,0,1,1,12,0,RECOMMENDATION,0.076629708641569289,0.076629708641569289,512,320,144,96,363198,274625,127172,97959,0,7,19,604142,,0
300001,combined,0,1,1,13,0,RECOMMENDATION,0.027883089899605345,0.027883089899605345,512,64,64,64,360895,45349,61053,68224,0,7,15,623611,,0
300001,combined,0,1,1,14,0,RECOMMENDATION,0.014467102346553098,0.014467102346553098,512,64,64,64,383809,46079,54372,64247,0,7,15,700197,,0
300001,combined,0,1,1,15,0,RECOMMENDATION,0.0083288651132505265,0.0083288651132505265,512,64,64,64,380975,45208,53941,66760,0,7,15,587747,,0
300001,combined,0,1,1,16,0,RECOMMENDATION,0.019007770146505485,0.019007770146505485,512,64,64,64,361686,49825,59700,70756,0,7,15,660777,,0
300001,combined,0,1,1,17,0,RECOMMENDATION,0.057574290142550076,0.057574290142550076,512,320,192,96,360564,280042,164148,94093,0,7,19,728199,,0
300001,combined,0,1,1,18,0,RECOMMENDATION,0.027743404976825533,0.027743404976825533,512,64,64,64,405622,46540,59560,70456,0,7,15,637993,,0
300001,combined,0,1,1,19,0,RECOMMENDATION,0.017611856011640004,0.017611856011640004,512,64,64,64,376768,46090,57647,69816,0,7,15,691854,,0
300001,combined,0,1,1,20,0,RECOMMENDATION,0.012854860729164639,0.012854860729164639,512,64,64,64,360794,48092,58889,68834,0,7,15,729962,,0
300001,combined,0,1,1,21,0,RECOMMENDATION,0.014970332940325268,0.014970332940325268,512,64,64,64,449649,58659,60562,70146,0,7,15,656161,,0
300001,combined,0,1,1,22,0,RECOMMENDATION,0.037354202515079704,0.037354202515079704,512,192,80,80,391271,134553,71739,83216,0,7,17,587486,,0
300001,combined,0,1,1,23,6,RECOMMENDATION,1.0461442450132226,1.0461442450132226,512,512,304,232,374905,442217,343859,230358,4,1,34,692916,,0
300001,combined,0,1,1,24,3,RECOMMENDATION,1.1545316245062529,1.1545316245062529,512,512,128,120,375527,415868,113862,290969,7,0,22,942482,,0
300001,combined,0,1,1,25,3,RECOMMENDATION,1.0675072217564352,1.0675072217564352,512,512,256,176,452333,365101,244099,214213,5,1,28,734449,,0
300001,combined,0,1,1,26,3,RECOMMENDATION,1.1138458098917412,1.1138458098917412,512,512,240,120,380455,377119,217429,124568,6,1,22,621728,,0
300001,combined,0,1,1,27,3,RECOMMENDATION,0.33353527808250721,0.33353527808250721,512,512,272,232,373914,361515,324079,228686,0,5,34,627127,,0
300001,combined,0,1,1,28,6,RECOMMENDATION,0.25375466679511977,0.25375466679511977,512,448,272,272,379162,331300,248014,266834,0,6,40,616090,,0
300001,combined,0,1,1,29,0,RECOMMENDATION,0.38642714284901952,0.38642714284901952,512,512,296,120,366142,449388,280042,137748,0,7,22,585914,,0
300001,combined,0,1,1,30,6,RECOMMENDATION,0.33272132577832592,0.33272132577832592,512,512,280,176,383039,403029,293073,216458,0,6,28,603340,,0
300001,combined,0,1,1,31,6,RECOMMENDATION,0.42442928553987319,0.42442928553987319,512,512,400,176,430800,363439,509489,177979,0,6,28,783753,,0
300001,combined,0,1,1,32,6,RECOMMENDATION,0.39209482135833545,0.39209482135833545,512,512,376,176,363499,373254,384170,171489,0,6,28,858606,,0
300001,combined,0,1,1,33,6,RECOMMENDATION,0.61083995029023908,0.61083995029023908,512,512,232,176,535388,363779,211950,168375,0,6,28,694688,,0
300001,combined,0,1,1,34,0,RECOMMENDATION,0.36974959172348298,0.36974959172348298,512,512,296,120,365231,441376,259452,112028,0,7,22,620978,,0
300001,combined,0,1,1,35,0,RECOMMENDATION,0.41167528054823671,0.41167528054823671,512,512,312,120,397981,360133,539104,118849,0,7,22,647438,,0
300001,combined,0,1,1,36,0,RECOMMENDATION,0.13131683801019881,0.13131683801019881,512,384,160,104,354475,271540,129516,99410,0,7,20,619305,,0
300001,combined,0,1,1,37,0,RECOMMENDATION,0.23679905318689257,0.23679905318689257,512,448,168,112,401406,310649,138038,108104,0,7,21,647016,,0
300001,combined,0,1,1,38,5,RECOMMENDATION,0.24159566837261418,0.24159566837261418,512,448,256,168,362117,324910,214614,156215,0,6,27,645975,,0
300001,combined,0,1,1,39,0,RECOMMENDATION,0.16529242832328417,0.16529242832328417,512,448,256,112,413855,313393,212841,105890,0,7,21,618614,,0
300001,combined,0,1,1,40,6,RECOMMENDATION,0.47918966770053451,0.47918966770053451,512,512,256,232,385913,383478,229316,226292,0,5,34,673386,,0
300001,combined,0,1,1,41,4,RECOMMENDATION,0.27845701411853413,0.27845701411853413,512,512,208,176,377941,373504,177719,159561,0,6,28,640357,,0
300001,combined,0,1,1,42,5,RECOMMENDATION,0.22635872690987549,0.22635872690987549,512,448,224,168,366002,348616,197578,170538,0,6,27,660727,,0
300001,combined,0,1,1,43,0,RECOMMENDATION,0.14956333911906805,0.14956333911906805,512,384,208,104,366563,269938,179771,116035,0,7,20,580947,,0
300001,combined,0,1,1,44,4,RECOMMENDATION,0.23890915157058726,0.23890915157058726,512,448,256,168,358371,322186,258100,176096,0,6,27,596530,,0
300001,combined,0,1,1,45,6,RECOMMENDATION,0.37684083095252136,0.37684083095252136,512,512,272,232,374805,360103,253813,217598,0,5,34,642950,,0
300001,combined,0,1,1,46,6,RECOMMENDATION,0.50941303480606592,0.50941303480606592,512,512,232,176,442748,391351,235886,169025,0,6,28,628639,,0
300001,combined,0,1,1,47,6,RECOMMENDATION,0.57107161355760572,0.57107161355760572,512,512,336,176,369538,360104,323268,172961,0,6,28,619405,,0
300001,combined,0,1,1,48,6,RECOMMENDATION,0.47610601361720029,0.47610601361720029,512,512,328,240,373724,382507,298049,223337,0,5,35,594317,,0
300001,combined,0,1,1,49,5,RECOMMENDATION,0.36219846263612709,0.36219846263612709,512,512,232,176,363109,355907,204539,190808,0,6,28,606836,,0
300001,combined,0,1,1,50,4,RECOMMENDATION,0.2776193449285852,0.2776193449285852,512,512,184,176,375167,357990,158470,167603,0,6,28,591723,,0
300001,combined,0,1,1,51,5,RECOMMENDATION,0.25307173492035512,0.25307173492035512,512,448,256,168,383408,313433,232271,163357,0,6,27,592674,,0
300001,combined,0,1,1,52,0,RECOMMENDATION,0.44462586528228559,0.44462586528228559,512,512,360,120,384290,410099,314574,113030,0,7,22,643952,,0
300001,combined,0,1,1,53,0,RECOMMENDATION,0.051720831521463478,0.051720831521463478,512,320,96,96,408927,226612,82164,93220,0,7,19,615369,,0
300001,combined,0,1,1,54,0,RECOMMENDATION,0.43466979102646996,0.43466979102646996,512,512,344,120,366764,375106,323308,125851,0,7,22,656290,,0
300001,combined,0,1,1,55,5,RECOMMENDATION,0.29652527907094306,0.29652527907094306,512,512,208,176,545173,360314,237558,159430,0,6,28,617913,,0
300001,combined,0,1,1,56,0,RECOMMENDATION,0.078338781736258578,0.078338781736258578,512,320,208,96,357800,266192,181634,99080,0,7,19,588478,,0
300001,combined,0,1,1,57,5,RECOMMENDATION,0.19947119548063949,0.19947119548063949,512,448,256,168,384891,312782,273442,156036,0,6,27,592734,,0
300001,combined,0,1,1,58,0,RECOMMENDATION,0.2512025063416507,0.2512025063416507,512,448,160,112,363569,339893,136456,114803,0,7,21,665023,,0
300001,combined,2,0,0,2,0,RECOMMENDATION,0.058354307820746479,0.47175880944575588,512,320,144,96,362778,222586,119250,126261,0,7,19,660687,,0
300001,combined,2,0,0,5,0,RECOMMENDATION,0.022513502948198059,0.31325676147910697,512,64,64,64,358832,58719,56406,63957,0,7,15,606355,,0
300001,combined,2,0,0,8,0,RECOMMENDATION,0.015037037843502906,0.17922113067844578,512,64,64,64,390770,46230,54653,64428,0,7,15,581487,,0
300001,combined,2,0,0,11,0,RECOMMENDATION,0.0075195432966218391,0.1181257620979196,512,64,64,64,403890,45148,54933,67072,0,7,15,582759,,0
300001,combined,2,0,0,14,0,RECOMMENDATION,0.0046614808821248905,0.078544695561516054,512,64,64,64,358170,44587,51979,74883,0,7,15,649109,,0
300001,combined,2,0,0,17,0,RECOMMENDATION,0.023125097933843482,0.29799234405409275,512,64,64,64,414105,45589,56726,64908,0,7,15,608749,,0
300001,combined,2,0,0,20,0,RECOMMENDATION,0.0015524590137257874,0.019285120727965198,512,64,64,64,370730,45679,54161,62745,0,7,15,609360,,0
300001,combined,2,0,0,23,6,RECOMMENDATION,0.6714136240321058,1.2173775521701025,512,512,456,424,409027,362587,435487,578213,0,4,57,677322,,0
300001,combined,2,0,0,26,3,RECOMMENDATION,1.6092246584175016,1.9726549487743927,512,512,472,464,466834,367074,459634,470300,0,5,63,597702,,0
300001,combined,2,0,0,29,6,RECOMMENDATION,0.339007894170678,0.66573111685148645,512,512,208,208,374095,359052,185951,215205,0,7,33,581738,,0
300001,combined,2,0,0,32,6,RECOMMENDATION,0.44470846292312488,0.7675685463120816,512,512,440,416,364811,370609,418362,386193,0,4,56,608248,,0
300001,combined,2,0,0,35,3,RECOMMENDATION,0.42908069217411238,0.96254585902193013,512,512,448,376,373614,415517,432152,402618,0,7,54,619926,,0
300001,combined,2,0,0,38,6,RECOMMENDATION,0.18758507587608569,0.72985584573180073,512,448,200,160,367034,316337,204929,196206,0,7,27,613125,,0
300001,combined,2,0,0,41,6,RECOMMENDATION,0.25575480198194833,0.80753121229247438,512,448,336,312,360254,386744,379763,287645,0,5,44,642740,,0
300001,combined,2,0,0,44,6,RECOMMENDATION,0.2035412557929811,0.67263888586592613,512,448,256,184,495398,357129,226482,230547,0,7,30,676942,,0
300001,combined,2,0,0,47,6,RECOMMENDATION,0.16227591175915357,0.65973646715229939,512,448,144,136,422849,315015,124498,134092,0,7,24,607217,,0
300001,combined,2,0,0,50,4,RECOMMENDATION,0.13893027706887906,0.40449202482377289,512,384,248,200,384350,272601,228034,197868,0,6,31,594066,,0
300001,combined,2,0,0,53,4,RECOMMENDATION,0.10872660068488496,0.25946519500068693,512,320,240,184,382918,246492,221895,184799,0,6,29,595549,,0
300001,combined,2,0,0,56,0,RECOMMENDATION,0.10794094177387349,0.25308126026346778,512,320,272,224,395918,234604,253903,221804,0,6,34,816983,,0
300001,combined,2,0,1,2,0,RECOMMENDATION,0.058354307820746479,0.47175880944575588,512,320,144,96,361936,223217,118839,102074,0,7,19,636802,,0
300001,combined,2,0,1,5,0,RECOMMENDATION,0.022513502948198059,0.31325676147910697,512,64,64,64,374815,45318,55885,63827,0,7,15,606695,,0
300001,combined,2,0,1,8,0,RECOMMENDATION,0.015037037843502906,0.17922113067844578,512,64,64,64,394135,46080,54753,66991,0,7,15,578493,,0
300001,combined,2,0,1,11,0,RECOMMENDATION,0.0075195432966218391,0.1181257620979196,512,64,64,64,503891,45819,55754,67422,0,7,15,623431,,0
300001,combined,2,0,1,14,0,RECOMMENDATION,0.0046614808821248905,0.078544695561516054,512,64,64,64,358351,44407,52099,66270,0,7,15,666165,,0
300001,combined,2,0,1,17,0,RECOMMENDATION,0.023125097933843482,0.29799234405409275,512,64,64,64,370870,44898,56776,64357,0,7,15,607617,,0
300001,combined,2,0,1,20,0,RECOMMENDATION,0.0015524590137257874,0.019285120727965198,512,64,64,64,383950,46821,54443,62895,0,7,15,689311,,0
300001,combined,2,0,1,23,6,RECOMMENDATION,0.6714136240321058,1.2173775521701025,512,512,248,120,400505,359462,290559,155124,7,0,22,597602,,0
300001,combined,2,0,1,26,-1,RISK_EMPTY,0,0,512,512,64,64,415737,371611,50876,64016,8,0,16,593706,,0
300001,combined,2,0,1,29,6,RECOMMENDATION,0.6988779606585902,1.019332549066218,512,512,120,120,397670,366373,107192,125569,7,0,22,614007,,0
300001,combined,2,0,1,32,3,RECOMMENDATION,0.72311088094346843,1.1344270999401407,512,512,320,168,393694,370299,290818,164538,6,1,28,590301,,0
300001,combined,2,0,1,35,6,RECOMMENDATION,0.46095807616743328,1.0614593375048504,512,512,184,120,365302,358501,158829,136776,7,0,22,592475,,0
300001,combined,2,0,1,38,0,RECOMMENDATION,0.1921945422298329,0.74541050907475503,512,448,320,224,398201,321045,289848,213963,0,6,34,605884,,0
300001,combined,2,0,1,41,6,RECOMMENDATION,0.26438162779895757,0.83443767238393851,512,448,312,296,379884,314405,283868,282626,0,5,42,591122,,0
300001,combined,2,0,1,44,6,RECOMMENDATION,0.21036147523453322,0.69126335420540863,512,448,288,200,363498,340684,299502,191609,0,7,32,657352,,0
300001,combined,2,0,1,47,6,RECOMMENDATION,0.22595213666502825,0.74909798343003176,512,448,168,152,369007,328275,146851,150157,0,7,26,702049,,0
300001,combined,2,0,1,50,6,RECOMMENDATION,0.16129235679591644,0.53728247219472891,512,448,232,192,370259,315076,220303,201233,0,7,31,602269,,0
300001,combined,2,0,1,53,0,RECOMMENDATION,0.12739767959960513,0.3508969787033549,512,384,232,184,367565,269316,210197,191048,0,7,30,579334,,0
300001,combined,2,0,1,56,6,RECOMMENDATION,0.17700650362584711,0.53248421380782851,512,448,280,240,364620,334365,296468,234004,0,6,36,776131,,0
300001,combined,2,0.34999999999999998,0,2,0,RECOMMENDATION,0.20304588338949978,0.47175880944575588,512,448,296,112,361125,344290,250799,112841,0,7,21,634337,,0
300001,combined,2,0.34999999999999998,0,5,0,RECOMMENDATION,0.12427364343401617,0.31325676147910697,512,384,168,104,358341,299242,139540,95014,0,7,20,648789,,0
300001,combined,2,0.34999999999999998,0,8,0,RECOMMENDATION,0.072501470335732912,0.17922113067844578,512,320,136,96,355727,231199,124699,91399,0,7,19,584242,,0
300001,combined,2,0.34999999999999998,0,11,0,RECOMMENDATION,0.046231719877076055,0.1181257620979196,512,192,144,80,363188,134733,121293,105229,0,7,17,649961,,0
300001,combined,2,0.34999999999999998,0,14,0,RECOMMENDATION,0.030520606019911797,0.078544695561516054,512,192,80,80,375457,133041,66841,76996,0,7,17,593496,,0
300001,combined,2,0.34999999999999998,0,17,0,RECOMMENDATION,0.11932863407593072,0.29799234405409275,512,320,216,96,368326,222596,197468,89345,0,7,19,582098,,0
300001,combined,2,0.34999999999999998,0,20,0,RECOMMENDATION,0.0077588906137095806,0.019285120727965198,512,64,64,64,375277,46310,57006,99420,0,7,15,592504,,0
300001,combined,2,0.34999999999999998,0,23,6,RECOMMENDATION,0.86250099888040466,1.2173775521701025,512,512,416,384,404541,361155,381095,374816,0,5,53,680397,,0
300001,combined,2,0.34999999999999998,0,26,3,RECOMMENDATION,1.7364252600424135,1.9726549487743927,512,512,440,400,391972,427996,416599,426624,0,7,57,586194,,0
300001,combined,2,0.34999999999999998,0,29,6,RECOMMENDATION,0.45336102210896095,0.66573111685148645,512,512,120,120,374966,374235,107703,125140,0,7,22,609129,,0
300001,combined,2,0.34999999999999998,0,32,6,RECOMMENDATION,0.55770949210925969,0.7675685463120816,512,512,424,368,422077,383599,414776,344822,0,5,51,626325,,0
300001,combined,2,0.34999999999999998,0,35,3,RECOMMENDATION,0.61579350057084858,0.96254585902193013,512,512,416,320,384611,366293,413124,314434,0,7,47,658314,,0
300001,combined,2,0.34999999999999998,0,38,6,RECOMMENDATION,0.37737984532558594,0.72985584573180073,512,512,208,128,365232,371941,177758,121554,0,7,23,600737,,0
300001,combined,2,0.34999999999999998,0,41,6,RECOMMENDATION,0.44887654559063239,0.80753121229247438,512,512,312,296,361125,373864,322527,274084,0,5,42,594717,,0
300001,combined,2,0.34999999999999998,0,44,6,RECOMMENDATION,0.36772542631851185,0.67263888586592613,512,512,320,264,411522,386293,291701,250868,0,5,38,615349,,0
300001,combined,2,0.34999999999999998,0,47,6,RECOMMENDATION,0.3363871061467546,0.65973646715229939,512,512,120,120,384140,360294,103817,119841,0,7,22,602199,,0
300001,combined,2,0.34999999999999998,0,50,4,RECOMMENDATION,0.23187688878309187,0.40449202482377289,512,448,224,200,485784,316518,203948,198841,0,6,31,613446,,0
300001,combined,2,0.34999999999999998,0,53,4,RECOMMENDATION,0.16148510869541566,0.25946519500068693,512,448,136,120,610672,319072,121303,123906,0,7,22,649290,,0
300001,combined,2,0.34999999999999998,0,56,4,RECOMMENDATION,0.15262869265085771,0.22043840091993505,512,448,280,168,560085,325992,259051,186301,0,7,28,690903,,0
300001,combined,2,0.34999999999999998,1,2,0,RECOMMENDATION,0.20304588338949978,0.47175880944575588,512,448,296,112,361366,324790,263248,113211,0,7,21,605774,0.39029352386860477,1024
300001,combined,2,0.34999999999999998,1,5,0,RECOMMENDATION,0.12427364343401617,0.31325676147910697,512,384,168,104,375267,266442,138720,94934,0,7,20,587987,0.30715334846818049,1024
300001,combined,2,0.34999999999999998,1,8,0,RECOMMENDATION,0.072501470335732912,0.17922113067844578,512,320,136,96,387915,229406,111919,91418,0,7,19,630512,0.3642407141035402,1024
300001,combined,2,0.34999999999999998,1,11,0,RECOMMENDATION,0.046231719877076055,0.1181257620979196,512,192,144,80,393514,135534,122354,84268,0,7,17,751354,0.26711124560841287,1024
300001,combined,2,0.34999999999999998,1,14,0,RECOMMENDATION,0.030520606019911797,0.078544695561516054,512,192,80,80,359222,132349,63996,76285,0,7,17,603741,0.16014864309269447,1024
300001,combined,2,0.34999999999999998,1,17,0,RECOMMENDATION,0.11932863407593072,0.29799234405409275,512,320,216,96,358962,221865,184078,90087,0,7,19,598583,0.24538394062908925,1024
300001,combined,2,0.34999999999999998,1,20,0,RECOMMENDATION,0.0077588906137095806,0.019285120727965198,512,64,64,64,356338,46611,63846,67392,0,7,15,657863,0.15526805231383004,1024
300001,combined,2,0.34999999999999998,1,23,6,RECOMMENDATION,0.86250099888040466,1.2173775521701025,512,512,248,120,588398,404680,286362,131399,7,0,22,1808229,1.2339221406139655,1024
300001,combined,2,0.34999999999999998,1,26,-1,RISK_EMPTY,0,0,512,512,64,64,427635,371100,49145,64387,8,0,16,632134,,0
300001,combined,2,0.34999999999999998,1,29,6,RECOMMENDATION,0.81103706660125985,1.019332549066218,512,512,120,120,540716,380645,127753,479279,7,0,22,632404,1.0143099367927217,1024
300001,combined,2,0.34999999999999998,1,32,3,RECOMMENDATION,0.86707155759230381,1.1344270999401407,512,512,320,168,432453,446333,296047,162496,6,1,28,605293,1.1934866705820522,1024
300001,combined,2,0.34999999999999998,1,35,6,RECOMMENDATION,0.67113351763552931,1.0614593375048504,512,512,184,120,389428,362457,161364,125068,7,0,22,589710,1.0036287556836758,1024
300001,combined,2,0.34999999999999998,1,38,0,RECOMMENDATION,0.38582013062555565,0.74541050907475503,512,512,336,200,422968,372612,303938,194153,0,6,31,613535,0.73308188633823623,1024
300001,combined,2,0.34999999999999998,1,41,6,RECOMMENDATION,0.46390124340370087,0.83443767238393851,512,512,288,272,364090,710021,264219,264670,1,4,39,578523,0.81820273207550909,1024
300001,combined,2,0.34999999999999998,1,44,6,RECOMMENDATION,0.37867713287433957,0.69126335420540863,512,512,320,256,463831,415527,333814,248485,0,5,37,719156,0.80945008189173762,1024
300001,combined,2,0.34999999999999998,1,47,6,RECOMMENDATION,0.40905318303277949,0.74909798343003176,512,512,136,120,430670,511392,121794,123737,1,6,22,1080131,0.79969545550327392,1024
300001,combined,2,0.34999999999999998,1,50,4,RECOMMENDATION,0.28408372045439434,0.47866875235623407,512,512,208,192,374435,365612,187003,222745,0,6,30,588439,0.65737137993896555,1024
300001,combined,2,0.34999999999999998,1,53,6,RECOMMENDATION,0.29054559943711233,0.48105439476183492,512,512,272,248,465172,427164,288826,359613,0,6,37,596691,0.74289863930657407,1024
300001,combined,2,0.34999999999999998,1,56,5,RECOMMENDATION,0.29012196937979084,0.50497639926824844,512,512,304,216,365091,371651,291410,217369,0,6,33,621768,0.73605240778572045,1024
300001,combined,2,1,0,2,0,RECOMMENDATION,0.47175880944575588,0.47175880944575588,512,512,336,176,362157,383639,285571,174985,0,6,28,647677,,0
300001,combined,2,1,0,5,0,RECOMMENDATION,0.31325676147910697,0.31325676147910697,512,512,264,120,358741,392222,217979,107022,0,7,22,609930,,0
300001,combined,2,1,0,8,0,RECOMMENDATION,0.17922113067844578,0.17922113067844578,512,448,184,112,358932,453845,150076,104568,0,7,21,579084,,0
300001,combined,2,1,0,11,0,RECOMMENDATION,0.1181257620979196,0.1181257620979196,512,320,216,96,390740,228775,182115,97788,0,7,19,663090,,0
300001,combined,2,1,0,14,0,RECOMMENDATION,0.078544695561516054,0.078544695561516054,512,320,144,96,406954,224609,114102,90647,0,7,19,892427,,0
300001,combined,2,1,0,17,0,RECOMMENDATION,0.29799234405409275,0.29799234405409275,512,512,360,120,392903,379643,317249,109957,0,7,22,610571,,0
300001,combined,2,1,0,20,0,RECOMMENDATION,0.019285120727965198,0.019285120727965198,512,64,64,64,356499,69335,55394,63826,0,7,15,618814,,0
300001,combined,2,1,0,23,6,RECOMMENDATION,1.2173775521701025,1.2173775521701025,512,512,304,232,373043,363028,310599,232110,0,5,34,667719,,0
300001,combined,2,1,0,26,3,RECOMMENDATION,1.9726549487743927,1.9726549487743927,512,512,168,120,394875,409267,243898,183547,0,7,22,662019,,0
300001,combined,2,1,0,29,6,RECOMMENDATION,0.66573111685148645,0.66573111685148645,512,512,120,120,383449,398081,108524,126200,0,7,22,607738,,0
300001,combined,2,1,0,32,6,RECOMMENDATION,0.7675685463120816,0.7675685463120816,512,512,160,120,365182,415577,146211,116206,0,7,22,692055,,0
300001,combined,2,1,0,35,3,RECOMMENDATION,0.96254585902193013,0.96254585902193013,512,512,352,120,558483,369698,323849,125370,0,7,22,646616,,0
300001,combined,2,1,0,38,6,RECOMMENDATION,0.72985584573180073,0.72985584573180073,512,512,192,120,408346,360775,163797,116035,0,7,22,635650,,0
300001,combined,2,1,0,41,6,RECOMMENDATION,0.80753121229247438,0.80753121229247438,512,512,128,120,379403,361285,112119,111569,0,7,22,601177,,0
300001,combined,2,1,0,44,6,RECOMMENDATION,0.67263888586592613,0.67263888586592613,512,512,296,232,365571,376058,285220,224538,0,5,34,649230,,0
300001,combined,2,1,0,47,6,RECOMMENDATION,0.65973646715229939,0.65973646715229939,512,512,120,120,373373,385382,106311,120271,0,7,22,708139,,0
300001,combined,2,1,0,50,4,RECOMMENDATION,0.40449202482377289,0.40449202482377289,512,512,232,232,371140,380655,229036,230137,0,5,34,602940,,0
300001,combined,2,1,0,53,4,RECOMMENDATION,0.25946519500068693,0.25946519500068693,512,448,112,112,875342,322767,101052,114693,0,7,21,654508,,0
300001,combined,2,1,0,56,4,RECOMMENDATION,0.22043840091993505,0.22043840091993505,512,448,248,112,364380,325471,246031,117538,0,7,21,617081,,0
300001,combined,2,1,1,2,0,RECOMMENDATION,0.47175880944575588,0.47175880944575588,512,512,336,176,361806,372923,287364,175064,0,6,28,618904,,0
300001,combined,2,1,1,5,0,RECOMMENDATION,0.31325676147910697,0.31325676147910697,512,512,264,120,384000,373654,217848,164909,0,7,22,620346,,0
300001,combined,2,1,1,8,0,RECOMMENDATION,0.17922113067844578,0.17922113067844578,512,448,184,112,358441,371651,176807,106401,0,7,21,887479,,0
300001,combined,2,1,1,11,0,RECOMMENDATION,0.1181257620979196,0.1181257620979196,512,320,216,96,365251,287895,210177,100371,0,7,19,673055,,0
300001,combined,2,1,1,14,0,RECOMMENDATION,0.078544695561516054,0.078544695561516054,512,320,144,96,376188,401365,116325,172210,0,7,19,594007,,0
300001,combined,2,1,1,17,0,RECOMMENDATION,0.29799234405409275,0.29799234405409275,512,512,360,120,360474,407766,302496,135143,0,7,22,681068,,0
300001,combined,2,1,1,20,0,RECOMMENDATION,0.019285120727965198,0.019285120727965198,512,64,64,64,411521,48453,55174,63856,0,7,15,891586,,0
300001,combined,2,1,1,23,6,RECOMMENDATION,1.2173775521701025,1.2173775521701025,512,512,240,120,408066,365251,216347,159761,7,0,22,1532883,,0
300001,combined,2,1,1,26,-1,RISK_EMPTY,0,0,512,512,64,64,447455,384099,50627,62945,8,0,16,593757,,0
300001,combined,2,1,1,29,6,RECOMMENDATION,1.019332549066218,1.019332549066218,512,512,120,120,605123,425772,109325,127132,7,0,22,782121,,0
300001,combined,2,1,1,32,3,RECOMMENDATION,1.1344270999401407,1.1344270999401407,512,512,232,120,364850,393484,214314,115805,6,1,22,588849,,0
300001,combined,2,1,1,35,6,RECOMMENDATION,1.0614593375048504,1.0614593375048504,512,512,128,120,381415,408316,113662,125491,7,0,22,646555,,0
300001,combined,2,1,1,38,4,RECOMMENDATION,0.74488571669793358,0.74488571669793358,512,512,352,120,371291,410079,337930,116816,0,7,22,612644,,0
300001,combined,2,1,1,41,6,RECOMMENDATION,0.82877031139946034,0.82877031139946034,512,512,240,232,383609,363688,223918,220172,0,5,34,648409,,0
300001,combined,2,1,1,44,6,RECOMMENDATION,0.68930206799937777,0.68930206799937777,512,512,296,232,378201,374536,269247,225851,0,5,34,633907,,0
300001,combined,2,1,1,47,6,RECOMMENDATION,0.74865781108940377,0.74865781108940377,512,512,120,120,370669,361936,125509,121353,1,6,22,633756,,0
300001,combined,2,1,1,50,4,RECOMMENDATION,0.48984870525154295,0.48984870525154295,512,512,176,176,372102,420034,160462,175595,0,6,28,627517,,0
300001,combined,2,1,1,53,6,RECOMMENDATION,0.47327756434362039,0.47327756434362039,512,512,176,176,370900,399483,163417,177367,0,6,28,644783,,0
300001,combined,2,1,1,56,5,RECOMMENDATION,0.50084844841270737,0.50084844841270737,512,512,328,232,362808,390350,306423,255365,0,5,34,658624,,0
300001,combined,5,0,0,5,0,RECOMMENDATION,0.022513502948198059,0.31325676147910697,512,64,64,64,360204,45048,74793,64668,0,7,15,618453,,0
300001,combined,5,0,0,11,0,RECOMMENDATION,0.0075195432966218391,0.1181257620979196,512,64,64,64,365992,48253,84597,67842,0,7,15,832837,,0
300001,combined,5,0,0,17,0,RECOMMENDATION,0.023125097933843482,0.29799234405409275,512,64,64,64,385753,45769,58128,65628,0,7,15,700357,,0
300001,combined,5,0,0,23,6,RECOMMENDATION,0.6714136240321058,1.2173775521701025,512,512,456,424,372652,455668,477290,615815,0,4,57,644243,,0
300001,combined,5,0,0,29,6,RECOMMENDATION,0.6988779606585902,1.019332549066218,512,512,416,416,395858,407135,414596,417800,0,6,58,602910,,0
300001,combined,5,0,0,35,6,RECOMMENDATION,0.8420479306823172,1.4405409066621244,512,512,464,440,427606,385412,651003,448667,0,4,59,652625,,0
300001,combined,5,0,0,41,6,RECOMMENDATION,0.48693588430638407,1.0966934912980584,512,512,400,360,377009,480595,381836,328354,0,6,51,719446,,0
300001,combined,5,0,0,47,6,RECOMMENDATION,0.57519258570026133,1.108714033134778,512,512,440,440,654348,436559,430780,467166,0,2,57,970184,,0
300001,combined,5,0,0,53,6,RECOMMENDATION,0.59371585528661019,0.91304066659954808,512,512,400,384,449418,366904,441526,367114,0,6,54,636891,,0
300001,combined,5,0,1,5,0,RECOMMENDATION,0.022513502948198059,0.31325676147910697,512,64,64,64,487616,68323,58969,64557,0,7,15,727868,,0
300001,combined,5,0,1,11,0,RECOMMENDATION,0.0075195432966218391,0.1181257620979196,512,64,64,64,413784,45859,57377,72720,0,7,15,795280,,0
300001,combined,5,0,1,17,0,RECOMMENDATION,0.023125097933843482,0.29799234405409275,512,64,64,64,359573,74743,57877,65378,0,7,15,753578,,0
300001,combined,5,0,1,23,6,RECOMMENDATION,0.6714136240321058,1.2173775521701025,512,512,248,120,384050,360274,240553,130146,7,0,22,602991,,0
300001,combined,5,0,1,29,6,RECOMMENDATION,0.6988779606585902,1.019332549066218,512,512,120,120,541447,371701,108133,131969,7,0,22,614227,,0
300001,combined,5,0,1,35,-1,RISK_EMPTY,0,0,512,512,96,64,392012,364801,166552,67762,8,0,16,649209,,0
300001,combined,5,0,1,41,6,RECOMMENDATION,0.61248732614684209,1.0347526307451478,512,512,120,120,462258,361896,106140,114072,7,0,22,602850,,0
300001,combined,5,0,1,47,6,RECOMMENDATION,0.62192991417303045,1.0824761641159739,512,512,200,176,370619,391481,181564,177348,6,0,28,696631,,0
300001,combined,5,0,1,53,6,RECOMMENDATION,0.59117064792091834,0.86286089732033144,512,512,312,296,398762,461627,288055,290719,3,3,43,635519,,0
300001,combined,5,0.34999999999999998,0,5,0,RECOMMENDATION,0.12427364343401617,0.31325676147910697,512,384,168,104,391110,269788,140172,96255,0,7,20,653747,,0
300001,combined,5,0.34999999999999998,0,11,0,RECOMMENDATION,0.046231719877076055,0.1181257620979196,512,192,144,80,381736,202746,193912,81863,0,7,17,609300,,0
300001,combined,5,0.34999999999999998,0,17,0,RECOMMENDATION,0.11932863407593072,0.29799234405409275,512,320,216,96,364059,331109,231310,90807,0,7,19,658804,,0
300001,combined,5,0.34999999999999998,0,23,6,RECOMMENDATION,0.86250099888040466,1.2173775521701025,512,512,416,384,373774,361295,476289,363910,0,5,53,745525,,0
300001,combined,5,0.34999999999999998,0,29,6,RECOMMENDATION,0.81103706660125985,1.019332549066218,512,512,360,360,379442,366153,346182,377430,0,6,51,656901,,0
300001,combined,5,0.34999999999999998,0,35,6,RECOMMENDATION,1.0515204722752496,1.4405409066621244,512,512,448,400,439303,495398,441216,379944,0,6,56,587216,,0
300001,combined,5,0.34999999999999998,0,41,6,RECOMMENDATION,0.70035104675347004,1.0966934912980584,512,512,336,312,469679,431802,305061,426434,0,6,45,800709,,0
300001,combined,5,0.34999999999999998,0,47,6,RECOMMENDATION,0.76192509230234218,1.108714033134778,512,512,432,416,484752,363909,493245,464201,0,3,55,595079,,0
300001,combined,5,0.34999999999999998,0,53,6,RECOMMENDATION,0.70547953924613838,0.91304066659954808,512,512,352,312,676271,411441,319512,298110,0,6,45,679576,,0
300001,combined,5,0.34999999999999998,1,5,0,RECOMMENDATION,0.12427364343401617,0.31325676147910697,512,384,168,104,420966,519093,142214,97027,0,7,20,1112599,,0
300001,combined,5,0.34999999999999998,1,11,0,RECOMMENDATION,0.046231719877076055,0.1181257620979196,512,192,144,80,603591,137077,123506,89585,0,7,17,910925,,0
300001,combined,5,0.34999999999999998,1,17,0,RECOMMENDATION,0.11932863407593072,0.29799234405409275,512,320,216,96,359422,263158,426874,90836,0,7,19,614457,,0
300001,combined,5,0.34999999999999998,1,23,6,RECOMMENDATION,0.86250099888040466,1.2173775521701025,512,512,248,120,372201,361726,233372,147723,7,0,22,666316,,0
300001,combined,5,0.34999999999999998,1,29,6,RECOMMENDATION,0.81103706660125985,1.019332549066218,512,512,120,120,384180,367725,139370,127762,7,0,22,631573,,0
300001,combined,5,0.34999999999999998,1,35,-1,RISK_EMPTY,0,0,512,512,96,64,394245,404230,78980,66581,8,0,16,776102,,0
300001,combined,5,0.34999999999999998,1,41,6,RECOMMENDATION,0.76028018275624909,1.0347526307451478,512,512,120,120,640477,561227,163176,113601,7,0,22,598054,,0
300001,combined,5,0.34999999999999998,1,47,6,RECOMMENDATION,0.78312110165306059,1.0824761641159739,512,512,200,176,464050,412393,219291,229006,6,0,28,713837,,0
300001,combined,5,0.34999999999999998,1,53,6,RECOMMENDATION,0.68626223521071295,0.86286089732033144,512,512,288,272,473985,374065,268926,265431,3,3,40,727899,,0
300001,combined,5,1,0,5,0,RECOMMENDATION,0.31325676147910697,0.31325676147910697,512,512,280,176,356939,353444,255355,162555,0,6,28,911035,,0
300001,combined,5,1,0,11,0,RECOMMENDATION,0.1181257620979196,0.1181257620979196,512,320,216,96,396909,223878,197028,97027,0,7,19,645825,,0
300001,combined,5,1,0,17,0,RECOMMENDATION,0.29799234405409275,0.29799234405409275,512,512,360,120,430379,360253,303097,108634,0,7,22,678343,,0
300001,combined,5,1,0,23,6,RECOMMENDATION,1.2173775521701025,1.2173775521701025,512,512,304,232,371821,405322,278150,321235,0,5,34,614498,,0
300001,combined,5,1,0,29,6,RECOMMENDATION,1.019332549066218,1.019332549066218,512,512,176,176,401537,363228,219060,186161,0,6,28,596209,,0
300001,combined,5,1,0,35,6,RECOMMENDATION,1.4405409066621244,1.4405409066621244,512,512,304,176,383780,360454,327965,180143,0,6,28,581227,,0
300001,combined,5,1,0,41,6,RECOMMENDATION,1.0966934912980584,1.0966934912980584,512,512,184,176,364760,358832,176376,263959,0,6,28,680457,,0
300001,combined,5,1,0,47,6,RECOMMENDATION,1.108714033134778,1.108714033134778,512,512,384,232,385813,384230,353834,275325,0,5,34,596381,,0
300001,combined,5,1,0,53,6,RECOMMENDATION,0.91304066659954808,0.91304066659954808,512,512,176,176,365973,373003,164358,178129,0,6,28,672024,,0
300001,combined,5,1,1,5,0,RECOMMENDATION,0.31325676147910697,0.31325676147910697,512,512,280,176,410940,378381,264799,159111,0,6,28,626305,,0
300001,combined,5,1,1,11,0,RECOMMENDATION,0.1181257620979196,0.1181257620979196,512,320,216,96,366053,274634,182196,101693,0,7,19,749882,,0
300001,combined,5,1,1,17,0,RECOMMENDATION,0.29799234405409275,0.29799234405409275,512,512,360,120,435007,355707,384760,110998,0,7,22,974751,,0
300001,combined,5,1,1,23,6,RECOMMENDATION,1.2173775521701025,1.2173775521701025,512,512,240,120,371451,525894,230177,124699,7,0,22,704393,,0
300001,combined,5,1,1,29,6,RECOMMENDATION,1.019332549066218,1.019332549066218,512,512,120,120,386273,370530,107893,571283,7,0,22,615789,,0
300001,combined,5,1,1,35,-1,RISK_EMPTY,0,0,512,512,96,64,437981,430730,79140,73992,8,0,16,600055,,0
300001,combined,5,1,1,41,6,RECOMMENDATION,1.0347526307451478,1.0347526307451478,512,512,120,120,414265,398281,107482,114714,7,0,22,613275,,0
300001,combined,5,1,1,47,6,RECOMMENDATION,1.0824761641159739,1.0824761641159739,512,512,176,176,418782,424881,161183,280984,6,0,28,593766,,0
300001,combined,5,1,1,53,6,RECOMMENDATION,0.86286089732033144,0.86286089732033144,512,512,176,176,366803,377530,187573,180252,2,4,28,667417,,0
300002,normal,0,0,0,0,0,RECOMMENDATION,0.0091010109687076294,0.13430161076685526,512,64,64,64,382077,45799,57517,67021,0,7,15,603171,,0
300002,normal,0,0,0,1,0,RECOMMENDATION,0.015763736092033923,0.28418755180300587,512,64,64,64,359883,44387,53701,76736,0,7,15,579684,,0
300002,normal,0,0,0,2,0,RECOMMENDATION,0.0025695564331273037,0.044655554297535947,512,64,64,64,360745,44387,60141,62665,0,7,15,762611,,0
300002,normal,0,0,0,3,0,RECOMMENDATION,0.0025569484814825876,0.039723444329093263,512,64,64,64,359322,46630,54953,64937,0,7,15,610231,,0
300002,normal,0,0,0,4,0,RECOMMENDATION,0.0057589751685356346,0.093737552826647794,512,64,64,64,444711,45559,57707,68253,0,7,15,775601,,0
300002,normal,0,0,0,5,0,RECOMMENDATION,0.0056287266365331592,0.090130293803221212,512,64,64,64,358020,44537,113622,66019,0,7,15,703372,,0
300002,normal,0,0,0,6,0,RECOMMENDATION,0.0014775607645047023,0.010508797139282286,512,64,64,64,359272,44707,54573,64498,0,7,15,651293,,0
300002,normal,0,0,0,7,0,RECOMMENDATION,0.0089777936833101025,0.075592865203822066,512,64,64,64,393284,50456,61432,75424,0,7,15,683131,,0
300002,normal,0,0,0,8,0,RECOMMENDATION,0.018781976170639144,0.16732685412863338,512,64,64,64,372302,45799,63416,108874,0,7,15,704303,,0
300002,normal,0,0,0,9,0,RECOMMENDATION,0.0084146869365406777,0.10428613205086021,512,64,64,64,360424,44837,55314,86411,0,7,15,662891,,0
300002,normal,0,0,0,10,0,RECOMMENDATION,0.0020971272791393738,0.030457240686783491,512,64,64,64,474085,45909,53611,170878,0,7,15,594998,,0
300002,normal,0,0,0,11,0,RECOMMENDATION,0.015106432517467218,0.14617452963447106,512,64,64,64,375617,47612,57486,66991,0,7,15,579935,,0
300002,normal,0,0,0,12,0,RECOMMENDATION,0.016750770348536535,0.22426073693325696,512,64,64,64,414696,45909,58638,124017,0,7,15,619405,,0
300002,normal,0,0,0,13,0,RECOMMENDATION,0.021849277659809121,0.30457275270521023,512,64,64,64,361616,45168,60231,71728,0,7,15,720628,,0
300002,normal,0,0,0,14,0,RECOMMENDATION,0.013287623606477155,0.19677621713261209,512,64,64,64,359853,45338,89865,67021,0,7,15,628699,,0
300002,normal,0,0,0,15,0,RECOMMENDATION,0.0068757159782744069,0.10917991633371524,512,64,64,64,449338,50556,56866,65749,0,7,15,701569,,0
300002,normal,0,0,0,16,0,RECOMMENDATION,0.016054537254243443,0.24101541852400429,512,64,64,64,356928,44467,83326,63806,0,7,15,688750,,0
300002,normal,0,0,0,17,0,RECOMMENDATION,0.0031052496811748583,0.039230977007357497,512,64,64,64,357259,44478,108083,64797,0,7,15,595459,,0
300002,normal,0,0,0,18,0,RECOMMENDATION,0.0030958383850486063,0.023568562355388251,512,64,64,64,358662,44818,54492,63937,0,7,15,601418,,0
300002,normal,0,0,0,19,0,RECOMMENDATION,0.0059836875319533751,0.10573182557162696,512,64,64,64,382037,45699,53551,60802,0,7,15,655109,,0
300002,normal,0,0,0,20,0,RECOMMENDATION,0.0019930738591903132,0.015378579979271943,512,64,64,64,560867,46651,58138,65650,0,7,15,626626,,0
300002,normal,0,0,0,21,0,RECOMMENDATION,0.0016725686023512166,0.015095157904249177,512,64,64,64,413013,46590,55143,70286,0,7,15,868300,,0
300002,normal,0,0,0,22,0,RECOMMENDATION,0.0036425276182904739,0.047336695882346208,512,64,64,64,362267,69114,55293,66061,0,7,15,712475,,0
300002,normal,0,0,0,23,0,RECOMMENDATION,0.0046224125465065416,0.055852766186169127,512,64,64,64,1402426,46330,54011,62965,0,7,15,596180,,0
300002,normal,0,0,0,24,0,RECOMMENDATION,0.029028234952690211,0.30935831568798799,512,64,64,64,424431,45268,87902,67322,0,7,15,590000,,0
300002,normal,0,0,0,25,0,RECOMMENDATION,0.069256656830921581,0.45394712239627705,512,320,192,104,363709,231058,452282,103547,0,7,20,602790,,0
300002,normal,0,0,0,26,0,RECOMMENDATION,0.055767725209134693,0.27774035221129667,512,320,152,104,471883,519254,166791,123467,0,7,20,581397,,0
300002,normal,0,0,0,27,5,RECOMMENDATION,0.06616902034578824,0.2623816679382785,512,320,200,152,555168,235225,175015,145209,0,6,25,864886,,0
300002,normal,0,0,0,28,0,RECOMMENDATION,0.016765306822357523,0.25643462448083992,512,64,64,64,464170,46180,55964,68293,0,7,15,592174,,0
300002,normal,0,0,0,29,0,RECOMMENDATION,0.029429067858432745,0.29913331184295344,512,64,64,64,362367,45769,56415,89465,0,7,15,689341,,0
300002,normal,0,0,0,30,0,RECOMMENDATION,0.052926011348328326,0.51617750625675574,512,320,152,96,548959,226733,126891,92699,0,7,19,902342,,0
300002,normal,0,0,0,31,0,RECOMMENDATION,0.041355031189417225,0.31536208358445245,512,192,96,80,583891,139020,83576,77888,0,7,17,670602,,0
300002,normal,0,0,0,32,0,RECOMMENDATION,0.054679409128183247,0.59690898549471982,512,320,176,96,360704,222055,180472,99810,0,7,19,712946,,0
300002,normal,0,0,0,33,4,RECOMMENDATION,0.093108329339661899,0.57343668895113209,512,320,224,152,362487,291540,192590,151928,0,6,25,595389,,0
300002,normal,0,0,0,34,0,RECOMMENDATION,0.029785073985548315,0.29371220530162329,512,64,64,64,381486,46280,59180,67692,0,7,15,617151,,0
300002,normal,0,0,0,35,0,RECOMMENDATION,0.044836027345561288,0.42227963557703652,512,192,88,80,363008,139150,75674,82934,0,7,17,652776,,0
300002,normal,0,0,0,36,0,RECOMMENDATION,0.032081904657046002,0.22452344493040388,512,192,80,80,423480,190898,71558,80652,0,7,17,636421,,0
300002,normal,0,0,0,37,0,RECOMMENDATION,0.056476658032667645,0.40431754650965235,512,320,168,96,382708,224589,144238,100531,0,7,19,684714,,0
300002,normal,0,0,0,38,0,RECOMMENDATION,0.017263395595927267,0.18596547907207039,512,64,64,64,366223,46270,72640,64878,0,7,15,606165,,0
300002,normal,0,0,0,39,0,RECOMMENDATION,0.058504758651716525,0.4347126481262385,512,320,168,96,358642,230898,235766,92279,0,7,19,586315,,0
300002,normal,0,0,0,40,0,RECOMMENDATION,0.0022066402885095411,0.025514613011755161,512,64,64,64,358131,44567,56065,62284,0,7,15,618154,,0
300002,normal,0,0,0,41,0,RECOMMENDATION,0.0048644323863077672,0.075918243075463437,512,64,64,64,360684,44658,54692,65859,0,7,15,648139,,0
300002,normal,0,0,0,42,0,RECOMMENDATION,0.019795574359368517,0.28378821281107935,512,64,64,64,363258,107362,56095,64628,0,7,15,656761,,0
300002,normal,0,0,0,43,0,RECOMMENDATION,0.032775944897179513,0.21345784634701162,512,192,96,80,402969,138519,109556,84468,0,7,17,593625,,0
300002,normal,0,0,0,44,0,RECOMMENDATION,0.037062295448845664,0.29448821110344064,512,192,104,80,364581,160492,95384,87371,0,7,17,823073,,0
300002,normal,0,0,0,45,0,RECOMMENDATION,0.014358012557729494,0.15496128045227842,512,64,64,64,432973,46510,53120,66440,0,7,15,593956,,0
300002,normal,0,0,0,46,0,RECOMMENDATION,0.0088520389933811981,0.12847273380437121,512,64,64,64,402678,44728,54843,63615,0,7,15,642310,,0
300002,normal,0,0,0,47,0,RECOMMENDATION,0.009287349608367166,0.085473996402818081,512,64,64,64,533916,49425,60902,69624,0,7,15,956855,,0
300002,normal,0,0,0,48,0,RECOMMENDATION,0.012643406821499786,0.1662620468935746,512,64,64,64,444571,45529,60371,68113,0,7,15,582149,,0
300002,normal,0,0,0,49,0,RECOMMENDATION,0.0055554580913825006,0.09311058346315515,512,64,64,64,374275,92710,316177,65600,0,7,15,623130,,0
300002,normal,0,0,0,50,0,RECOMMENDATION,0.015349533214588994,0.19895355200813788,512,64,64,64,703051,45779,56264,67461,0,7,15,784214,,0
300002,normal,0,0,0,51,0,RECOMMENDATION,0.020424377249045025,0.19869381525914454,512,64,64,64,418562,48113,56495,117898,0,7,15,685154,,0
300002,normal,0,0,0,52,5,RECOMMENDATION,0.082628403185228266,0.31709658959517939,512,320,240,168,374355,233312,217228,191108,0,6,27,679096,,0
300002,normal,0,0,0,53,0,RECOMMENDATION,0.032296572147078158,0.24206097344037744,512,192,80,80,360203,142625,75564,81562,0,7,17,667318,,0
300002,normal,0,0,0,54,0,RECOMMENDATION,0.013319861905315125,0.16740499753644883,512,64,64,64,393964,45809,54523,89405,0,7,15,667317,,0
300002,normal,0,0,0,55,0,RECOMMENDATION,0.016420829089617648,0.23545250538113052,512,64,64,64,359653,47462,55624,88464,0,7,15,614248,,0
300002,normal,0,0,0,56,0,RECOMMENDATION,0.011947844136104885,0.1500678208702049,512,64,64,64,410689,45418,56806,65219,0,7,15,665715,,0
300002,normal,0,0,0,57,0,RECOMMENDATION,0.013226932411482848,0.20111605145818254,512,64,64,64,602850,119440,258200,70627,0,7,15,711974,,0
300002,normal,0,0,0,58,0,RECOMMENDATION,0.022426030646760381,0.33484896598049191,512,64,64,64,365572,46480,58639,66761,0,7,15,882933,,0
300002,normal,0,0,1,0,0,RECOMMENDATION,0.0091010109687076294,0.13430161076685526,512,64,64,64,448477,95614,60081,67742,0,7,15,914059,,0
300002,normal,0,0,1,1,0,RECOMMENDATION,0.015763736092033923,0.28418755180300587,512,64,64,64,433535,44728,54773,66251,0,7,15,800708,,0
300002,normal,0,0,1,2,0,RECOMMENDATION,0.0025695564331273037,0.044655554297535947,512,64,64,64,390559,44537,51578,117988,0,7,15,722039,,0
300002,normal,0,0,1,3,0,RECOMMENDATION,0.0025569484814825876,0.039723444329093263,512,64,64,64,357810,45959,54592,151559,0,7,15,580476,,0
300002,normal,0,0,1,4,0,RECOMMENDATION,0.0057589751685356346,0.093737552826647794,512,64,64,64,358802,44908,73200,68644,0,7,15,599985,,0
300002,normal,0,0,1,5,0,RECOMMENDATION,0.0056287266365331592,0.090130293803221212,512,64,64,64,360073,45238,81804,68824,0,7,15,802731,,0
300002,normal,0,0,1,6,0,RECOMMENDATION,0.0014775607645047023,0.010508797139282286,512,64,64,64,444972,229236,56906,64547,0,7,15,700608,,0
300002,normal,0,0,1,7,0,RECOMMENDATION,0.0089777936833101025,0.075592865203822066,512,64,64,64,393774,50826,61112,273292,0,7,15,747158,,0
300002,normal,0,0,1,8,0,RECOMMENDATION,0.018781976170639144,0.16732685412863338,512,64,64,64,467896,45930,63275,70936,0,7,15,645414,,0
300002,normal,0,0,1,9,0,RECOMMENDATION,0.0084146869365406777,0.10428613205086021,512,64,64,64,359843,44567,55664,70927,0,7,15,668820,,0
300002,normal,0,0,1,10,0,RECOMMENDATION,0.0020971272791393738,0.030457240686783491,512,64,64,64,358551,44867,53541,63164,0,7,15,610532,,0
300002,normal,0,0,1,11,0,RECOMMENDATION,0.015106432517467218,0.14617452963447106,512,64,64,64,359573,47382,56956,67312,0,7,15,594066,,0
300002,normal,0,0,1,12,0,RECOMMENDATION,0.016750770348536535,0.22426073693325696,512,64,64,64,359172,59870,58429,65659,0,7,15,595859,,0
300002,normal,0,0,1,13,0,RECOMMENDATION,0.021849277659809121,0.30457275270521023,512,64,64,64,377289,62864,59920,74212,0,7,15,630171,,0
300002,normal,0,0,1,14,0,RECOMMENDATION,0.013287623606477155,0.19677621713261209,512,64,64,64,362687,45699,57487,71007,0,7,15,877765,,0
300002,normal,0,0,1,15,0,RECOMMENDATION,0.0068757159782744069,0.10917991633371524,512,64,64,64,612013,49194,57186,68222,0,7,15,693217,,0
300002,normal,0,0,1,16,0,RECOMMENDATION,0.016054537254243443,0.24101541852400429,512,64,64,64,405112,45329,55934,64317,0,7,15,593446,,0
300002,normal,0,0,1,17,0,RECOMMENDATION,0.0031052496811748583,0.039230977007357497,512,64,64,64,542049,44998,53872,67422,0,7,15,723973,,0
300002,normal,0,0,1,18,0,RECOMMENDATION,0.0030958383850486063,0.023568562355388251,512,64,64,64,358912,45208,106821,89716,0,7,15,657552,,0
300002,normal,0,0,1,19,0,RECOMMENDATION,0.0059836875319533751,0.10573182557162696,512,64,64,64,389007,45749,53691,60282,0,7,15,581828,,0
300002,normal,0,0,1,20,0,RECOMMENDATION,0.0019930738591903132,0.015378579979271943,512,64,64,64,358281,44898,83416,65869,0,7,15,714569,,0
300002,normal,0,0,1,21,0,RECOMMENDATION,0.0016725686023512166,0.015095157904249177,512,64,64,64,356809,45659,54633,71298,0,7,15,879818,,0
300002,normal,0,0,1,22,0,RECOMMENDATION,0.0036425276182904739,0.047336695882346208,512,64,64,64,409008,62614,54653,105941,0,7,15,785375,,0
300002,normal,0,0,1,23,0,RECOMMENDATION,0.0046224125465065416,0.055852766186169127,512,64,64,64,358561,74031,53611,63776,0,7,15,598433,,0
300002,normal,0,0,1,24,0,RECOMMENDATION,0.029028234952690211,0.30935831568798799,512,64,64,64,363669,44878,58348,66230,0,7,15,664202,,0
300002,normal,0,0,1,25,0,RECOMMENDATION,0.069256656830921581,0.45394712239627705,512,320,192,104,363989,237588,182906,102365,0,7,20,617502,,0
300002,normal,0,0,1,26,0,RECOMMENDATION,0.055767725209134693,0.27774035221129667,512,320,152,104,413524,224770,133611,103366,0,7,20,631353,,0
300002,normal,0,0,1,27,5,RECOMMENDATION,0.06616902034578824,0.2623816679382785,512,320,200,152,361926,235416,173853,170818,0,6,25,783883,,0
300002,normal,0,0,1,28,0,RECOMMENDATION,0.016765306822357523,0.25643462448083992,512,64,64,64,358651,44928,56405,115304,0,7,15,675089,,0
300002,normal,0,0,1,29,0,RECOMMENDATION,0.029429067858432745,0.29913331184295344,512,64,64,64,415918,46200,85369,78930,0,7,15,646896,,0
300002,normal,0,0,1,30,0,RECOMMENDATION,0.052926011348328326,0.51617750625675574,512,320,152,96,381355,224879,127192,167572,0,7,19,627447,,0
300002,normal,0,0,1,31,0,RECOMMENDATION,0.041355031189417225,0.31536208358445245,512,192,96,80,384270,139170,83496,78188,0,7,17,727339,,0
300002,normal,0,0,1,32,0,RECOMMENDATION,0.054679409128183247,0.59690898549471982,512,320,176,96,375557,1051668,151269,98139,0,7,19,585754,,0
300002,normal,0,0,1,33,4,RECOMMENDATION,0.093108329339661899,0.57343668895113209,512,320,224,152,446393,225560,192391,180123,0,6,25,582799,,0
300002,normal,0,0,1,34,0,RECOMMENDATION,0.029785073985548315,0.29371220530162329,512,64,64,64,414395,46460,58949,71658,0,7,15,924475,,0
300002,normal,0,0,1,35,0,RECOMMENDATION,0.044836027345561288,0.42227963557703652,512,192,88,80,359863,140141,76465,82846,0,7,17,649069,,0
300002,normal,0,0,1,36,0,RECOMMENDATION,0.032081904657046002,0.22452344493040388,512,192,80,80,443970,178660,74522,81052,0,7,17,790553,,0
300002,normal,0,0,1,37,0,RECOMMENDATION,0.056476658032667645,0.40431754650965235,512,320,168,96,365171,224799,145069,97838,0,7,19,636190,,0
300002,normal,0,0,1,38,0,RECOMMENDATION,0.017263395595927267,0.18596547907207039,512,64,64,64,391100,47191,56405,83365,0,7,15,670833,,0
300002,normal,0,0,1,39,0,RECOMMENDATION,0.058504758651716525,0.4347126481262385,512,320,168,96,476839,343859,143687,92560,0,7,19,634397,,0
300002,normal,0,0,1,40,0,RECOMMENDATION,0.0022066402885095411,0.025514613011755161,512,64,64,64,373784,45028,55224,62734,0,7,15,598454,,0
300002,normal,0,0,1,41,0,RECOMMENDATION,0.0048644323863077672,0.075918243075463437,512,64,64,64,374666,62224,55094,68094,0,7,15,581557,,0
300002,normal,0,0,1,42,0,RECOMMENDATION,0.019795574359368517,0.28378821281107935,512,64,64,64,706757,91177,57056,64818,0,7,15,668759,,0
300002,normal,0,0,1,43,0,RECOMMENDATION,0.032775944897179513,0.21345784634701162,512,192,96,80,392122,140572,85780,85159,0,7,17,725565,,0
300002,normal,0,0,1,44,0,RECOMMENDATION,0.037062295448845664,0.29448821110344064,512,192,104,80,450320,135895,108363,85409,0,7,17,642910,,0
300002,normal,0,0,1,45,0,RECOMMENDATION,0.014358012557729494,0.15496128045227842,512,64,64,64,660326,49725,53511,71998,0,7,15,745626,,0
300002,normal,0,0,1,46,0,RECOMMENDATION,0.0088520389933811981,0.12847273380437121,512,64,64,64,389127,45078,55764,64227,0,7,15,592465,,0
300002,normal,0,0,1,47,0,RECOMMENDATION,0.009287349608367166,0.085473996402818081,512,64,64,64,548628,47712,77627,135204,0,7,15,597352,,0
300002,normal,0,0,1,48,0,RECOMMENDATION,0.012643406821499786,0.1662620468935746,512,64,64,64,434666,46230,111539,69145,0,7,15,677642,,0
300002,normal,0,0,1,49,0,RECOMMENDATION,0.0055554580913825006,0.09311058346315515,512,64,64,64,383489,45108,54122,66069,0,7,15,633237,,0
300002,normal,0,0,1,50,0,RECOMMENDATION,0.015349533214588994,0.19895355200813788,512,64,64,64,542819,45910,55934,65929,0,7,15,641878,,0
300002,normal,0,0,1,51,0,RECOMMENDATION,0.020424377249045025,0.19869381525914454,512,64,64,64,389267,48463,104628,67472,0,7,15,733958,,0
300002,normal,0,0,1,52,5,RECOMMENDATION,0.082628403185228266,0.31709658959517939,512,320,240,168,363118,224559,233533,162175,0,6,27,588899,,0
300002,normal,0,0,1,53,0,RECOMMENDATION,0.032296572147078158,0.24206097344037744,512,192,80,80,478642,242666,69896,81022,0,7,17,615840,,0
300002,normal,0,0,1,54,0,RECOMMENDATION,0.013319861905315125,0.16740499753644883,512,64,64,64,400825,45749,54493,63897,0,7,15,583761,,0
300002,normal,0,0,1,55,0,RECOMMENDATION,0.016420829089617648,0.23545250538113052,512,64,64,64,359172,46941,55574,64377,0,7,15,595759,,0
300002,normal,0,0,1,56,0,RECOMMENDATION,0.011947844136104885,0.1500678208702049,512,64,64,64,359893,44548,56395,64867,0,7,15,620828,,0
300002,normal,0,0,1,57,0,RECOMMENDATION,0.013226932411482848,0.20111605145818254,512,64,64,64,424420,66881,59770,71188,0,7,15,719205,,0
300002,normal,0,0,1,58,0,RECOMMENDATION,0.022426030646760381,0.33484896598049191,512,64,64,64,379413,45649,58028,68584,0,7,15,639886,,0
300002,normal,0,0.34999999999999998,0,0,0,RECOMMENDATION,0.052921220898059299,0.13430161076685526,512,320,120,96,361596,223237,117347,114683,0,7,19,654178,,0
300002,normal,0,0.34999999999999998,0,1,0,RECOMMENDATION,0.10971207159087409,0.28418755180300587,512,320,192,96,360724,252651,161684,93441,0,7,19,673967,,0
300002,normal,0,0.34999999999999998,0,2,0,RECOMMENDATION,0.01729965568567033,0.044655554297535947,512,64,64,64,376228,44597,51257,62114,0,7,15,587687,,0
300002,normal,0,0.34999999999999998,0,3,0,RECOMMENDATION,0.015565222028146324,0.039723444329093263,512,64,64,64,563210,62505,54162,65349,0,7,15,592995,,0
300002,normal,0,0.34999999999999998,0,4,0,RECOMMENDATION,0.036551477348874886,0.093737552826647794,512,192,128,80,413814,134152,107072,86080,0,7,17,670452,,0
300002,normal,0,0.34999999999999998,0,5,0,RECOMMENDATION,0.035204275144873974,0.090130293803221212,512,192,104,80,359934,133331,82965,102134,0,7,17,624633,,0
300002,normal,0,0.34999999999999998,0,6,0,RECOMMENDATION,0.0046384934956768559,0.010508797139282286,512,64,64,64,494406,45919,54633,63256,0,7,15,614838,,0
300002,normal,0,0.34999999999999998,0,7,0,RECOMMENDATION,0.032293068715489287,0.075592865203822066,512,192,80,80,390740,140452,74162,86200,0,7,17,691485,,0
300002,normal,0,0.34999999999999998,0,8,0,RECOMMENDATION,0.070772683455937124,0.16732685412863338,512,320,144,96,364360,224449,142585,96856,0,7,19,590041,,0
300002,normal,0,0.34999999999999998,0,9,0,RECOMMENDATION,0.041969692726552515,0.10428613205086021,512,192,80,80,359423,133732,66971,81833,0,7,17,614958,,0
300002,normal,0,0.34999999999999998,0,10,0,RECOMMENDATION,0.012023166971814814,0.030457240686783491,512,64,64,64,386874,45058,53481,63496,0,7,15,646776,,0
300002,normal,0,0.34999999999999998,0,11,0,RECOMMENDATION,0.060980266508418562,0.14617452963447106,512,320,136,96,363078,497051,116997,93742,0,7,19,629841,,0
300002,normal,0,0.34999999999999998,0,12,0,RECOMMENDATION,0.089379258653188673,0.22426073693325696,512,320,192,96,423980,315637,270448,93740,0,7,19,1024558,,0
300002,normal,0,0.34999999999999998,0,13,0,RECOMMENDATION,0.1208024939256995,0.30457275270521023,512,384,152,104,391861,267484,132660,101753,0,7,20,588609,,0
300002,normal,0,0.34999999999999998,0,14,0,RECOMMENDATION,0.07750863134062437,0.19677621713261209,512,320,160,96,451021,293052,133892,95524,0,7,19,1039519,,0
300002,normal,0,0.34999999999999998,0,15,0,RECOMMENDATION,0.042682186102678696,0.10917991633371524,512,192,144,80,356769,136846,124478,82014,0,7,17,669700,,0
300002,normal,0,0.34999999999999998,0,16,0,RECOMMENDATION,0.09479084569865974,0.24101541852400429,512,320,176,96,390409,223497,144327,90186,0,7,19,594217,,0
300002,normal,0,0.34999999999999998,0,17,0,RECOMMENDATION,0.015749254245338781,0.039230977007357497,512,64,64,64,357549,44226,56636,69935,0,7,15,759206,,0
300002,normal,0,0.34999999999999998,0,18,0,RECOMMENDATION,0.010261291774667482,0.023568562355388251,512,64,64,64,358982,45118,55244,64086,0,7,15,612524,,0
300002,normal,0,0.34999999999999998,0,19,0,RECOMMENDATION,0.040895535845839125,0.10573182557162696,512,192,80,80,404610,134052,64938,73240,0,7,17,776492,,0
300002,normal,0,0.34999999999999998,0,20,0,RECOMMENDATION,0.0066780010012188829,0.015378579979271943,512,64,64,64,428917,78088,60101,65799,0,7,15,1019909,,0
300002,normal,0,0.34999999999999998,0,21,0,RECOMMENDATION,0.0063704748580155025,0.015095157904249177,512,64,64,64,381086,45449,54963,69655,0,7,15,665444,,0
300002,normal,0,0.34999999999999998,0,22,0,RECOMMENDATION,0.018935486510709979,0.047336695882346208,512,64,64,64,392653,45639,322397,65949,0,7,15,614778,,0
300002,normal,0,0.34999999999999998,0,23,0,RECOMMENDATION,0.022553036320388447,0.055852766186169127,512,64,64,64,357089,45879,53330,63206,0,7,15,620457,,0
300002,normal,0,0.34999999999999998,0,24,0,RECOMMENDATION,0.12714376321004445,0.30935831568798799,512,384,200,104,383279,268896,283859,96836,0,7,20,603931,,0
300002,normal,0,0.34999999999999998,0,25,0,RECOMMENDATION,0.20389831977879599,0.45394712239627705,512,448,264,112,364620,527386,227944,126882,0,7,21,602069,,0
300002,normal,0,0.34999999999999998,0,26,0,RECOMMENDATION,0.13345814465989136,0.27774035221129667,512,384,184,112,370459,270538,159932,117878,0,7,21,652405,,0
300002,normal,0,0.34999999999999998,0,27,5,RECOMMENDATION,0.13484344700315981,0.2623816679382785,512,384,200,160,359833,305321,192240,151588,0,6,26,635469,,0
300002,normal,0,0.34999999999999998,0,28,0,RECOMMENDATION,0.10064956800282636,0.25643462448083992,512,320,160,96,444771,224539,374626,100141,0,7,19,608569,,0
300002,normal,0,0.34999999999999998,0,29,0,RECOMMENDATION,0.12382555325301499,0.29913331184295344,512,384,168,104,363288,321355,511131,105208,0,7,20,905817,,0
300002,normal,0,0.34999999999999998,0,30,0,RECOMMENDATION,0.2150640345662779,0.51617750625675574,512,448,288,112,368146,327414,243527,104297,0,7,21,625444,,0
300002,normal,0,0.34999999999999998,0,31,0,RECOMMENDATION,0.13725749952767954,0.31536208358445245,512,384,200,104,397310,276046,226081,97478,0,7,20,772206,,0
300002,normal,0,0.34999999999999998,0,32,0,RECOMMENDATION,0.24445976085647103,0.59690898549471982,512,448,352,112,359863,309047,336438,112670,0,7,21,584252,,0
300002,normal,0,0.34999999999999998,0,33,4,RECOMMENDATION,0.26122325520367645,0.57343668895113209,512,448,288,168,376308,312812,244188,164859,0,6,27,581107,,0
300002,normal,0,0.34999999999999998,0,34,0,RECOMMENDATION,0.12215956994617455,0.29371220530162329,512,384,136,104,365021,284019,116015,101533,0,7,20,671524,,0
300002,normal,0,0.34999999999999998,0,35,0,RECOMMENDATION,0.17694129022657762,0.42227963557703652,512,448,176,112,529409,334024,147814,112870,0,7,21,588559,,0
300002,normal,0,0.34999999999999998,0,36,0,RECOMMENDATION,0.09943644375272126,0.22452344493040388,512,320,104,96,399013,295346,94873,129946,0,7,19,641859,,0
300002,normal,0,0.34999999999999998,0,37,0,RECOMMENDATION,0.17822096899961226,0.40431754650965235,512,448,264,112,416779,339642,228965,110417,0,7,21,684814,,0
300002,normal,0,0.34999999999999998,0,38,0,RECOMMENDATION,0.076309124812577359,0.18596547907207039,512,320,128,96,379713,223548,106691,90808,0,7,19,594407,,0
300002,normal,0,0.34999999999999998,0,39,0,RECOMMENDATION,0.19017751996779922,0.4347126481262385,512,448,184,112,358872,323719,155885,172380,0,7,21,620716,,0
300002,normal,0,0.34999999999999998,0,40,0,RECOMMENDATION,0.010364430741645508,0.025514613011755161,512,64,64,64,358120,44787,54903,62715,0,7,15,595899,,0
300002,normal,0,0.34999999999999998,0,41,0,RECOMMENDATION,0.029733266127512252,0.075918243075463437,512,64,64,64,358151,44838,54262,64797,0,7,15,593115,,0
300002,normal,0,0.34999999999999998,0,42,0,RECOMMENDATION,0.1121929978174673,0.28378821281107935,512,320,168,96,363709,223157,158559,89695,0,7,19,657322,,0
300002,normal,0,0.34999999999999998,0,43,0,RECOMMENDATION,0.09601461040462074,0.21345784634701162,512,320,184,96,363219,244289,158459,98559,0,7,19,619084,,0
300002,normal,0,0.34999999999999998,0,44,5,RECOMMENDATION,0.12479096268040624,0.26013604829663861,512,384,208,160,393083,288445,183436,158449,0,6,26,699926,,0
300002,normal,0,0.34999999999999998,0,45,0,RECOMMENDATION,0.053550637058970861,0.13292702732884229,512,320,128,96,356298,219942,99670,93412,0,7,19,698484,,0
300002,normal,0,0.34999999999999998,0,46,0,RECOMMENDATION,0.022183444452008729,0.0559383978423715,512,64,64,64,382848,44477,65940,70607,0,7,15,608158,,0
300002,normal,0,0.34999999999999998,0,47,0,RECOMMENDATION,0.0092198430794196359,0.017225801368297013,512,64,64,64,377360,70897,62615,67572,0,7,15,582660,,0
300002,normal,0,0.34999999999999998,0,48,0,RECOMMENDATION,0.042783740701440497,0.10727843103117275,512,192,88,80,359453,133592,77587,82094,0,7,17,595168,,0
300002,normal,0,0.34999999999999998,0,49,0,RECOMMENDATION,0.028708568757633748,0.074116693675554068,512,64,64,64,490200,73260,54182,61653,0,7,15,634918,,0
300002,normal,0,0.34999999999999998,0,50,0,RECOMMENDATION,0.051096699317616706,0.12974176041940591,512,320,96,96,376759,240453,79200,94083,0,7,19,588568,,0
300002,normal,0,0.34999999999999998,0,51,0,RECOMMENDATION,0.046415857743719334,0.11820268817975815,512,192,88,80,359783,138780,75194,80571,0,7,17,718615,,0
300002,normal,0,0.34999999999999998,0,52,5,RECOMMENDATION,0.111650350498829,0.21817627719031144,512,320,176,152,408256,223778,157928,148374,0,6,25,625925,,0
300002,normal,0,0.34999999999999998,0,53,0,RECOMMENDATION,0.07723936699980373,0.18690106432752379,512,320,120,96,358591,221524,97727,130316,0,7,19,602590,,0
300002,normal,0,0.34999999999999998,0,54,0,RECOMMENDATION,0.031629330854593539,0.081668627387892143,512,192,128,80,358732,145770,101794,74512,0,7,17,607728,,0
300002,normal,0,0.34999999999999998,0,55,0,RECOMMENDATION,0.078649146811453699,0.20211192344834808,512,320,216,96,353473,238880,177087,89707,0,7,19,577511,,0
300002,normal,0,0.34999999999999998,0,56,0,RECOMMENDATION,0.033923264091865607,0.087382799261977506,512,192,112,80,663372,133442,92139,77387,0,7,17,610642,,0
300002,normal,0,0.34999999999999998,0,57,0,RECOMMENDATION,0.073742027076514644,0.19103132030361022,512,320,192,96,358251,220913,154263,125018,0,7,19,626516,,0
300002,normal,0,0.34999999999999998,0,58,0,RECOMMENDATION,0.11670443472318803,0.30308975623939766,512,320,264,96,477360,251750,286883,98850,0,7,19,875762,,0
300002,normal,0,0.34999999999999998,1,0,0,RECOMMENDATION,0.052921220898059299,0.13430161076685526,512,320,120,96,389668,224468,103126,95844,0,7,19,732477,,0
300002,normal,0,0.34999999999999998,1,1,0,RECOMMENDATION,0.10971207159087409,0.28418755180300587,512,320,192,96,361546,222576,212511,106251,0,7,19,594657,,0
300002,normal,0,0.34999999999999998,1,2,0,RECOMMENDATION,0.01729965568567033,0.044655554297535947,512,64,64,64,359022,44207,50917,79991,0,7,15,622289,,0
300002,normal,0,0.34999999999999998,1,3,0,RECOMMENDATION,0.015565222028146324,0.039723444329093263,512,64,64,64,385011,47481,55083,65309,0,7,15,729661,,0
300002,normal,0,0.34999999999999998,1,4,0,RECOMMENDATION,0.036551477348874886,0.093737552826647794,512,192,128,80,473364,137257,118709,82916,0,7,17,579815,,0
300002,normal,0,0.34999999999999998,1,5,0,RECOMMENDATION,0.035204275144873974,0.090130293803221212,512,192,104,80,356077,131138,96937,79150,0,7,17,668609,,0
300002,normal,0,0.34999999999999998,1,6,0,RECOMMENDATION,0.0046384934956768559,0.010508797139282286,512,64,64,64,493815,45879,54823,65910,0,7,15,612324,,0
300002,normal,0,0.34999999999999998,1,7,0,RECOMMENDATION,0.032293068715489287,0.075592865203822066,512,192,80,80,423209,141694,74593,88594,0,7,17,688349,,0
300002,normal,0,0.34999999999999998,1,8,0,RECOMMENDATION,0.070772683455937124,0.16732685412863338,512,320,144,96,382297,228125,128835,97387,0,7,19,634538,,0
300002,normal,0,0.34999999999999998,1,9,0,RECOMMENDATION,0.041969692726552515,0.10428613205086021,512,192,80,80,361946,133872,67302,110166,0,7,17,666206,,0
300002,normal,0,0.34999999999999998,1,10,0,RECOMMENDATION,0.012023166971814814,0.030457240686783491,512,64,64,64,358982,44427,52809,63245,0,7,15,594598,,0
300002,normal,0,0.34999999999999998,1,11,0,RECOMMENDATION,0.060980266508418562,0.14617452963447106,512,320,136,96,369958,228876,114092,92870,0,7,19,613706,,0
300002,normal,0,0.34999999999999998,1,12,0,RECOMMENDATION,0.089379258653188673,0.22426073693325696,512,320,192,96,358781,221434,177829,92260,0,7,19,626806,,0
300002,normal,0,0.34999999999999998,1,13,0,RECOMMENDATION,0.1208024939256995,0.30457275270521023,512,384,152,104,361275,283979,149987,101984,0,7,20,668349,,0
300002,normal,0,0.34999999999999998,1,14,0,RECOMMENDATION,0.07750863134062437,0.19677621713261209,512,320,160,96,377310,237589,133762,216256,0,7,19,639205,,0
300002,normal,0,0.34999999999999998,1,15,0,RECOMMENDATION,0.042682186102678696,0.10917991633371524,512,192,144,80,371531,136026,122154,79510,0,7,17,617372,,0
300002,normal,0,0.34999999999999998,1,16,0,RECOMMENDATION,0.09479084569865974,0.24101541852400429,512,320,176,96,357880,220924,162525,90847,0,7,19,846227,,0
300002,normal,0,0.34999999999999998,1,17,0,RECOMMENDATION,0.015749254245338781,0.039230977007357497,512,64,64,64,357129,57487,53611,65789,0,7,15,595869,,0
300002,normal,0,0.34999999999999998,1,18,0,RECOMMENDATION,0.010261291774667482,0.023568562355388251,512,64,64,64,391030,45399,55233,63807,0,7,15,578313,,0
300002,normal,0,0.34999999999999998,1,19,0,RECOMMENDATION,0.040895535845839125,0.10573182557162696,512,192,80,80,541097,156566,66060,92921,0,7,17,641458,,0
300002,normal,0,0.34999999999999998,1,20,0,RECOMMENDATION,0.0066780010012188829,0.015378579979271943,512,64,64,64,357931,45178,58529,66381,0,7,15,651713,,0
300002,normal,0,0.34999999999999998,1,21,0,RECOMMENDATION,0.0063704748580155025,0.015095157904249177,512,64,64,64,371300,45739,56686,68162,0,7,15,628639,,0
300002,normal,0,0.34999999999999998,1,22,0,RECOMMENDATION,0.018935486510709979,0.047336695882346208,512,64,64,64,646295,46340,54973,64749,0,7,15,624532,,0
300002,normal,0,0.34999999999999998,1,23,0,RECOMMENDATION,0.022553036320388447,0.055852766186169127,512,64,64,64,357319,46250,53951,64126,0,7,15,698905,,0
300002,normal,0,0.34999999999999998,1,24,0,RECOMMENDATION,0.12714376321004445,0.30935831568798799,512,384,200,104,423079,268456,168585,96336,0,7,20,610932,,0
300002,normal,0,0.34999999999999998,1,25,0,RECOMMENDATION,0.20389831977879599,0.45394712239627705,512,448,264,112,364329,312972,304370,130877,0,7,21,702541,,0
300002,normal,0,0.34999999999999998,1,26,0,RECOMMENDATION,0.13345814465989136,0.27774035221129667,512,384,184,112,394466,270518,160432,110477,0,7,21,581648,,0
300002,normal,0,0.34999999999999998,1,27,5,RECOMMENDATION,0.13484344700315981,0.2623816679382785,512,384,200,160,383039,338741,173773,176577,0,6,26,638503,,0
300002,normal,0,0.34999999999999998,1,28,0,RECOMMENDATION,0.10064956800282636,0.25643462448083992,512,320,160,96,571563,249407,206572,96836,0,7,19,600186,,0
300002,normal,0,0.34999999999999998,1,29,0,RECOMMENDATION,0.12382555325301499,0.29913331184295344,512,384,168,104,364841,268475,142165,122436,0,7,20,656540,,0
300002,normal,0,0.34999999999999998,1,30,0,RECOMMENDATION,0.2150640345662779,0.51617750625675574,512,448,288,112,417500,452092,244569,104058,0,7,21,622159,,0
300002,normal,0,0.34999999999999998,1,31,0,RECOMMENDATION,0.13725749952767954,0.31536208358445245,512,384,200,104,379313,274033,222346,96926,0,7,20,647788,,0
300002,normal,0,0.34999999999999998,1,32,0,RECOMMENDATION,0.24445976085647103,0.59690898549471982,512,448,352,112,360294,323989,397711,113281,0,7,21,585373,,0
300002,normal,0,0.34999999999999998,1,33,4,RECOMMENDATION,0.26122325520367645,0.57343668895113209,512,448,288,168,393053,316698,244749,167332,0,6,27,632155,,0
300002,normal,0,0.34999999999999998,1,34,0,RECOMMENDATION,0.12215956994617455,0.29371220530162329,512,384,136,104,432803,286282,116115,102906,0,7,20,806136,,0
300002,normal,0,0.34999999999999998,1,35,0,RECOMMENDATION,0.17694129022657762,0.42227963557703652,512,448,176,112,360695,320434,150106,300874,0,7,21,651203,,0
300002,normal,0,0.34999999999999998,1,36,0,RECOMMENDATION,0.09943644375272126,0.22452344493040388,512,320,104,96,576310,279702,94572,97247,0,7,19,789111,,0
300002,normal,0,0.34999999999999998,1,37,0,RECOMMENDATION,0.17822096899961226,0.40431754650965235,512,448,264,112,384901,355377,228645,112490,0,7,21,998738,,0
300002,normal,0,0.34999999999999998,1,38,0,RECOMMENDATION,0.076309124812577359,0.18596547907207039,512,320,128,96,454866,224519,105860,90426,0,7,19,673256,,0
300002,normal,0,0.34999999999999998,1,39,0,RECOMMENDATION,0.19017751996779922,0.4347126481262385,512,448,184,112,356428,320814,169726,104328,0,7,21,620977,,0
300002,normal,0,0.34999999999999998,1,40,0,RECOMMENDATION,0.010364430741645508,0.025514613011755161,512,64,64,64,357850,44327,54953,62935,0,7,15,612605,,0
300002,normal,0,0.34999999999999998,1,41,0,RECOMMENDATION,0.029733266127512252,0.075918243075463437,512,64,64,64,371651,45198,54673,124067,0,7,15,648469,,0
300002,normal,0,0.34999999999999998,1,42,0,RECOMMENDATION,0.1121929978174673,0.28378821281107935,512,320,168,96,415888,223988,141023,89816,0,7,19,716231,,0
300002,normal,0,0.34999999999999998,1,43,0,RECOMMENDATION,0.09601461040462074,0.21345784634701162,512,320,184,96,477631,231630,156997,100260,0,7,19,635459,,0
300002,normal,0,0.34999999999999998,1,44,5,RECOMMENDATION,0.12479096268040624,0.26013604829663861,512,384,208,160,593096,301515,181874,172270,0,6,26,606575,,0
300002,normal,0,0.34999999999999998,1,45,0,RECOMMENDATION,0.053550637058970861,0.13292702732884229,512,320,128,96,382678,221434,100982,144008,0,7,19,599305,,0
300002,normal,0,0.34999999999999998,1,46,0,RECOMMENDATION,0.022183444452008729,0.0559383978423715,512,64,64,64,359283,45389,54792,62154,0,7,15,673096,,0
300002,normal,0,0.34999999999999998,1,47,0,RECOMMENDATION,0.0092198430794196359,0.017225801368297013,512,64,64,64,393865,48803,60030,67702,0,7,15,825156,,0
300002,normal,0,0.34999999999999998,1,48,0,RECOMMENDATION,0.042783740701440497,0.10727843103117275,512,192,88,80,929764,1792556,79239,82264,0,7,17,629510,,0
300002,normal,0,0.34999999999999998,1,49,0,RECOMMENDATION,0.028708568757633748,0.074116693675554068,512,64,64,64,360054,44387,69164,64227,0,7,15,812887,,0
300002,normal,0,0.34999999999999998,1,50,0,RECOMMENDATION,0.051096699317616706,0.12974176041940591,512,320,96,96,707869,280343,80842,99500,0,7,19,622579,,0
300002,normal,0,0.34999999999999998,1,51,0,RECOMMENDATION,0.046415857743719334,0.11820268817975815,512,192,88,80,360103,140692,101493,87612,0,7,17,913118,,0
300002,normal,0,0.34999999999999998,1,52,5,RECOMMENDATION,0.111650350498829,0.21817627719031144,512,320,176,152,470891,255566,157928,149555,0,6,25,634047,,0
300002,normal,0,0.34999999999999998,1,53,0,RECOMMENDATION,0.07723936699980373,0.18690106432752379,512,320,120,96,389888,464862,159921,94973,0,7,19,596981,,0
300002,normal,0,0.34999999999999998,1,54,0,RECOMMENDATION,0.031629330854593539,0.081668627387892143,512,192,128,80,415216,159380,101984,74782,0,7,17,611072,,0
300002,normal,0,0.34999999999999998,1,55,0,RECOMMENDATION,0.078649146811453699,0.20211192344834808,512,320,216,96,358061,251359,177287,90576,0,7,19,697333,,0
300002,normal,0,0.34999999999999998,1,56,0,RECOMMENDATION,0.033923264091865607,0.087382799261977506,512,192,112,80,373203,131828,92730,78579,0,7,17,664673,,0
300002,normal,0,0.34999999999999998,1,57,0,RECOMMENDATION,0.073742027076514644,0.19103132030361022,512,320,192,96,401135,360564,157818,143748,0,7,19,704042,,0
300002,normal,0,0.34999999999999998,1,58,0,RECOMMENDATION,0.11670443472318803,0.30308975623939766,512,320,264,96,382607,282957,228705,99750,0,7,19,675380,,0
300002,normal,0,1,0,0,0,RECOMMENDATION,0.13430161076685526,0.13430161076685526,512,384,160,104,427435,292411,134423,100812,0,7,20,624903,,0
300002,normal,0,1,0,1,0,RECOMMENDATION,0.28418755180300587,0.28418755180300587,512,512,344,120,359843,353253,313653,144879,0,7,22,663772,,0
300002,normal,0,1,0,2,0,RECOMMENDATION,0.044655554297535947,0.044655554297535947,512,192,192,80,411581,132139,152430,76856,0,7,17,617973,,0
300002,normal,0,1,0,3,0,RECOMMENDATION,0.039723444329093263,0.039723444329093263,512,192,88,80,414606,142755,73220,79160,0,7,17,606485,,0
300002,normal,0,1,0,4,0,RECOMMENDATION,0.093737552826647794,0.093737552826647794,512,320,208,96,405192,222316,178209,194543,0,7,19,624723,,0
300002,normal,0,1,0,5,0,RECOMMENDATION,0.090130293803221212,0.090130293803221212,512,320,160,96,357299,266963,156176,91438,0,7,19,682480,,0
300002,normal,0,1,0,6,0,RECOMMENDATION,0.010508797139282286,0.010508797139282286,512,64,64,64,389548,44807,54943,66811,0,7,15,815150,,0
300002,normal,0,1,0,7,0,RECOMMENDATION,0.075592865203822066,0.075592865203822066,512,320,136,96,502188,247884,119280,99049,0,7,19,604032,,0
300002,normal,0,1,0,8,0,RECOMMENDATION,0.16732685412863338,0.16732685412863338,512,448,208,112,384590,315536,184779,109085,0,7,21,589610,,0
300002,normal,0,1,0,9,0,RECOMMENDATION,0.10428613205086021,0.10428613205086021,512,320,120,96,421656,245050,117588,97217,0,7,19,675770,,0
300002,normal,0,1,0,10,0,RECOMMENDATION,0.030457240686783491,0.030457240686783491,512,192,80,80,374114,327865,69886,134934,0,7,17,580747,,0
300002,normal,0,1,0,11,0,RECOMMENDATION,0.14617452963447106,0.14617452963447106,512,384,184,104,429298,273793,154513,100492,0,7,20,603250,,0
300002,normal,0,1,0,12,0,RECOMMENDATION,0.22426073693325696,0.22426073693325696,512,448,328,112,357970,325562,329277,104648,0,7,21,631493,,0
300002,normal,0,1,0,13,4,RECOMMENDATION,0.29871316858887437,0.29871316858887437,512,512,240,176,362818,354726,231519,445983,0,6,28,615539,,0
300002,normal,0,1,0,14,0,RECOMMENDATION,0.17162159552098855,0.17162159552098855,512,448,216,112,381165,336788,184038,169757,0,7,21,644583,,0
300002,normal,0,1,0,15,0,RECOMMENDATION,0.085851544323099382,0.085851544323099382,512,320,264,96,356428,229386,339402,97886,0,7,19,623371,,0
300002,normal,0,1,0,16,0,RECOMMENDATION,0.22539706329714312,0.22539706329714312,512,448,232,112,359753,325821,192841,103136,0,7,21,606916,,0
300002,normal,0,1,0,17,5,RECOMMENDATION,0.069240429265897102,0.069240429265897102,512,320,160,152,488167,222867,129836,139611,0,6,25,595569,,0
300002,normal,0,1,0,18,0,RECOMMENDATION,0.023568562355388251,0.023568562355388251,512,64,64,64,360123,44908,54662,64217,0,7,15,662280,,0
300002,normal,0,1,0,19,0,RECOMMENDATION,0.10573182557162696,0.10573182557162696,512,320,208,96,370740,225050,169125,102635,0,7,19,635619,,0
300002,normal,0,1,0,20,0,RECOMMENDATION,0.015378579979271943,0.015378579979271943,512,64,64,64,358340,44857,57597,67221,0,7,15,625855,,0
300002,normal,0,1,0,21,0,RECOMMENDATION,0.015095157904249177,0.015095157904249177,512,64,64,64,356337,44587,161514,71047,0,7,15,635949,,0
300002,normal,0,1,0,22,5,RECOMMENDATION,0.03933814133215717,0.03933814133215717,512,192,136,136,363498,131678,130416,139610,0,6,23,613967,,0
300002,normal,0,1,0,23,0,RECOMMENDATION,0.011379696885112691,0.011379696885112691,512,64,64,64,356017,46611,53090,61664,0,7,15,796352,,0
300002,normal,0,1,0,24,4,RECOMMENDATION,0.3408268047160074,0.3408268047160074,512,512,320,176,387785,356047,274474,157648,0,6,28,762852,,0
300002,normal,0,1,0,25,0,RECOMMENDATION,0.45394712239627705,0.45394712239627705,512,512,320,120,366273,439363,273312,117418,0,7,22,847839,,0
300002,normal,0,1,0,26,0,RECOMMENDATION,0.27774035221129667,0.27774035221129667,512,512,176,120,366723,370940,149466,117477,0,7,22,659836,,0
300002,normal,0,1,0,27,5,RECOMMENDATION,0.2623816679382785,0.2623816679382785,512,448,216,168,359452,353964,189777,155664,0,6,27,584352,,0
300002,normal,0,1,0,28,0,RECOMMENDATION,0.25643462448083992,0.25643462448083992,512,448,208,112,422057,309577,175455,140984,0,7,21,846627,,0
300002,normal,0,1,0,29,4,RECOMMENDATION,0.2755358723704408,0.2755358723704408,512,512,232,176,562720,359663,197188,160994,0,6,28,620837,,0
300002,normal,0,1,0,30,0,RECOMMENDATION,0.4798359052377511,0.4798359052377511,512,512,376,120,589340,440004,395797,111168,0,7,22,615338,,0
300002,normal,0,1,0,31,0,RECOMMENDATION,0.2878257238473052,0.2878257238473052,512,512,232,120,357139,365161,206732,127062,0,7,22,599835,,0
300002,normal,0,1,0,32,0,RECOMMENDATION,0.56457941748216101,0.56457941748216101,512,512,416,120,386543,499824,361255,176445,0,7,22,593416,,0
300002,normal,0,1,0,33,4,RECOMMENDATION,0.53028985540263185,0.53028985540263185,512,512,344,176,365692,387575,339111,171989,0,6,28,643852,,0
300002,normal,0,1,0,34,0,RECOMMENDATION,0.28932886145862885,0.28932886145862885,512,512,168,120,368316,355918,162726,115254,0,7,22,609229,,0
300002,normal,0,1,0,35,0,RECOMMENDATION,0.40441923793175616,0.40441923793175616,512,512,296,120,450160,381967,479203,120662,0,7,22,642940,,0
300002,normal,0,1,0,36,0,RECOMMENDATION,0.22703349897085787,0.22703349897085787,512,448,128,112,366473,313133,127382,107513,0,7,21,597401,,0
300002,normal,0,1,0,37,0,RECOMMENDATION,0.42439920939677722,0.42439920939677722,512,512,296,120,444571,359643,259742,115926,0,7,22,790653,,0
300002,normal,0,1,0,38,5,RECOMMENDATION,0.21970675525631622,0.21970675525631622,512,448,208,168,367054,325872,176407,152521,0,6,27,611873,,0
300002,normal,0,1,0,39,0,RECOMMENDATION,0.43471264812623861,0.43471264812623861,512,512,224,120,368856,365181,185921,109064,0,7,22,593406,,0
300002,normal,0,1,0,40,0,RECOMMENDATION,0.025514613011754967,0.025514613011754967,512,64,64,64,374596,61683,54222,61904,0,7,15,579244,,0
300002,normal,0,1,0,41,0,RECOMMENDATION,0.07591824307546341,0.07591824307546341,512,320,120,96,374946,332712,100792,91849,0,7,19,628298,,0
300002,normal,0,1,0,42,0,RECOMMENDATION,0.28378821281107941,0.28378821281107941,512,512,240,120,416429,374145,199592,108454,0,7,22,634047,,0
300002,normal,0,1,0,43,0,RECOMMENDATION,0.21345784634701162,0.21345784634701162,512,448,232,112,628208,338701,197608,173893,0,7,21,613156,,0
300002,normal,0,1,0,44,5,RECOMMENDATION,0.26013604829663861,0.26013604829663861,512,448,248,168,366233,557051,214484,164859,0,6,27,639084,,0
300002,normal,0,1,0,45,0,RECOMMENDATION,0.13292702732884229,0.13292702732884229,512,384,152,104,407816,266733,197227,118019,0,7,20,616521,,0
300002,normal,0,1,0,46,0,RECOMMENDATION,0.0559383978423715,0.0559383978423715,512,320,136,96,452694,223338,111638,88223,0,7,19,579174,,0
300002,normal,0,1,0,47,0,RECOMMENDATION,0.017225801368297013,0.017225801368297013,512,64,64,64,404481,47662,59099,67873,0,7,15,591422,,0
300002,normal,0,1,0,48,0,RECOMMENDATION,0.10727843103117275,0.10727843103117275,512,320,120,96,360374,236137,104518,97558,0,7,19,663902,,0
300002,normal,0,1,0,49,0,RECOMMENDATION,0.074116693675554068,0.074116693675554068,512,320,216,96,361786,222125,175795,652375,0,7,19,1231769,,0
300002,normal,0,1,0,50,0,RECOMMENDATION,0.12974176041940591,0.12974176041940591,512,384,144,104,364150,281554,119901,103616,0,7,20,725846,,0
300002,normal,0,1,0,51,5,RECOMMENDATION,0.10439071742800854,0.10439071742800854,512,320,168,152,376388,230689,141023,138939,0,6,25,656371,,0
300002,normal,0,1,0,52,5,RECOMMENDATION,0.13724118562008764,0.13724118562008764,512,384,168,160,469879,269727,145520,148614,0,6,26,595429,,0
300002,normal,0,1,0,53,0,RECOMMENDATION,0.18790273297813626,0.18790273297813626,512,448,184,112,437671,373403,149616,107513,0,7,21,611473,,0
300002,normal,0,1,0,54,0,RECOMMENDATION,0.059720069458536057,0.059720069458536057,512,320,264,96,357529,219792,206722,85489,0,7,19,679425,,0
300002,normal,0,1,0,55,0,RECOMMENDATION,0.22072097637508781,0.22072097637508781,512,448,384,112,406414,546265,320213,108104,0,7,21,669931,,0
300002,normal,0,1,0,56,0,RECOMMENDATION,0.089658339970187462,0.089658339970187462,512,320,160,96,372362,221315,161434,92921,0,7,19,599725,,0
300002,normal,0,1,0,57,0,RECOMMENDATION,0.19847048379243429,0.19847048379243429,512,448,296,112,359282,403629,241985,138219,0,7,21,651623,,0
300002,normal,0,1,0,58,0,RECOMMENDATION,0.32143387523206279,0.32143387523206279,512,512,408,120,384480,404851,390760,115935,0,7,22,672405,,0
300002,normal,0,1,1,0,0,RECOMMENDATION,0.13430161076685526,0.13430161076685526,512,384,160,104,393053,267935,149185,100781,0,7,20,601237,,0
300002,normal,0,1,1,1,0,RECOMMENDATION,0.28418755180300587,0.28418755180300587,512,512,344,120,360664,383399,295787,113732,0,7,22,685375,,0
300002,normal,0,1,1,2,0,RECOMMENDATION,0.044655554297535947,0.044655554297535947,512,192,192,80,358641,131258,152240,77096,0,7,17,596531,,0
300002,normal,0,1,1,3,0,RECOMMENDATION,0.039723444329093263,0.039723444329093263,512,192,88,80,372382,136225,73602,79670,0,7,17,648239,,0
300002,normal,0,1,1,4,0,RECOMMENDATION,0.093737552826647794,0.093737552826647794,512,320,208,96,365221,222686,189666,99551,0,7,19,595318,,0
300002,normal,0,1,1,5,0,RECOMMENDATION,0.090130293803221212,0.090130293803221212,512,320,160,96,358752,258771,129786,94232,0,7,19,673537,,0
300002,normal,0,1,1,6,0,RECOMMENDATION,0.010508797139282286,0.010508797139282286,512,64,64,64,375166,45999,54803,64017,0,7,15,600386,,0
300002,normal,0,1,1,7,0,RECOMMENDATION,0.075592865203822066,0.075592865203822066,512,320,136,96,359192,231209,117627,99510,0,7,19,603261,,0
300002,normal,0,1,1,8,0,RECOMMENDATION,0.16732685412863338,0.16732685412863338,512,448,208,112,396879,314085,183156,107533,0,7,21,612875,,0
300002,normal,0,1,1,9,0,RECOMMENDATION,0.10428613205086021,0.10428613205086021,512,320,120,96,360845,526234,101793,96585,0,7,19,596130,,0
300002,normal,0,1,1,10,0,RECOMMENDATION,0.030457240686783491,0.030457240686783491,512,192,80,80,372402,132530,65069,78859,0,7,17,584222,,0
300002,normal,0,1,1,11,0,RECOMMENDATION,0.14617452963447106,0.14617452963447106,512,384,184,104,529910,275226,155044,100000,0,7,20,730422,,0
300002,normal,0,1,1,12,0,RECOMMENDATION,0.22426073693325696,0.22426073693325696,512,448,328,112,449068,341356,300984,104087,0,7,21,615930,,0
300002,normal,0,1,1,13,4,RECOMMENDATION,0.29871316858887437,0.29871316858887437,512,512,240,176,406935,357069,206041,169366,0,6,28,685434,,0
300002,normal,0,1,1,14,0,RECOMMENDATION,0.17162159552098855,0.17162159552098855,512,448,216,112,360705,325942,179361,107822,0,7,21,621799,,0
300002,normal,0,1,1,15,0,RECOMMENDATION,0.085851544323099382,0.085851544323099382,512,320,264,96,394305,227533,277308,94081,0,7,19,661679,,0
300002,normal,0,1,1,16,0,RECOMMENDATION,0.22539706329714312,0.22539706329714312,512,448,232,112,397831,397510,215816,103035,0,7,21,579124,,0
300002,normal,0,1,1,17,5,RECOMMENDATION,0.069240429265897102,0.069240429265897102,512,320,160,152,374476,223748,130537,140463,0,6,25,600706,,0
300002,normal,0,1,1,18,0,RECOMMENDATION,0.023568562355388251,0.023568562355388251,512,64,64,64,359733,45168,55314,65078,0,7,15,725865,,0
300002,normal,0,1,1,19,0,RECOMMENDATION,0.10573182557162696,0.10573182557162696,512,320,208,96,506244,224939,232261,88214,0,7,19,635979,,0
300002,normal,0,1,1,20,0,RECOMMENDATION,0.015378579979271943,0.015378579979271943,512,64,64,64,378441,45138,60091,67892,0,7,15,675289,,0
300002,normal,0,1,1,21,0,RECOMMENDATION,0.015095157904249177,0.015095157904249177,512,64,64,64,357229,44718,55463,69985,0,7,15,687077,,0
300002,normal,0,1,1,22,5,RECOMMENDATION,0.03933814133215717,0.03933814133215717,512,192,136,136,359823,217789,111648,121914,0,6,23,609039,,0
300002,normal,0,1,1,23,0,RECOMMENDATION,0.011379696885112691,0.011379696885112691,512,64,64,64,356258,45739,83336,61964,0,7,15,587537,,0
300002,normal,0,1,1,24,4,RECOMMENDATION,0.3408268047160074,0.3408268047160074,512,512,320,176,613176,361696,290909,157919,0,6,28,599314,,0
300002,normal,0,1,1,25,0,RECOMMENDATION,0.45394712239627705,0.45394712239627705,512,512,320,120,364620,425301,275275,116886,0,7,22,685544,,0
300002,normal,0,1,1,26,0,RECOMMENDATION,0.27774035221129667,0.27774035221129667,512,512,176,120,621488,452073,151118,121123,0,7,22,623521,,0
300002,normal,0,1,1,27,5,RECOMMENDATION,0.2623816679382785,0.2623816679382785,512,448,216,168,361977,331069,278040,185100,0,6,27,896413,,0
300002,normal,0,1,1,28,0,RECOMMENDATION,0.25643462448083992,0.25643462448083992,512,448,208,112,445973,335065,174333,110406,0,7,21,709942,,0
300002,normal,0,1,1,29,4,RECOMMENDATION,0.2755358723704408,0.2755358723704408,512,512,232,176,362837,393524,195274,222466,0,6,28,816132,,0
300002,normal,0,1,1,30,0,RECOMMENDATION,0.4798359052377511,0.4798359052377511,512,512,376,120,537892,434676,326523,110897,0,7,22,829071,,0
300002,normal,0,1,1,31,0,RECOMMENDATION,0.2878257238473052,0.2878257238473052,512,512,232,120,356688,416238,194874,181625,0,7,22,767709,,0
300002,normal,0,1,1,32,0,RECOMMENDATION,0.56457941748216101,0.56457941748216101,512,512,416,120,460826,432773,381255,122074,0,7,22,690663,,0
300002,normal,0,1,1,33,4,RECOMMENDATION,0.53028985540263185,0.53028985540263185,512,512,344,176,419263,381576,290478,175105,0,6,28,736792,,0
300002,normal,0,1,1,34,0,RECOMMENDATION,0.28932886145862885,0.28932886145862885,512,512,168,120,410239,380925,215806,158189,0,7,22,691464,,0
300002,normal,0,1,1,35,0,RECOMMENDATION,0.40441923793175616,0.40441923793175616,512,512,296,120,367404,371530,425753,119351,0,7,22,898937,,0
300002,normal,0,1,1,36,0,RECOMMENDATION,0.22703349897085787,0.22703349897085787,512,448,128,112,486595,317669,114302,107252,0,7,21,685104,,0
300002,normal,0,1,1,37,0,RECOMMENDATION,0.42439920939677722,0.42439920939677722,512,512,296,120,588709,483539,259231,116646,0,7,22,604182,,0
300002,normal,0,1,1,38,5,RECOMMENDATION,0.21970675525631622,0.21970675525631622,512,448,208,168,366894,312522,189346,153141,0,6,27,622930,,0
300002,normal,0,1,1,39,0,RECOMMENDATION,0.43471264812623861,0.43471264812623861,512,512,224,120,413324,419333,190938,110868,0,7,22,587857,,0
300002,normal,0,1,1,40,0,RECOMMENDATION,0.025514613011754967,0.025514613011754967,512,64,64,64,373584,44838,55774,63266,0,7,15,593025,,0
300002,normal,0,1,1,41,0,RECOMMENDATION,0.07591824307546341,0.07591824307546341,512,320,120,96,375407,222596,133993,91799,0,7,19,615799,,0
300002,normal,0,1,1,42,0,RECOMMENDATION,0.28378821281107941,0.28378821281107941,512,512,240,120,364410,355106,213152,108704,0,7,22,615269,,0
300002,normal,0,1,1,43,0,RECOMMENDATION,0.21345784634701162,0.21345784634701162,512,448,232,112,357159,348356,195114,114634,0,7,21,608127,,0
300002,normal,0,1,1,44,5,RECOMMENDATION,0.26013604829663861,0.26013604829663861,512,448,248,168,375677,311340,211539,162885,0,6,27,597792,,0
300002,normal,0,1,1,45,0,RECOMMENDATION,0.13292702732884229,0.13292702732884229,512,384,152,104,455848,297529,137858,99219,0,7,20,591833,,0
300002,normal,0,1,1,46,0,RECOMMENDATION,0.0559383978423715,0.0559383978423715,512,320,136,96,372412,222946,110847,87482,0,7,19,581078,,0
300002,normal,0,1,1,47,0,RECOMMENDATION,0.017225801368297013,0.017225801368297013,512,64,64,64,362538,48062,59329,67983,0,7,15,645324,,0
300002,normal,0,1,1,48,0,RECOMMENDATION,0.10727843103117275,0.10727843103117275,512,320,120,96,402157,223317,212952,98068,0,7,19,632775,,0
300002,normal,0,1,1,49,0,RECOMMENDATION,0.074116693675554068,0.074116693675554068,512,320,216,96,355988,220182,175085,92299,0,7,19,650383,,0
300002,normal,0,1,1,50,0,RECOMMENDATION,0.12974176041940591,0.12974176041940591,512,384,144,104,363048,339472,119941,101493,0,7,20,615779,,0
300002,normal,0,1,1,51,5,RECOMMENDATION,0.10439071742800854,0.10439071742800854,512,320,168,152,366493,243908,138779,137679,0,6,25,611703,,0
300002,normal,0,1,1,52,5,RECOMMENDATION,0.13724118562008764,0.13724118562008764,512,384,168,160,376128,267915,144468,152089,0,6,26,577662,,0
300002,normal,0,1,1,53,0,RECOMMENDATION,0.18790273297813626,0.18790273297813626,512,448,184,112,364550,307715,175495,107252,0,7,21,590842,,0
300002,normal,0,1,1,54,0,RECOMMENDATION,0.059720069458536057,0.059720069458536057,512,320,264,96,372012,222445,218930,94363,0,7,19,639325,,0
300002,normal,0,1,1,55,0,RECOMMENDATION,0.22072097637508781,0.22072097637508781,512,448,384,112,367034,353384,400345,114202,0,7,21,603812,,0
300002,normal,0,1,1,56,0,RECOMMENDATION,0.089658339970187462,0.089658339970187462,512,320,160,96,359713,420786,132280,95604,0,7,19,677883,,0
300002,normal,0,1,1,57,0,RECOMMENDATION,0.19847048379243429,0.19847048379243429,512,448,296,112,389238,369788,240944,111287,0,7,21,596250,,0
300002,normal,0,1,1,58,0,RECOMMENDATION,0.32143387523206279,0.32143387523206279,512,512,408,120,364480,399833,347755,172449,0,7,22,611193,,0
300002,normal,2,0,0,2,0,RECOMMENDATION,0.0025695564331273037,0.044655554297535947,512,64,64,64,401115,82534,51878,62224,0,7,15,596120,,0
300002,normal,2,0,0,5,0,RECOMMENDATION,0.0056287266365331592,0.090130293803221212,512,64,64,64,358491,45358,53530,88974,0,7,15,710262,,0
300002,normal,2,0,0,8,0,RECOMMENDATION,0.018781976170639144,0.16732685412863338,512,64,64,64,365331,45168,107201,71808,0,7,15,611994,,0
300002,normal,2,0,0,11,0,RECOMMENDATION,0.015106432517467218,0.14617452963447106,512,64,64,64,362907,46881,56495,65999,0,7,15,595298,,0
300002,normal,2,0,0,14,0,RECOMMENDATION,0.013287623606477155,0.19677621713261209,512,64,64,64,2650841,46180,57197,67841,0,7,15,643633,,0
300002,normal,2,0,0,17,0,RECOMMENDATION,0.0031052496811748583,0.039230977007357497,512,64,64,64,385783,44628,54462,120002,0,7,15,4382704,,0
300002,normal,2,0,0,20,0,RECOMMENDATION,0.0019930738591903132,0.015378579979271943,512,64,64,64,359462,44778,58879,119470,0,7,15,618514,,0
300002,normal,2,0,0,23,0,RECOMMENDATION,0.0046224125465065416,0.055852766186169127,512,64,64,64,389748,46500,53701,62824,0,7,15,706877,,0
300002,normal,2,0,0,26,0,RECOMMENDATION,0.055767725209134693,0.27774035221129667,512,320,152,104,392403,225851,134173,159051,0,7,20,584582,,0
300002,normal,2,0,0,29,0,RECOMMENDATION,0.019958132286476124,0.24420376805943714,512,128,128,128,368536,89946,123356,122895,0,6,22,639085,,0
300002,normal,2,0,0,32,0,RECOMMENDATION,0.050532805191918405,0.56457941748216101,512,320,152,96,401866,226772,150638,101473,0,7,19,617502,,0
300002,normal,2,0,0,35,0,RECOMMENDATION,0.044836027345561288,0.42227963557703652,512,192,88,80,401857,138790,75995,81373,0,7,17,615279,,0
300002,normal,2,0,0,38,0,RECOMMENDATION,0.017263395595927267,0.18596547907207039,512,64,64,64,393875,46270,55173,64528,0,7,15,622810,,0
300002,normal,2,0,0,41,0,RECOMMENDATION,0.0048644323863077672,0.075918243075463437,512,64,64,64,358641,45318,54963,67882,0,7,15,691143,,0
300002,normal,2,0,0,44,0,RECOMMENDATION,0.037062295448845664,0.29448821110344064,512,192,104,80,398521,184659,91808,86290,0,7,17,590261,,0
300002,normal,2,0,0,47,0,RECOMMENDATION,0.009287349608367166,0.085473996402818081,512,64,64,64,363839,48062,60621,69385,0,7,15,607707,,0
300002,normal,2,0,0,50,0,RECOMMENDATION,0.015349533214588994,0.19895355200813788,512,64,64,64,362727,45388,55403,90095,0,7,15,650682,,0
300002,normal,2,0,0,53,0,RECOMMENDATION,0.0586456432489674,0.33084302671593252,512,320,168,104,457260,226502,142285,113181,0,7,20,623281,,0
300002,normal,2,0,0,56,0,RECOMMENDATION,0.03070738144266804,0.25098498885203224,512,192,96,80,388055,135614,85118,117417,0,7,17,795300,,0
300002,normal,2,0,1,2,0,RECOMMENDATION,0.0025695564331273037,0.044655554297535947,512,64,64,64,392102,45619,51508,62495,0,7,15,635479,,0
300002,normal,2,0,1,5,0,RECOMMENDATION,0.0056287266365331592,0.090130293803221212,512,64,64,64,418071,45659,54091,67121,0,7,15,724534,,0
300002,normal,2,0,1,8,0,RECOMMENDATION,0.018781976170639144,0.16732685412863338,512,64,64,64,383108,45649,62284,70507,0,7,15,607167,,0
300002,normal,2,0,1,11,0,RECOMMENDATION,0.015106432517467218,0.14617452963447106,512,64,64,64,359683,47762,85248,67191,0,7,15,785245,,0
300002,normal,2,0,1,14,0,RECOMMENDATION,0.013287623606477155,0.19677621713261209,512,64,64,64,362738,45248,58098,68352,0,7,15,830914,,0
300002,normal,2,0,1,17,0,RECOMMENDATION,0.0031052496811748583,0.039230977007357497,512,64,64,64,402497,45128,54222,68884,0,7,15,897284,,0
300002,normal,2,0,1,20,0,RECOMMENDATION,0.0019930738591903132,0.015378579979271943,512,64,64,64,360614,45149,90346,67272,0,7,15,1089614,,0
300002,normal,2,0,1,23,0,RECOMMENDATION,0.0046224125465065416,0.055852766186169127,512,64,64,64,357509,45950,96225,63325,0,7,15,617943,,0
300002,normal,2,0,1,26,0,RECOMMENDATION,0.055767725209134693,0.27774035221129667,512,320,152,104,408897,253352,134533,104327,0,7,20,768240,,0
300002,normal,2,0,1,29,0,RECOMMENDATION,0.019958132286476124,0.24420376805943714,512,128,128,128,362447,89985,109976,151158,0,6,22,642590,,0
300002,normal,2,0,1,32,0,RECOMMENDATION,0.050532805191918405,0.56457941748216101,512,320,152,96,412532,304800,133932,99610,0,7,19,619926,,0
300002,normal,2,0,1,35,0,RECOMMENDATION,0.044836027345561288,0.42227963557703652,512,192,88,80,375707,147533,77197,82394,0,7,17,850964,,0
300002,normal,2,0,1,38,0,RECOMMENDATION,0.017263395595927267,0.18596547907207039,512,64,64,64,391621,45679,55684,65348,0,7,15,739406,,0
300002,normal,2,0,1,41,0,RECOMMENDATION,0.0048644323863077672,0.075918243075463437,512,64,64,64,358371,45398,54953,68503,0,7,15,713257,,0
300002,normal,2,0,1,44,0,RECOMMENDATION,0.037062295448845664,0.29448821110344064,512,192,104,80,389427,134873,93471,86860,0,7,17,2671672,,0
300002,normal,2,0,1,47,0,RECOMMENDATION,0.009287349608367166,0.085473996402818081,512,64,64,64,465883,50106,92669,70195,0,7,15,829282,,0
300002,normal,2,0,1,50,0,RECOMMENDATION,0.015349533214588994,0.19895355200813788,512,64,64,64,512613,47071,56696,66871,0,7,15,657232,,0
300002,normal,2,0,1,53,0,RECOMMENDATION,0.0586456432489674,0.33084302671593252,512,320,168,104,367725,284620,173041,113060,0,7,20,731765,,0
300002,normal,2,0,1,56,0,RECOMMENDATION,0.03070738144266804,0.25098498885203224,512,192,96,80,433975,135044,83526,80421,0,7,17,591002,,0
300002,normal,2,0.34999999999999998,0,2,0,RECOMMENDATION,0.01729965568567033,0.044655554297535947,512,64,64,64,358371,44387,321425,62995,0,7,15,682660,,0
300002,normal,2,0.34999999999999998,0,5,0,RECOMMENDATION,0.035204275144873974,0.090130293803221212,512,192,104,80,374074,132600,82955,78108,0,7,17,592293,,0
300002,normal,2,0.34999999999999998,0,8,0,RECOMMENDATION,0.070772683455937124,0.16732685412863338,512,320,144,96,470981,286462,130788,97318,0,7,19,689170,,0
300002,normal,2,0.34999999999999998,0,11,0,RECOMMENDATION,0.060980266508418562,0.14617452963447106,512,320,136,96,446063,229276,114924,93321,0,7,19,650171,,0
300002,normal,2,0.34999999999999998,0,14,0,RECOMMENDATION,0.07750863134062437,0.19677621713261209,512,320,160,96,374606,223808,133932,94432,0,7,19,597031,,0
300002,normal,2,0.34999999999999998,0,17,0,RECOMMENDATION,0.015749254245338781,0.039230977007357497,512,64,64,64,434596,61062,54161,66821,0,7,15,583951,,0
300002,normal,2,0.34999999999999998,0,20,0,RECOMMENDATION,0.0066780010012188829,0.015378579979271943,512,64,64,64,359813,45069,57797,81874,0,7,15,579364,,0
300002,normal,2,0.34999999999999998,0,23,0,RECOMMENDATION,0.022553036320388447,0.055852766186169127,512,64,64,64,358191,47272,55374,64268,0,7,15,896673,,0
300002,normal,2,0.34999999999999998,0,26,0,RECOMMENDATION,0.13345814465989136,0.27774035221129667,512,384,184,112,511211,273654,161504,112139,0,7,21,663301,,0
300002,normal,2,0.34999999999999998,0,29,0,RECOMMENDATION,0.098444104807012475,0.24420376805943714,512,320,184,152,396529,225711,159701,205090,0,6,25,678424,,0
300002,normal,2,0.34999999999999998,0,32,0,RECOMMENDATION,0.2304491194935033,0.56457941748216101,512,448,352,112,417400,317089,367965,123786,0,7,21,624753,,0
300002,normal,2,0.34999999999999998,0,35,0,RECOMMENDATION,0.17694129022657762,0.42227963557703652,512,448,176,112,380594,322127,147883,182416,0,7,21,654237,,0
300002,normal,2,0.34999999999999998,0,38,0,RECOMMENDATION,0.076309124812577359,0.18596547907207039,512,320,128,96,368826,327774,132490,116397,0,7,19,765835,,0
300002,normal,2,0.34999999999999998,0,41,0,RECOMMENDATION,0.029733266127512252,0.075918243075463437,512,64,64,64,372722,44727,54292,64718,0,7,15,579765,,0
300002,normal,2,0.34999999999999998,0,44,5,RECOMMENDATION,0.12479096268040624,0.26013604829663861,512,384,208,160,470300,335637,181594,157949,0,6,26,669090,,0
300002,normal,2,0.34999999999999998,0,47,0,RECOMMENDATION,0.0092198430794196359,0.017225801368297013,512,64,64,64,426784,48413,60181,69185,0,7,15,863894,,0
300002,normal,2,0.34999999999999998,0,50,0,RECOMMENDATION,0.051096699317616706,0.12974176041940591,512,320,96,96,806507,222466,80822,126742,0,7,19,593226,,0
300002,normal,2,0.34999999999999998,0,53,0,RECOMMENDATION,0.1057141125997329,0.24206097344037744,512,320,160,104,579154,225240,196296,102925,0,7,20,605644,,0
300002,normal,2,0.34999999999999998,0,56,0,RECOMMENDATION,0.060289835993039886,0.1500678208702049,512,320,176,152,380594,226602,148534,166281,0,6,25,660277,,0
300002,normal,2,0.34999999999999998,1,2,0,RECOMMENDATION,0.01729965568567033,0.044655554297535947,512,64,64,64,432794,50146,99931,66390,0,7,15,609660,0.057232385962596333,1024
300002,normal,2,0.34999999999999998,1,5,0,RECOMMENDATION,0.035204275144873974,0.090130293803221212,512,192,104,80,358121,132119,83826,78949,0,7,17,624923,0.14749892978232054,1024
300002,normal,2,0.34999999999999998,1,8,0,RECOMMENDATION,0.070772683455937124,0.16732685412863338,512,320,144,96,364911,242726,129335,97588,0,7,19,626365,0.18056151382979863,1024
300002,normal,2,0.34999999999999998,1,11,0,RECOMMENDATION,0.060980266508418562,0.14617452963447106,512,320,136,96,382797,257308,114493,113000,0,7,19,670061,0.12015295558941291,1024
300002,normal,2,0.34999999999999998,1,14,0,RECOMMENDATION,0.07750863134062437,0.19677621713261209,512,320,160,96,392032,225180,134143,94984,0,7,19,577351,0.13267327708526805,1024
300002,normal,2,0.34999999999999998,1,17,0,RECOMMENDATION,0.015749254245338781,0.039230977007357497,512,64,64,64,374805,44928,53871,66431,0,7,15,599264,0.091696455668956622,1024
300002,normal,2,0.34999999999999998,1,20,0,RECOMMENDATION,0.0066780010012188829,0.015378579979271943,512,64,64,64,582829,45689,58388,64287,0,7,15,590441,0.097059540935720751,1024
300002,normal,2,0.34999999999999998,1,23,0,RECOMMENDATION,0.022553036320388447,0.055852766186169127,512,64,64,64,384610,46620,54532,63576,0,7,15,693748,0.13291467797474013,1024
300002,normal,2,0.34999999999999998,1,26,0,RECOMMENDATION,0.13345814465989136,0.27774035221129667,512,384,184,112,1191088,327374,243658,112088,0,7,21,621478,0.33127947240891037,1024
300002,normal,2,0.34999999999999998,1,29,0,RECOMMENDATION,0.098444104807012475,0.24420376805943714,512,320,184,152,427185,223698,171008,143486,0,6,25,655761,0.26178905904861838,1024
300002,normal,2,0.34999999999999998,1,32,0,RECOMMENDATION,0.2304491194935033,0.56457941748216101,512,448,352,112,430139,313964,380674,118628,0,7,21,608849,0.41278588854719711,1024
300002,normal,2,0.34999999999999998,1,35,0,RECOMMENDATION,0.17694129022657762,0.42227963557703652,512,448,176,112,358772,346883,148484,110056,0,7,21,631744,0.51407415491760711,1024
300002,normal,2,0.34999999999999998,1,38,0,RECOMMENDATION,0.076309124812577359,0.18596547907207039,512,320,128,96,388256,697923,130688,91328,0,7,19,863964,0.31477828034097899,1024
300002,normal,2,0.34999999999999998,1,41,0,RECOMMENDATION,0.029733266127512252,0.075918243075463437,512,64,64,64,651423,46059,56035,66279,0,7,15,584312,0.095396643254272079,1024
300002,normal,2,0.34999999999999998,1,44,5,RECOMMENDATION,0.12479096268040624,0.26013604829663861,512,384,208,160,588108,273323,182505,164739,0,6,26,639075,0.22753692997236277,1024
300002,normal,2,0.34999999999999998,1,47,0,RECOMMENDATION,0.0092198430794196359,0.017225801368297013,512,64,64,64,384480,47552,59590,68523,0,7,15,582069,0.087494706965576166,1024
300002,normal,2,0.34999999999999998,1,50,0,RECOMMENDATION,0.051096699317616706,0.12974176041940591,512,320,96,96,375567,222155,79540,129145,0,7,19,580086,0.10481639776735648,1024
300002,normal,2,0.34999999999999998,1,53,0,RECOMMENDATION,0.1057141125997329,0.24206097344037744,512,320,160,104,360534,236868,132901,103175,0,7,20,638684,0.23130170647559115,1024
300002,normal,2,0.34999999999999998,1,56,0,RECOMMENDATION,0.060289835993039886,0.1500678208702049,512,320,176,152,359122,221494,180192,141273,0,6,25,631624,0.14069125650679079,1024
300002,normal,2,1,0,2,0,RECOMMENDATION,0.044655554297535947,0.044655554297535947,512,192,192,80,359122,130958,167953,96866,0,7,17,592123,,0
300002,normal,2,1,0,5,0,RECOMMENDATION,0.090130293803221212,0.090130293803221212,512,320,160,96,358041,220984,129465,126560,0,7,19,627107,,0
300002,normal,2,1,0,8,0,RECOMMENDATION,0.16732685412863338,0.16732685412863338,512,448,208,112,437690,316517,287514,111258,0,7,21,871235,,0
300002,normal,2,1,0,11,0,RECOMMENDATION,0.14617452963447106,0.14617452963447106,512,384,184,104,357319,274885,170477,133622,0,7,20,609300,,0
300002,normal,2,1,0,14,0,RECOMMENDATION,0.19677621713261209,0.19677621713261209,512,448,224,112,361576,376438,186502,107943,0,7,21,621028,,0
300002,normal,2,1,0,17,0,RECOMMENDATION,0.039230977007357497,0.039230977007357497,512,192,80,80,359522,131808,65899,83096,0,7,17,827379,,0
300002,normal,2,1,0,20,0,RECOMMENDATION,0.015378579979271943,0.015378579979271943,512,64,64,64,392302,46841,61303,67943,0,7,15,672975,,0
300002,normal,2,1,0,23,5,RECOMMENDATION,0.041410849543397354,0.041410849543397354,512,192,152,136,358180,134513,123747,122114,0,6,23,611062,,0
300002,normal,2,1,0,26,0,RECOMMENDATION,0.24700218546114405,0.24700218546114405,512,448,232,168,365081,395437,202746,160322,0,6,27,677834,,0
300002,normal,2,1,0,29,4,RECOMMENDATION,0.2755358723704408,0.2755358723704408,512,512,272,232,445212,387605,229918,214133,0,5,34,603050,,0
300002,normal,2,1,0,32,0,RECOMMENDATION,0.56457941748216101,0.56457941748216101,512,512,416,120,375958,357219,363669,122395,0,7,22,607066,,0
300002,normal,2,1,0,35,0,RECOMMENDATION,0.42227963557703652,0.42227963557703652,512,512,280,176,371150,364851,238701,168695,0,6,28,649370,,0
300002,normal,2,1,0,38,0,RECOMMENDATION,0.18596547907207039,0.18596547907207039,512,448,176,112,401356,627186,222196,107793,0,7,21,626726,,0
300002,normal,2,1,0,41,0,RECOMMENDATION,0.075918243075463437,0.075918243075463437,512,320,120,96,358031,221775,98969,91187,0,7,19,636772,,0
300002,normal,2,1,0,44,5,RECOMMENDATION,0.26013604829663861,0.26013604829663861,512,448,248,168,369107,313824,279311,191229,0,6,27,673026,,0
300002,normal,2,1,0,47,0,RECOMMENDATION,0.017225801368297013,0.017225801368297013,512,64,64,64,360033,47973,59490,68684,0,7,15,616941,,0
300002,normal,2,1,0,50,0,RECOMMENDATION,0.12974176041940591,0.12974176041940591,512,384,144,104,403810,267754,119070,235425,0,7,20,827390,,0
300002,normal,2,1,0,53,5,RECOMMENDATION,0.21774974072508629,0.21774974072508629,512,448,176,112,388617,311260,144959,160752,0,7,21,664533,,0
300002,normal,2,1,0,56,0,RECOMMENDATION,0.087382799261977506,0.087382799261977506,512,320,144,96,370870,221244,119019,92109,0,7,19,621368,,0
300002,normal,2,1,1,2,0,RECOMMENDATION,0.044655554297535947,0.044655554297535947,512,192,192,80,358772,131369,153932,80342,0,7,17,609791,,0
300002,normal,2,1,1,5,0,RECOMMENDATION,0.090130293803221212,0.090130293803221212,512,320,160,96,884766,226271,181183,96616,0,7,19,1619114,,0
300002,normal,2,1,1,8,0,RECOMMENDATION,0.16732685412863338,0.16732685412863338,512,448,208,112,366463,341466,256177,310037,0,7,21,1018607,,0
300002,normal,2,1,1,11,0,RECOMMENDATION,0.14617452963447106,0.14617452963447106,512,384,184,104,356388,274324,154524,98940,0,7,20,613496,,0
300002,normal,2,1,1,14,0,RECOMMENDATION,0.19677621713261209,0.19677621713261209,512,448,224,112,376177,310990,185360,108343,0,7,21,613747,,0
300002,normal,2,1,1,17,0,RECOMMENDATION,0.039230977007357497,0.039230977007357497,512,192,80,80,358361,177097,66721,82054,0,7,17,695229,,0
300002,normal,2,1,1,20,0,RECOMMENDATION,0.015378579979271943,0.015378579979271943,512,64,64,64,358832,45890,59209,105399,0,7,15,681288,,0
300002,normal,2,1,1,23,5,RECOMMENDATION,0.041410849543397354,0.041410849543397354,512,192,152,136,357690,156676,125098,121313,0,6,23,612515,,0
300002,normal,2,1,1,26,0,RECOMMENDATION,0.24700218546114405,0.24700218546114405,512,448,232,168,463129,318110,202917,161193,0,6,27,631553,,0
300002,normal,2,1,1,29,4,RECOMMENDATION,0.2755358723704408,0.2755358723704408,512,512,272,232,381106,360414,232722,246191,0,5,34,637493,,0
300002,normal,2,1,1,32,0,RECOMMENDATION,0.56457941748216101,0.56457941748216101,512,512,416,120,380094,356318,365542,121774,0,7,22,640376,,0
300002,normal,2,1,1,35,0,RECOMMENDATION,0.42227963557703652,0.42227963557703652,512,512,280,176,359472,364130,238350,231860,0,6,28,651694,,0
300002,normal,2,1,1,38,0,RECOMMENDATION,0.18596547907207039,0.18596547907207039,512,448,176,112,363969,463369,147422,104297,0,7,21,642350,,0
300002,normal,2,1,1,41,0,RECOMMENDATION,0.075918243075463437,0.075918243075463437,512,320,120,96,359723,222726,114493,96406,0,7,19,719166,,0
300002,normal,2,1,1,44,5,RECOMMENDATION,0.26013604829663861,0.26013604829663861,512,448,248,168,382257,317760,213022,182065,0,6,27,590902,,0
300002,normal,2,1,1,47,0,RECOMMENDATION,0.017225801368297013,0.017225801368297013,512,64,64,64,392993,47602,289908,68714,0,7,15,607687,,0
300002,normal,2,1,1,50,0,RECOMMENDATION,0.12974176041940591,0.12974176041940591,512,384,144,104,376008,265842,330879,103236,0,7,20,701699,,0
300002,normal,2,1,1,53,5,RECOMMENDATION,0.21774974072508629,0.21774974072508629,512,448,176,112,361125,310469,230678,126501,0,7,21,615339,,0
300002,normal,2,1,1,56,0,RECOMMENDATION,0.087382799261977506,0.087382799261977506,512,320,144,96,358041,220392,118399,123347,0,7,19,658424,,0
300002,normal,5,0,0,5,0,RECOMMENDATION,0.0056287266365331592,0.090130293803221212,512,64,64,64,641288,45950,54272,65560,0,7,15,634137,,0
300002,normal,5,0,0,11,0,RECOMMENDATION,0.015106432517467218,0.14617452963447106,512,64,64,64,359362,48303,58539,87062,0,7,15,848010,,0
300002,normal,5,0,0,17,0,RECOMMENDATION,0.0031052496811748583,0.039230977007357497,512,64,64,64,358652,44547,66020,66760,0,7,15,617222,,0
300002,normal,5,0,0,23,0,RECOMMENDATION,0.0046224125465065416,0.055852766186169127,512,64,64,64,376218,45920,53270,62424,0,7,15,599074,,0
300002,normal,5,0,0,29,0,RECOMMENDATION,0.019958132286476124,0.24420376805943714,512,64,64,64,377800,45448,55393,66981,0,7,15,624142,,0
300002,normal,5,0,0,35,0,RECOMMENDATION,0.044836027345561288,0.42227963557703652,512,192,88,80,388847,318471,109275,87473,0,7,17,647096,,0
300002,normal,5,0,0,41,0,RECOMMENDATION,0.0048644323863077672,0.075918243075463437,512,64,64,64,468247,46240,55263,65939,0,7,15,651844,,0
300002,normal,5,0,0,47,0,RECOMMENDATION,0.009287349608367166,0.085473996402818081,512,64,64,64,363769,48573,61202,68954,0,7,15,676120,,0
300002,normal,5,0,0,53,0,RECOMMENDATION,0.0586456432489674,0.33084302671593252,512,320,168,104,365071,239622,142335,235155,0,7,20,658524,,0
300002,normal,5,0,1,5,0,RECOMMENDATION,0.0056287266365331592,0.090130293803221212,512,64,64,64,359002,45238,53671,64356,0,7,15,601078,,0
300002,normal,5,0,1,11,0,RECOMMENDATION,0.015106432517467218,0.14617452963447106,512,64,64,64,386513,47712,56855,66650,0,7,15,850443,,0
300002,normal,5,0,1,17,0,RECOMMENDATION,0.0031052496811748583,0.039230977007357497,512,64,64,64,418031,44847,53741,66160,0,7,15,582229,,0
300002,normal,5,0,1,23,0,RECOMMENDATION,0.0046224125465065416,0.055852766186169127,512,64,64,64,374305,46190,56455,63225,0,7,15,637593,,0
300002,normal,5,0,1,29,0,RECOMMENDATION,0.019958132286476124,0.24420376805943714,512,64,64,64,365882,45168,55634,68893,0,7,15,686006,,0
300002,normal,5,0,1,35,0,RECOMMENDATION,0.044836027345561288,0.42227963557703652,512,192,88,80,360484,138369,76836,81924,0,7,17,593857,,0
300002,normal,5,0,1,41,0,RECOMMENDATION,0.0048644323863077672,0.075918243075463437,512,64,64,64,360824,59781,54642,64517,0,7,15,596440,,0
300002,normal,5,0,1,47,0,RECOMMENDATION,0.009287349608367166,0.085473996402818081,512,64,64,64,459503,61744,62684,87622,0,7,15,609429,,0
300002,normal,5,0,1,53,0,RECOMMENDATION,0.0586456432489674,0.33084302671593252,512,320,168,104,364350,242886,1063785,105739,0,7,20,602149,,0
300002,normal,5,0.34999999999999998,0,5,0,RECOMMENDATION,0.035204275144873974,0.090130293803221212,512,192,104,80,619054,134463,83867,92821,0,7,17,693186,,0
300002,normal,5,0.34999999999999998,0,11,0,RECOMMENDATION,0.060980266508418562,0.14617452963447106,512,320,136,96,360094,306453,116866,95294,0,7,19,704152,,0
300002,normal,5,0.34999999999999998,0,17,0,RECOMMENDATION,0.015749254245338781,0.039230977007357497,512,64,64,64,495378,51547,56385,71247,0,7,15,636851,,0
300002,normal,5,0.34999999999999998,0,23,0,RECOMMENDATION,0.022553036320388447,0.055852766186169127,512,64,64,64,388987,46330,53410,62855,0,7,15,691254,,0
300002,normal,5,0.34999999999999998,0,29,0,RECOMMENDATION,0.098444104807012475,0.24420376805943714,512,320,144,96,441677,223457,181174,121114,0,7,19,831224,,0
300002,normal,5,0.34999999999999998,0,35,0,RECOMMENDATION,0.17694129022657762,0.42227963557703652,512,448,176,112,358551,351400,168734,113532,0,7,21,761219,,0
300002,normal,5,0.34999999999999998,0,41,0,RECOMMENDATION,0.029733266127512252,0.075918243075463437,512,64,64,64,371801,47071,54792,65408,0,7,15,592114,,0
300002,normal,5,0.34999999999999998,0,47,0,RECOMMENDATION,0.035952675986424987,0.085473996402818081,512,192,80,88,362808,140332,86120,167532,0,7,18,584012,,0
300002,normal,5,0.34999999999999998,0,53,5,RECOMMENDATION,0.13639123939544193,0.27338474376865796,512,384,184,160,395657,286613,154704,213973,0,6,26,883083,,0
300002,normal,5,0.34999999999999998,1,5,0,RECOMMENDATION,0.035204275144873974,0.090130293803221212,512,192,104,80,372281,131989,84167,79239,0,7,17,636701,,0
300002,normal,5,0.34999999999999998,1,11,0,RECOMMENDATION,0.060980266508418562,0.14617452963447106,512,320,136,96,359983,311671,117277,101724,0,7,19,595088,,0
300002,normal,5,0.34999999999999998,1,17,0,RECOMMENDATION,0.015749254245338781,0.039230977007357497,512,64,64,64,356928,44637,53531,64907,0,7,15,593106,,0
300002,normal,5,0.34999999999999998,1,23,0,RECOMMENDATION,0.022553036320388447,0.055852766186169127,512,64,64,64,390250,46891,54102,66390,0,7,15,703422,,0
300002,normal,5,0.34999999999999998,1,29,0,RECOMMENDATION,0.098444104807012475,0.24420376805943714,512,320,144,96,384630,225921,121954,110997,0,7,19,643522,,0
300002,normal,5,0.34999999999999998,1,35,0,RECOMMENDATION,0.17694129022657762,0.42227963557703652,512,448,176,112,358951,387766,175975,111158,0,7,21,610231,,0
300002,normal,5,0.34999999999999998,1,41,0,RECOMMENDATION,0.029733266127512252,0.075918243075463437,512,64,64,64,358231,45399,56125,65479,0,7,15,728028,,0
300002,normal,5,0.34999999999999998,1,47,0,RECOMMENDATION,0.035952675986424987,0.085473996402818081,512,192,80,88,361646,237278,140713,90447,0,7,18,908240,,0
300002,normal,5,0.34999999999999998,1,53,5,RECOMMENDATION,0.13639123939544193,0.27338474376865796,512,384,184,160,378872,270469,155344,158400,0,6,26,651483,,0
300002,normal,5,1,0,5,0,RECOMMENDATION,0.090130293803221212,0.090130293803221212,512,320,160,96,450300,223217,299603,92830,0,7,19,892838,,0
300002,normal,5,1,0,11,0,RECOMMENDATION,0.14617452963447106,0.14617452963447106,512,384,184,104,568828,274665,153823,98498,0,7,20,610491,,0
300002,normal,5,1,0,17,0,RECOMMENDATION,0.039230977007357497,0.039230977007357497,512,192,80,80,358111,154053,67272,80973,0,7,17,599585,,0
300002,normal,5,1,0,23,5,RECOMMENDATION,0.041410849543397354,0.041410849543397354,512,192,152,136,638904,135375,124147,120922,0,6,23,740698,,0
300002,normal,5,1,0,29,4,RECOMMENDATION,0.2755358723704408,0.2755358723704408,512,512,216,120,362307,473324,180933,112170,0,7,22,803893,,0
300002,normal,5,1,0,35,0,RECOMMENDATION,0.42227963557703652,0.42227963557703652,512,512,264,120,376599,363939,265821,131097,0,7,22,653667,,0
300002,normal,5,1,0,41,0,RECOMMENDATION,0.075918243075463437,0.075918243075463437,512,320,120,96,358391,222116,99460,91509,0,7,19,632765,,0
300002,normal,5,1,0,47,5,RECOMMENDATION,0.047405400310643907,0.047405400310643907,512,192,136,136,376789,139931,125009,134293,0,6,23,621598,,0
300002,normal,5,1,0,53,5,RECOMMENDATION,0.21774974072508629,0.21774974072508629,512,448,192,168,486114,418512,157949,205420,0,6,27,594417,,0
300002,normal,5,1,1,5,0,RECOMMENDATION,0.090130293803221212,0.090130293803221212,512,320,160,96,357109,221334,144448,91999,0,7,19,729310,,0
300002,normal,5,1,1,11,0,RECOMMENDATION,0.14617452963447106,0.14617452963447106,512,384,184,104,464692,277299,174954,101764,0,7,20,658204,,0
300002,normal,5,1,1,17,0,RECOMMENDATION,0.039230977007357497,0.039230977007357497,512,192,80,80,504171,132440,65478,80963,0,7,17,711453,,0
300002,normal,5,1,1,23,5,RECOMMENDATION,0.041410849543397354,0.041410849543397354,512,192,152,136,357049,134202,139150,248144,0,6,23,581157,,0
300002,normal,5,1,1,29,4,RECOMMENDATION,0.2755358723704408,0.2755358723704408,512,512,216,120,362878,357300,180693,138289,0,7,22,943344,,0
300002,normal,5,1,1,35,0,RECOMMENDATION,0.42227963557703652,0.42227963557703652,512,512,264,120,359643,390910,224499,118870,0,7,22,671554,,0
300002,normal,5,1,1,41,0,RECOMMENDATION,0.075918243075463437,0.075918243075463437,512,320,120,96,357750,388026,100472,90526,0,7,19,596771,,0
300002,normal,5,1,1,47,5,RECOMMENDATION,0.047405400310643907,0.047405400310643907,512,192,136,136,605504,141694,124537,134202,0,6,23,648659,,0
300002,normal,5,1,1,53,5,RECOMMENDATION,0.21774974072508629,0.21774974072508629,512,448,192,168,362957,363749,186121,232131,0,6,27,661468,,0
300002,supply,0,0,0,0,0,RECOMMENDATION,0.050801695944287462,0.52274764166873455,512,320,120,96,375347,224900,103396,96255,0,7,19,622199,,0
300002,supply,0,0,0,1,0,RECOMMENDATION,0.051106936578600388,0.36219970706229709,512,320,168,96,423019,463900,143626,95384,0,7,19,780959,,0
300002,supply,0,0,0,2,0,RECOMMENDATION,0.069463033136666102,0.48614833510940242,512,320,160,104,478753,477801,142305,107323,0,7,20,727668,,0
300002,supply,0,0,0,3,4,RECOMMENDATION,0.093682949973055471,0.39611839791532583,512,320,200,152,443229,252821,182866,154263,0,6,25,611924,,0
300002,supply,0,0,0,4,6,RECOMMENDATION,0.097257716452953086,0.49078675257038457,512,320,264,200,365111,607227,238170,208225,0,6,31,582158,,0
300002,supply,0,0,0,5,0,RECOMMENDATION,0.0883898913795272,0.601353538617587,512,320,200,104,456910,225971,219812,101934,0,7,20,643121,,0
300002,supply,0,0,0,6,0,RECOMMENDATION,0.038470690922950343,0.38687475625429424,512,192,80,80,370289,188435,71118,84387,0,7,17,777414,,0
300002,supply,0,0,0,7,0,RECOMMENDATION,0.068365156106680744,0.49183043053595282,512,320,208,96,361565,253192,257979,95493,0,7,19,645815,,0
300002,supply,0,0,0,8,0,RECOMMENDATION,0.029100004043152574,0.19007276402521658,512,64,64,64,451772,45890,60632,67492,0,7,15,727898,,0
300002,supply,0,0,0,9,0,RECOMMENDATION,0.055850399285174254,0.34976631410176273,512,320,168,96,367936,225831,148625,150658,0,7,19,596340,,0
300002,supply,0,0,0,10,5,RECOMMENDATION,0.13400099192817588,0.47517120277358244,512,384,272,192,368906,287604,266492,457981,0,6,30,600055,,0
300002,supply,0,0,0,11,0,RECOMMENDATION,0.080238986214080391,0.50573122932458092,512,320,176,104,378051,233833,155786,118840,0,7,20,609760,,0
300002,supply,0,0,0,12,0,RECOMMENDATION,0.074854724181405,0.46182500336153892,512,320,200,112,370118,225380,189115,114763,0,7,21,763492,,0
300002,supply,0,0,0,13,0,RECOMMENDATION,0.080545647895161401,0.50310720713248469,512,320,216,112,468307,227373,195495,142746,0,7,21,663421,,0
300002,supply,0,0,0,14,0,RECOMMENDATION,0.062170899421012005,0.52148648837147638,512,320,120,96,424651,254324,105029,96846,0,7,19,716241,,0
300002,supply,0,0,0,15,0,RECOMMENDATION,0.028804172011882234,0.33046726637083768,512,64,64,64,460835,49144,57997,69525,0,7,15,1404289,,0
300002,supply,0,0,0,16,0,RECOMMENDATION,0.057585972421781123,0.32317536130742097,512,320,168,96,542539,271540,153041,100421,0,7,19,623471,,0
300002,supply,0,0,0,17,0,RECOMMENDATION,0.017889954456725022,0.17374958863720877,512,64,64,64,364551,45428,58217,74633,0,7,15,1082654,,0
300002,supply,0,0,0,18,0,RECOMMENDATION,0.0079574274973841664,0.12245790332601345,512,64,64,64,362627,44457,54783,110076,0,7,15,736251,,0
300002,supply,0,0,0,19,0,RECOMMENDATION,0.013696052956207431,0.14917081528057147,512,64,64,64,380174,46931,55974,67953,0,7,15,628078,,0
300002,supply,0,0,0,20,0,RECOMMENDATION,0.018162814333717952,0.19096636891967333,512,64,64,64,397289,46240,60251,68594,0,7,15,589680,,0
300002,supply,0,0,0,21,0,RECOMMENDATION,0.010737776331267854,0.11315897761042205,512,64,64,64,365591,46480,60491,151709,0,7,15,635179,,0
300002,supply,0,0,0,22,0,RECOMMENDATION,0.022239806564701516,0.20419410189393872,512,64,64,64,365952,45529,57287,66941,0,7,15,668669,,0
300002,supply,0,0,0,23,3,RECOMMENDATION,0.71510790989293727,0.79568142183484558,512,512,488,488,458001,371170,483359,478563,0,2,63,610211,,0
300002,supply,0,0,0,24,3,RECOMMENDATION,0.7519267512910639,1.015962822798693,512,512,488,488,497180,368145,508928,466164,0,2,63,588128,,0
300002,supply,0,0,0,25,3,RECOMMENDATION,0.77592392618145722,0.85272589418810207,512,512,488,488,367965,387484,454816,871385,0,2,63,683292,,0
300002,supply,0,0,0,26,3,RECOMMENDATION,0.72825914498410005,0.82019366209064415,512,512,488,488,434786,364971,547026,486825,0,2,63,595999,,0
300002,supply,0,0,0,27,3,RECOMMENDATION,0.85199972003218649,1.0809372645646831,512,512,488,488,366954,675520,503620,734629,0,2,63,674188,,0
300002,supply,0,0,0,28,3,RECOMMENDATION,0.98427442532928966,1.228229731127531,512,512,488,488,401055,546886,610842,548047,0,2,63,689552,,0
300002,supply,0,0,0,29,3,RECOMMENDATION,0.91889125827541296,1.0193321398828843,512,512,488,488,403399,359102,611212,478853,0,2,63,630321,,0
300002,supply,0,0,0,30,3,RECOMMENDATION,1.0124360242822417,1.2831059170713037,512,512,496,496,368897,360815,574417,470369,0,2,64,747418,,0
300002,supply,0,0,0,31,0,RECOMMENDATION,0.0059703514279982172,0.07954130724917885,512,64,64,64,374515,47141,54121,61102,0,7,15,629610,,0
300002,supply,0,0,0,32,0,RECOMMENDATION,0.0081168486917138991,0.080034691368120511,512,64,64,64,635339,47472,93010,66911,0,7,15,888331,,0
300002,supply,0,0,0,33,0,RECOMMENDATION,0.021980893864721327,0.15132514010814913,512,64,64,64,365982,45638,73100,73820,0,7,15,655830,,0
300002,supply,0,0,0,34,0,RECOMMENDATION,0.026246059310592738,0.21343819426535338,512,64,64,64,445883,45849,58608,66601,0,7,15,806207,,0
300002,supply,0,0,0,35,0,RECOMMENDATION,0.060387270497477628,0.30916138350800426,512,320,192,112,385051,236117,227423,113371,0,7,21,770493,,0
300002,supply,0,0,0,36,5,RECOMMENDATION,0.082124027394777699,0.31605206657566909,512,320,224,160,368246,277139,232441,172420,0,6,26,607396,,0
300002,supply,0,0,0,37,0,RECOMMENDATION,0.015661537028593957,0.080240049846002137,512,64,64,64,439423,45849,59891,79801,0,7,15,689181,,0
300002,supply,0,0,0,38,0,RECOMMENDATION,0.036450003904208057,0.25857163069348732,512,192,88,80,383279,135755,79049,84287,0,7,17,587287,,0
300002,supply,0,0,0,39,0,RECOMMENDATION,0.052970641447871246,0.31375805485040364,512,320,144,104,362727,250589,126331,106440,0,7,20,594207,,0
300002,supply,0,0,0,40,0,RECOMMENDATION,0.060206805844441179,0.18946202115691985,512,320,160,152,364029,223858,253312,230607,0,7,26,636341,,0
300002,supply,0,0,0,41,0,RECOMMENDATION,0.017872889761021991,0.097267191537615358,512,64,64,64,367494,45619,59269,73290,0,7,15,672886,,0
300002,supply,0,0,0,42,0,RECOMMENDATION,0.0045039346271442109,0.036021116161034018,512,64,64,64,388637,46020,63756,109816,0,7,15,662600,,0
300002,supply,0,0,0,43,0,RECOMMENDATION,0.013506593516253832,0.077788256976413006,512,64,64,64,364149,52529,98548,70966,0,7,15,638534,,0
300002,supply,0,0,0,44,0,RECOMMENDATION,0.028811289356391004,0.13890254991166337,512,64,64,64,365652,45318,61283,69435,0,7,15,626376,,0
300002,supply,0,0,0,45,0,RECOMMENDATION,0.016089474733177286,0.10804709652118971,512,64,64,64,362467,44908,108754,71388,0,7,15,707257,,0
300002,supply,0,0,0,46,0,RECOMMENDATION,0.13782319811222224,0.2462775885641231,512,384,280,280,413073,274064,274815,339933,0,6,41,677843,,0
300002,supply,0,0,0,47,6,RECOMMENDATION,0.11176269043447833,0.31887184207997959,512,320,288,288,361856,388316,314985,275876,0,6,42,601418,,0
300002,supply,0,0,0,48,0,RECOMMENDATION,0.073492352116265938,0.33908999456882993,512,320,176,136,405552,227944,160752,132470,0,7,24,662370,,0
300002,supply,0,0,0,49,0,RECOMMENDATION,0.081980950583813716,0.35707806966139366,512,320,216,120,374284,280753,197658,278860,0,7,22,737563,,0
300002,supply,0,0,0,50,4,RECOMMENDATION,0.11464301207192326,0.42426409198942022,512,320,248,192,653687,316177,232400,190297,0,6,30,834199,,0
300002,supply,0,0,0,51,6,RECOMMENDATION,0.091397479495451114,0.32798288574360801,512,320,304,264,462247,236437,306542,384600,0,6,39,799997,,0
300002,supply,0,0,0,52,0,RECOMMENDATION,0.083748865092512642,0.39308393191608676,512,320,240,112,382958,227313,221985,108624,0,7,21,637623,,0
300002,supply,0,0,0,53,0,RECOMMENDATION,0.076166793981202491,0.38596886850731116,512,320,192,120,366974,226221,255145,120862,0,7,22,659776,,0
300002,supply,0,0,0,54,6,RECOMMENDATION,0.092179619435239196,0.46391228878225321,512,320,256,232,418892,229046,382968,279241,0,5,34,640036,,0
300002,supply,0,0,0,55,0,RECOMMENDATION,0.086071513628140348,0.46021734705594886,512,320,200,112,366524,274204,237258,112710,0,7,21,692074,,0
300002,supply,0,0,0,56,6,RECOMMENDATION,0.11988180987853561,0.58650628070161648,512,320,288,224,378772,227514,289677,243207,0,6,34,655970,,0
300002,supply,0,0,0,57,0,RECOMMENDATION,0.056159659283862684,0.43429511410050564,512,320,152,96,418151,249426,141264,108965,0,7,19,655219,,0
300002,supply,0,0,0,58,5,RECOMMENDATION,0.091860085516969558,0.39329478032679316,512,320,224,168,413434,228155,194083,154683,0,6,27,609360,,0
300002,supply,0,0,1,0,0,RECOMMENDATION,0.050801695944287462,0.52274764166873455,512,320,120,96,360745,242386,103877,96065,0,7,19,625835,,0
300002,supply,0,0,1,1,0,RECOMMENDATION,0.051106936578600388,0.36219970706229709,512,320,168,96,375697,223337,141543,92248,0,7,19,605084,,0
300002,supply,0,0,1,2,0,RECOMMENDATION,0.069463033136666102,0.48614833510940242,512,320,160,104,368066,225120,152020,105891,0,7,20,617922,,0
300002,supply,0,0,1,3,4,RECOMMENDATION,0.093682949973055471,0.39611839791532583,512,320,200,152,361876,239071,205280,154233,0,6,25,1526965,,0
300002,supply,0,0,1,4,6,RECOMMENDATION,0.097257716452953086,0.49078675257038457,512,320,264,200,776191,232341,242425,252101,0,6,31,798365,,0
300002,supply,0,0,1,5,0,RECOMMENDATION,0.0883898913795272,0.601353538617587,512,320,200,104,393965,226201,170337,107772,0,7,20,662610,,0
300002,supply,0,0,1,6,0,RECOMMENDATION,0.038470690922950343,0.38687475625429424,512,192,80,80,366653,135785,70206,129836,0,7,17,727948,,0
300002,supply,0,0,1,7,0,RECOMMENDATION,0.068365156106680744,0.49183043053595282,512,320,208,96,379442,232831,222977,94282,0,7,19,598263,,0
300002,supply,0,0,1,8,0,RECOMMENDATION,0.029100004043152574,0.19007276402521658,512,64,64,64,380995,45959,58969,66350,0,7,15,616931,,0
300002,supply,0,0,1,9,0,RECOMMENDATION,0.055850399285174254,0.34976631410176273,512,320,168,96,436960,270028,148925,101574,0,7,19,650852,,0
300002,supply,0,0,1,10,5,RECOMMENDATION,0.13400099192817588,0.47517120277358244,512,384,272,192,371781,272211,331911,186423,0,6,30,669170,,0
300002,supply,0,0,1,11,0,RECOMMENDATION,0.080238986214080391,0.50573122932458092,512,320,176,104,360484,335787,156987,99120,0,7,20,628889,,0
300002,supply,0,0,1,12,0,RECOMMENDATION,0.074854724181405,0.46182500336153892,512,320,200,112,425772,227163,191178,113621,0,7,21,663271,,0
300002,supply,0,0,1,13,0,RECOMMENDATION,0.080545647895161401,0.50310720713248469,512,320,216,112,367014,224959,239222,115384,0,7,21,682350,,0
300002,supply,0,0,1,14,0,RECOMMENDATION,0.062170899421012005,0.52148648837147638,512,320,120,96,418051,226182,103696,95864,0,7,19,598293,,0
300002,supply,0,0,1,15,0,RECOMMENDATION,0.028804172011882234,0.33046726637083768,512,64,64,64,360875,46720,56865,67061,0,7,15,609540,,0
300002,supply,0,0,1,16,0,RECOMMENDATION,0.057585972421781123,0.32317536130742097,512,320,168,96,381656,246662,150738,95565,0,7,19,610341,,0
300002,supply,0,0,1,17,0,RECOMMENDATION,0.017889954456725022,0.17374958863720877,512,64,64,64,544632,47271,99830,70495,0,7,15,592134,,0
300002,supply,0,0,1,18,0,RECOMMENDATION,0.0079574274973841664,0.12245790332601345,512,64,64,64,364370,46069,55714,63897,0,7,15,1380263,,0
300002,supply,0,0,1,19,0,RECOMMENDATION,0.013696052956207431,0.14917081528057147,512,64,64,64,360304,47121,56145,65550,0,7,15,669891,,0
300002,supply,0,0,1,20,0,RECOMMENDATION,0.018162814333717952,0.19096636891967333,512,64,64,64,361105,73150,62294,70787,0,7,15,661909,,0
300002,supply,0,0,1,21,0,RECOMMENDATION,0.010737776331267854,0.11315897761042205,512,64,64,64,417831,46380,85629,75925,0,7,15,1341424,,0
300002,supply,0,0,1,22,0,RECOMMENDATION,0.022239806564701516,0.20419410189393872,512,64,64,64,404450,46059,57958,66000,0,7,15,680327,,0
300002,supply,0,0,1,23,3,RECOMMENDATION,0.71510790989293727,0.79568142183484558,512,512,488,488,399373,476949,513996,510570,0,2,63,808991,,0
300002,supply,0,0,1,24,3,RECOMMENDATION,0.7519267512910639,1.015962822798693,512,512,432,280,365371,996183,430760,831856,4,1,40,1250468,,0
300002,supply,0,0,1,25,3,RECOMMENDATION,0.77592392618145722,0.85272589418810207,512,512,488,488,390399,361886,494377,1170486,0,2,63,769761,,0
300002,supply,0,0,1,26,3,RECOMMENDATION,0.72825914498410005,0.82019366209064415,512,512,488,488,548528,360905,706977,533045,0,2,63,600647,,0
300002,supply,0,0,1,27,3,RECOMMENDATION,0.85199972003218649,1.0809372645646831,512,512,256,168,364179,371931,271069,175284,6,1,28,687047,,0
300002,supply,0,0,1,28,3,RECOMMENDATION,0.98427442532928966,1.228229731127531,512,512,136,120,403489,361255,138199,118729,7,0,22,758064,,0
300002,supply,0,0,1,29,3,RECOMMENDATION,0.91889125827541296,1.0193321398828843,512,512,352,256,380975,396509,334786,247964,5,1,38,660147,,0
300002,supply,0,0,1,30,-1,RISK_EMPTY,0,0,512,512,120,64,366563,410239,100322,59890,8,0,16,654498,,0
300002,supply,0,0,1,31,6,RECOMMENDATION,0.11109128800558489,0.35928622104137287,512,320,272,280,363428,272001,252301,274565,0,6,41,584612,,0
300002,supply,0,0,1,32,0,RECOMMENDATION,0.063709871293846754,0.26017941917476611,512,320,192,128,410509,229907,178990,193732,0,7,23,698905,,0
300002,supply,0,0,1,33,5,RECOMMENDATION,0.11423606080984638,0.39323576318752002,512,320,264,216,560836,230808,245730,218820,0,6,33,650252,,0
300002,supply,0,0,1,34,0,RECOMMENDATION,0.10077672423469722,0.40059417426491495,512,320,264,168,375677,227323,318431,163687,0,7,28,661228,,0
300002,supply,0,0,1,35,6,RECOMMENDATION,0.12254801383196598,0.53606067375950195,512,384,304,224,391541,281255,287154,262206,0,6,34,635509,,0
300002,supply,0,0,1,36,0,RECOMMENDATION,0.09228087215184165,0.39724441134082822,512,320,224,144,367635,226332,237388,139650,0,7,25,595649,,0
300002,supply,0,0,1,37,0,RECOMMENDATION,0.099897767724846653,0.23432650609097541,512,320,264,200,405562,225740,263577,197979,0,7,32,641889,,0
300002,supply,0,0,1,38,0,RECOMMENDATION,0.048797800847274669,0.28899333497299379,512,192,104,80,370249,137057,93090,85369,0,7,17,626385,,0
300002,supply,0,0,1,39,0,RECOMMENDATION,0.12973584960301121,0.39592252704773295,512,384,232,200,366804,281024,253192,229127,0,7,32,646475,,0
300002,supply,0,0,1,40,6,RECOMMENDATION,0.14221433008439138,0.49585032167055659,512,384,296,296,402207,272291,279912,291239,0,5,42,649531,,0
300002,supply,0,0,1,41,6,RECOMMENDATION,0.16680472968155483,0.65275595890733862,512,448,344,240,366443,386092,318771,230708,0,6,36,672515,,0
300002,supply,0,0,1,42,6,RECOMMENDATION,0.12921023633352263,0.71184908393252966,512,384,296,248,372232,279071,325542,232601,0,6,37,651113,,0
300002,supply,0,0,1,43,0,RECOMMENDATION,0.032107147376677615,0.2766307664442576,512,192,80,80,398462,138279,70296,78859,0,7,17,619296,,0
300002,supply,0,0,1,44,0,RECOMMENDATION,0.01395695649791086,0.21326856772166411,512,64,64,64,409438,46059,59360,65488,0,7,15,660477,,0
300002,supply,0,0,1,45,5,RECOMMENDATION,0.13309086073201259,0.63274214613871405,512,384,272,200,395267,270629,251269,194423,0,6,31,580196,,0
300002,supply,0,0,1,46,5,RECOMMENDATION,0.10958380040479222,0.41850105566896001,512,320,240,184,372833,265681,285581,175895,0,6,29,602510,,0
300002,supply,0,0,1,47,0,RECOMMENDATION,0.10630809887726296,0.47815356819096466,512,320,208,136,404070,234595,185220,129135,0,7,24,638274,,0
300002,supply,0,0,1,48,5,RECOMMENDATION,0.15019199493724908,0.60060374038598074,512,448,296,256,455648,347565,441287,297910,0,6,38,677011,,0
300002,supply,0,0,1,49,0,RECOMMENDATION,0.10834872147929726,0.48389236160437199,512,320,248,128,371090,251960,259081,151069,0,7,23,600987,,0
300002,supply,0,0,1,50,0,RECOMMENDATION,0.058293061530894377,0.44137399301247043,512,320,144,96,392382,229697,127292,96335,0,7,19,590982,,0
300002,supply,0,0,1,51,0,RECOMMENDATION,0.22611179262949024,0.74148738187337393,512,448,352,248,371030,368386,322056,291761,0,7,38,598773,,0
300002,supply,0,0,1,52,6,RECOMMENDATION,0.19430757221873643,0.70763626987628681,512,448,336,248,366073,330799,313674,229988,0,6,37,596860,,0
300002,supply,0,0,1,53,0,RECOMMENDATION,0.074234997309865061,0.51802946337234557,512,320,176,104,407966,227374,155074,103557,0,7,20,580075,,0
300002,supply,0,0,1,54,0,RECOMMENDATION,0.17323508694432352,0.62167044620396139,512,448,336,256,373103,333173,308897,242396,0,7,39,645534,,0
300002,supply,0,0,1,55,0,RECOMMENDATION,0.19575595086048436,0.5086076404497234,512,448,344,240,367023,326943,427705,258619,0,7,37,662210,,0
300002,supply,0,0,1,56,0,RECOMMENDATION,0.22987568446924431,0.70544439553055593,512,448,360,280,369828,317099,336978,287024,0,6,41,624392,,0
300002,supply,0,0,1,57,5,RECOMMENDATION,0.21683651572431595,0.65637748777997429,512,448,336,288,369197,349116,309407,273843,0,6,42,604703,,0
300002,supply,0,0,1,58,5,RECOMMENDATION,0.18334907326501043,0.4954518536187027,512,448,312,224,371450,317109,296447,205420,0,6,34,601327,,0
300002,supply,0,0.34999999999999998,0,0,0,RECOMMENDATION,0.21598277694784393,0.52274764166873455,512,448,232,112,360594,324539,197999,108905,0,7,21,595770,,0
300002,supply,0,0.34999999999999998,0,1,4,RECOMMENDATION,0.15006964694322311,0.32272390594609818,512,448,264,168,439974,359662,249036,154333,0,6,27,716302,,0
300002,supply,0,0.34999999999999998,0,2,0,RECOMMENDATION,0.18052174349884031,0.43396010683037017,512,448,176,112,371441,412272,151900,113090,0,7,21,616561,,0
300002,supply,0,0.34999999999999998,0,3,4,RECOMMENDATION,0.13866062802004886,0.28542091656316043,512,384,176,160,366983,282957,156817,193993,0,6,26,814950,,0
300002,supply,0,0.34999999999999998,0,4,6,RECOMMENDATION,0.22730006528718746,0.47344925901182289,512,448,312,176,380434,316457,286262,175665,0,6,28,732015,,0
300002,supply,0,0.34999999999999998,0,5,0,RECOMMENDATION,0.25988034827075257,0.58380493667596478,512,448,264,112,363589,313022,242296,124688,0,7,21,683842,,0
300002,supply,0,0.34999999999999998,0,6,0,RECOMMENDATION,0.15400587338482458,0.36860502472971945,512,448,192,112,379974,537311,163917,112739,0,7,21,587947,,0
300002,supply,0,0.34999999999999998,0,7,0,RECOMMENDATION,0.21557441825355328,0.48152804796704374,512,448,304,112,361947,323899,322827,106371,0,7,21,606736,,0
300002,supply,0,0.34999999999999998,0,8,0,RECOMMENDATION,0.093221261271278152,0.20822976867722709,512,320,168,96,366473,252621,147402,90967,0,7,19,655479,,0
300002,supply,0,0.34999999999999998,0,9,0,RECOMMENDATION,0.16295070450011995,0.36431284961038246,512,448,232,112,450860,315526,202676,115984,0,7,21,632655,,0
300002,supply,0,0.34999999999999998,0,10,5,RECOMMENDATION,0.24606604736694113,0.46777836417529556,512,448,232,176,386313,315616,203868,171258,0,6,28,678304,,0
300002,supply,0,0.34999999999999998,0,11,0,RECOMMENDATION,0.22298374047842903,0.50468064207004315,512,448,176,112,360794,512433,167713,106560,0,7,21,656792,,0
300002,supply,0,0.34999999999999998,0,12,0,RECOMMENDATION,0.20367436270826483,0.46231383780363766,512,448,280,128,370349,336598,265140,126892,0,7,23,636070,,0
300002,supply,0,0.34999999999999998,0,13,0,RECOMMENDATION,0.22671435179195773,0.50935383742262874,512,448,328,112,449057,315556,326483,126792,0,7,21,588288,,0
300002,supply,0,0.34999999999999998,0,14,0,RECOMMENDATION,0.2324215266851905,0.53512526605603816,512,448,208,120,385802,334966,179681,115955,0,7,22,594558,,0
300002,supply,0,0.34999999999999998,0,15,0,RECOMMENDATION,0.13711310953897121,0.34441383388431551,512,384,176,104,372122,274785,145239,99410,0,7,20,594557,,0
300002,supply,0,0.34999999999999998,0,16,0,RECOMMENDATION,0.13949853915714752,0.31924819246656011,512,384,208,104,365422,268696,195255,113030,0,7,20,628058,,0
300002,supply,0,0.34999999999999998,0,17,0,RECOMMENDATION,0.072685378514933507,0.18298847741326885,512,320,120,96,363429,237128,100963,98549,0,7,19,646816,,0
300002,supply,0,0.34999999999999998,0,18,4,RECOMMENDATION,0.072099477629528119,0.13781251945404699,512,320,208,152,397300,222977,174794,138529,0,6,25,675520,,0
300002,supply,0,0.34999999999999998,0,19,0,RECOMMENDATION,0.058861205045141883,0.1448549114362683,512,320,104,96,405402,228415,88354,91348,0,7,19,612074,,0
300002,supply,0,0.34999999999999998,0,20,0,RECOMMENDATION,0.073025285107458038,0.17918838790078731,512,320,96,96,360274,221895,98379,96126,0,7,19,588778,,0
300002,supply,0,0.34999999999999998,0,21,0,RECOMMENDATION,0.041669794010302234,0.1008366064240863,512,192,144,80,365432,134863,146391,84097,0,7,17,593886,,0
300002,supply,0,0.34999999999999998,0,22,5,RECOMMENDATION,0.061901813454903393,0.10785237118710177,512,320,168,152,377550,240213,142735,145008,0,6,25,577863,,0
300002,supply,0,0.34999999999999998,0,23,3,RECOMMENDATION,0.75587386713238947,0.80032425354172532,512,512,472,472,431501,402808,435467,450711,0,2,61,1118708,,0
300002,supply,0,0.34999999999999998,0,24,3,RECOMMENDATION,0.78950485102570012,0.8815570050603504,512,512,480,480,366213,358621,497200,476339,0,2,62,613015,,0
300002,supply,0,0.34999999999999998,0,25,3,RECOMMENDATION,0.82189894100477201,0.87263844481302322,512,512,472,472,408036,358481,447495,460565,0,2,61,652615,,0
300002,supply,0,0.34999999999999998,0,26,3,RECOMMENDATION,0.76933479283601836,0.80669362097241992,512,512,472,472,418372,360074,434666,468337,0,2,61,636400,,0
300002,supply,0,0.34999999999999998,0,27,3,RECOMMENDATION,0.95018919246270028,1.0938155009492969,512,512,480,480,373884,367074,443610,492223,0,2,62,603411,,0
300002,supply,0,0.34999999999999998,0,28,3,RECOMMENDATION,1.0253673343889216,1.0934394803988938,512,512,488,496,359182,372362,514847,494096,0,2,64,595358,,0
300002,supply,0,0.34999999999999998,0,29,3,RECOMMENDATION,0.96852779963800084,1.0123063774806855,512,512,488,488,433825,358781,486665,475417,0,2,63,583201,,0
300002,supply,0,0.34999999999999998,0,30,3,RECOMMENDATION,1.1381647238882673,1.3122849495608049,512,512,488,488,367425,438091,447315,511162,0,2,63,1066881,,0
300002,supply,0,0.34999999999999998,0,31,0,RECOMMENDATION,0.0060785378010210873,0.015228142853035895,512,64,64,64,357880,46089,80802,60151,0,7,15,632575,,0
300002,supply,0,0.34999999999999998,0,32,0,RECOMMENDATION,0.01348175611452478,0.033438670988576932,512,64,64,64,359533,45539,57056,67813,0,7,15,730402,,0
300002,supply,0,0.34999999999999998,0,33,0,RECOMMENDATION,0.02231162107615348,0.051001598519447258,512,64,64,64,360624,45649,56526,68694,0,7,15,607827,,0
300002,supply,0,0.34999999999999998,0,34,0,RECOMMENDATION,0.015557018669034825,0.035588293290722918,512,64,64,64,362978,45419,69936,66380,0,7,15,620647,,0
300002,supply,0,0.34999999999999998,0,35,0,RECOMMENDATION,0.054787241822454126,0.13404280095029777,512,320,136,96,378972,226902,127913,89975,0,7,19,580056,,0
300002,supply,0,0.34999999999999998,0,36,0,RECOMMENDATION,0.062020612755724194,0.14116094098836476,512,320,136,104,365201,224178,122525,100291,0,7,20,651934,,0
300002,supply,0,0.34999999999999998,0,37,0,RECOMMENDATION,0.051082645012476294,0.10781981846236589,512,320,112,112,399363,223748,98309,116746,0,7,21,651783,,0
300002,supply,0,0.34999999999999998,0,38,0,RECOMMENDATION,0.039065315182315791,0.093421323050294269,512,192,88,80,387956,135134,79119,140231,0,7,17,602410,,0
300002,supply,0,0.34999999999999998,0,39,0,RECOMMENDATION,0.078897667089993712,0.16335948261376138,512,320,136,104,398661,234434,121143,109475,0,7,20,639115,,0
300002,supply,0,0.34999999999999998,0,40,0,RECOMMENDATION,0.13484179782096162,0.22546710701114361,512,384,216,176,363609,281014,189416,184629,0,7,29,592474,,0
300002,supply,0,0.34999999999999998,0,41,0,RECOMMENDATION,0.067576498126836887,0.13212440959801885,512,320,120,128,381706,225130,105800,128064,0,7,23,587958,,0
300002,supply,0,0.34999999999999998,0,42,0,RECOMMENDATION,0.043596277766476246,0.099281952679399113,512,192,96,88,380104,171890,82294,84207,0,7,18,591662,,0
300002,supply,0,0.34999999999999998,0,43,0,RECOMMENDATION,0.058602668757501412,0.11551885685837644,512,320,120,104,372462,230799,104598,103727,0,7,20,602309,,0
300002,supply,0,0.34999999999999998,0,44,0,RECOMMENDATION,0.097258822775804013,0.18226044260024629,512,320,136,144,366143,225160,120632,150598,0,7,25,620997,,0
300002,supply,0,0.34999999999999998,0,45,0,RECOMMENDATION,0.071748596035494133,0.15015903493531152,512,320,120,120,363729,250578,105169,118078,0,7,22,628640,,0
300002,supply,0,0.34999999999999998,0,46,3,RECOMMENDATION,0.15567722617146154,0.16349766023453324,512,448,360,336,384640,387725,336208,503711,0,6,48,637963,,0
300002,supply,0,0.34999999999999998,0,47,0,RECOMMENDATION,0.024500734990237423,0.055613418771496635,512,64,64,64,364871,69154,59350,67302,0,7,15,689100,,0
300002,supply,0,0.34999999999999998,0,48,0,RECOMMENDATION,0.07456811574829611,0.12988933041872897,512,320,144,136,366022,239642,128834,129836,0,7,24,607356,,0
300002,supply,0,0.34999999999999998,0,49,0,RECOMMENDATION,0.11681649903153188,0.19119703351183698,512,320,192,152,402527,227623,170577,151389,0,7,26,593235,,0
300002,supply,0,0.34999999999999998,0,50,0,RECOMMENDATION,0.10785707392008492,0.18097501713752845,512,320,176,144,367525,269717,157187,136486,0,7,25,627807,,0
300002,supply,0,0.34999999999999998,0,51,6,RECOMMENDATION,0.12440119224193918,0.2022172356872759,512,384,264,256,374996,291891,239562,245631,0,6,38,579745,,0
300002,supply,0,0.34999999999999998,0,52,0,RECOMMENDATION,0.14257501985459198,0.28023078458515427,512,384,240,160,399793,271379,221173,172981,0,7,27,624653,,0
300002,supply,0,0.34999999999999998,0,53,0,RECOMMENDATION,0.15119552848887644,0.28488890308363896,512,448,248,112,368396,333553,223467,111347,0,7,21,626456,,0
300002,supply,0,0.34999999999999998,0,54,6,RECOMMENDATION,0.16921008858947445,0.32224468271635104,512,448,296,240,369698,314825,289607,248365,0,5,35,644232,,0
300002,supply,0,0.34999999999999998,0,55,0,RECOMMENDATION,0.16010717648948936,0.33432384058270198,512,448,216,120,377921,355136,194694,120312,0,7,22,629190,,0
300002,supply,0,0.34999999999999998,0,56,6,RECOMMENDATION,0.22532713919653832,0.47405108366863624,512,448,272,232,366063,314174,252110,239391,0,6,35,581377,,0
300002,supply,0,0.34999999999999998,0,57,0,RECOMMENDATION,0.13401159320920378,0.32117389254983081,512,384,168,104,366583,297058,147823,103426,0,7,20,624713,,0
300002,supply,0,0.34999999999999998,0,58,0,RECOMMENDATION,0.15082875848488805,0.30507380475467372,512,448,192,120,382086,314324,166671,110265,0,7,22,577782,,0
300002,supply,0,0.34999999999999998,1,0,0,RECOMMENDATION,0.21598277694784393,0.52274764166873455,512,448,232,112,392322,314886,198409,109365,0,7,21,638093,,0
300002,supply,0,0.34999999999999998,1,1,4,RECOMMENDATION,0.15006964694322311,0.32272390594609818,512,448,264,168,362127,325311,226582,156057,0,6,27,638633,,0
300002,supply,0,0.34999999999999998,1,2,0,RECOMMENDATION,0.18052174349884031,0.43396010683037017,512,448,176,112,407245,315075,150837,112890,0,7,21,649961,,0
300002,supply,0,0.34999999999999998,1,3,4,RECOMMENDATION,0.13866062802004886,0.28542091656316043,512,384,176,160,364580,280183,185500,159240,0,6,26,634067,,0
300002,supply,0,0.34999999999999998,1,4,6,RECOMMENDATION,0.22730006528718746,0.47344925901182289,512,448,312,176,378291,313984,281585,171058,0,6,28,600806,,0
300002,supply,0,0.34999999999999998,1,5,0,RECOMMENDATION,0.25988034827075257,0.58380493667596478,512,448,264,112,380524,311440,233342,117917,0,7,21,579895,,0
300002,supply,0,0.34999999999999998,1,6,0,RECOMMENDATION,0.15400587338482458,0.36860502472971945,512,448,192,112,363809,324860,172110,112259,0,7,21,578894,,0
300002,supply,0,0.34999999999999998,1,7,0,RECOMMENDATION,0.21557441825355328,0.48152804796704374,512,448,304,112,397020,324690,267664,107202,0,7,21,646275,,0
300002,supply,0,0.34999999999999998,1,8,0,RECOMMENDATION,0.093221261271278152,0.20822976867722709,512,320,168,96,371151,227464,147272,194473,0,7,19,621999,,0
300002,supply,0,0.34999999999999998,1,9,0,RECOMMENDATION,0.16295070450011995,0.36431284961038246,512,448,232,112,510290,317139,215776,115615,0,7,21,628589,,0
300002,supply,0,0.34999999999999998,1,10,5,RECOMMENDATION,0.24606604736694113,0.46777836417529556,512,448,232,176,418392,365111,204639,173592,0,6,28,674138,,0
300002,supply,0,0.34999999999999998,1,11,0,RECOMMENDATION,0.22298374047842903,0.50468064207004315,512,448,176,112,407425,323578,152089,119992,0,7,21,602188,,0
300002,supply,0,0.34999999999999998,1,12,0,RECOMMENDATION,0.20367436270826483,0.46231383780363766,512,448,280,128,369538,314535,277028,171899,0,7,23,582950,,0
300002,supply,0,0.34999999999999998,1,13,0,RECOMMENDATION,0.22671435179195773,0.50935383742262874,512,448,328,112,460926,315557,299612,110807,0,7,21,624264,,0
300002,supply,0,0.34999999999999998,1,14,0,RECOMMENDATION,0.2324215266851905,0.53512526605603816,512,448,208,120,370259,387896,181684,116997,0,7,22,668800,,0
300002,supply,0,0.34999999999999998,1,15,0,RECOMMENDATION,0.13711310953897121,0.34441383388431551,512,384,176,104,371832,276398,147923,124167,0,7,20,622119,,0
300002,supply,0,0.34999999999999998,1,16,0,RECOMMENDATION,0.13949853915714752,0.31924819246656011,512,384,208,104,364700,269066,183146,118189,0,7,20,627036,,0
300002,supply,0,0.34999999999999998,1,17,0,RECOMMENDATION,0.072685378514933507,0.18298847741326885,512,320,120,96,363028,240503,101864,98579,0,7,19,620938,,0
300002,supply,0,0.34999999999999998,1,18,4,RECOMMENDATION,0.072099477629528119,0.13781251945404699,512,320,208,152,387775,223096,173732,135063,0,6,25,589871,,0
300002,supply,0,0.34999999999999998,1,19,0,RECOMMENDATION,0.058861205045141883,0.1448549114362683,512,320,104,96,370769,228735,86781,89996,0,7,19,594487,,0
300002,supply,0,0.34999999999999998,1,20,0,RECOMMENDATION,0.073025285107458038,0.17918838790078731,512,320,96,96,416919,224239,83746,95283,0,7,19,593145,,0
300002,supply,0,0.34999999999999998,1,21,0,RECOMMENDATION,0.041669794010302234,0.1008366064240863,512,192,144,80,365832,134483,132620,85049,0,7,17,651633,,0
300002,supply,0,0.34999999999999998,1,22,5,RECOMMENDATION,0.061901813454903393,0.10785237118710177,512,320,168,152,363879,256667,176957,148735,0,6,25,674809,,0
300002,supply,0,0.34999999999999998,1,23,3,RECOMMENDATION,0.75587386713238947,0.80032425354172532,512,512,472,472,359603,373824,432933,495829,0,2,61,681468,,0
300002,supply,0,0.34999999999999998,1,24,3,RECOMMENDATION,0.78950485102570012,0.8815570050603504,512,512,488,432,363869,395987,465413,465864,1,2,57,632955,,0
300002,supply,0,0.34999999999999998,1,25,3,RECOMMENDATION,0.82189894100477201,0.87263844481302322,512,512,472,472,363949,356438,497732,491171,0,2,61,603010,,0
300002,supply,0,0.34999999999999998,1,26,3,RECOMMENDATION,0.76933479283601836,0.80669362097241992,512,512,472,472,399333,357489,466424,448517,0,2,61,615960,,0
300002,supply,0,0.34999999999999998,1,27,3,RECOMMENDATION,0.95018919246270028,1.0938155009492969,512,512,248,160,360174,366383,255927,172780,6,1,27,600867,,0
300002,supply,0,0.34999999999999998,1,28,3,RECOMMENDATION,1.0253673343889216,1.0934394803988938,512,512,168,168,364861,445182,150887,160423,6,1,28,704393,,0
300002,supply,0,0.34999999999999998,1,29,3,RECOMMENDATION,0.96852779963800084,1.0123063774806855,512,512,328,288,360214,409218,318161,281566,4,1,41,615960,,0
300002,supply,0,0.34999999999999998,1,30,-1,RISK_EMPTY,0,0,512,512,120,64,367866,359533,139521,62014,8,0,16,695830,,0
300002,supply,0,0.34999999999999998,1,31,3,RECOMMENDATION,0.15614334401904478,0.16539290442428239,512,448,336,344,400585,514616,299853,318391,0,5,48,629720,,0
300002,supply,0,0.34999999999999998,1,32,0,RECOMMENDATION,0.01348175611452478,0.033438670988576932,512,64,64,64,397991,44688,90517,65899,0,7,15,647399,,0
300002,supply,0,0.34999999999999998,1,33,0,RECOMMENDATION,0.02231162107615348,0.051001598519447258,512,64,64,64,424611,47081,57537,69234,0,7,15,721729,,0
300002,supply,0,0.34999999999999998,1,34,0,RECOMMENDATION,0.015557018669034825,0.035588293290722918,512,64,64,64,362086,45919,99390,67391,0,7,15,611253,,0
300002,supply,0,0.34999999999999998,1,35,0,RECOMMENDATION,0.054787241822454126,0.13404280095029777,512,320,136,96,360184,266462,156907,127422,0,7,19,580586,,0
300002,supply,0,0.34999999999999998,1,36,0,RECOMMENDATION,0.062020612755724194,0.14116094098836476,512,320,136,104,365441,244570,123366,100992,0,7,20,669581,,0
300002,supply,0,0.34999999999999998,1,37,0,RECOMMENDATION,0.051082645012476294,0.10781981846236589,512,320,112,112,397610,243417,139270,115133,0,7,21,614928,,0
300002,supply,0,0.34999999999999998,1,38,0,RECOMMENDATION,0.039065315182315791,0.093421323050294269,512,192,88,80,369497,136175,78899,104677,0,7,17,663332,,0
300002,supply,0,0.34999999999999998,1,39,0,RECOMMENDATION,0.078897667089993712,0.16335948261376138,512,320,136,104,363949,232801,121754,121443,0,7,20,593115,,0
300002,supply,0,0.34999999999999998,1,40,0,RECOMMENDATION,0.13484179782096162,0.22546710701114361,512,384,216,176,363289,281335,189145,170367,0,7,29,602450,,0
300002,supply,0,0.34999999999999998,1,41,0,RECOMMENDATION,0.067576498126836887,0.13212440959801885,512,320,120,128,378631,224139,106842,128034,0,7,23,597421,,0
300002,supply,0,0.34999999999999998,1,42,0,RECOMMENDATION,0.043596277766476246,0.099281952679399113,512,192,96,88,364590,134073,84758,84598,0,7,18,593406,,0
300002,supply,0,0.34999999999999998,1,43,0,RECOMMENDATION,0.058602668757501412,0.11551885685837644,512,320,120,104,389708,231390,104547,104398,0,7,20,645434,,0
300002,supply,0,0.34999999999999998,1,44,0,RECOMMENDATION,0.097258822775804013,0.18226044260024629,512,320,136,144,373514,285090,134233,139641,0,7,25,614077,,0
300002,supply,0,0.34999999999999998,1,45,0,RECOMMENDATION,0.071748596035494133,0.15015903493531152,512,320,120,120,366213,238149,103386,124488,0,7,22,621438,,0
300002,supply,0,0.34999999999999998,1,46,3,RECOMMENDATION,0.15567722617146154,0.16349766023453324,512,448,360,336,413494,315787,320914,333663,0,6,48,590060,,0
300002,supply,0,0.34999999999999998,1,47,0,RECOMMENDATION,0.024500734990237423,0.055613418771496635,512,64,64,64,402457,69044,58469,66360,0,7,15,652054,,0
300002,supply,0,0.34999999999999998,1,48,0,RECOMMENDATION,0.07456811574829611,0.12988933041872897,512,320,144,136,438973,244389,128464,273814,0,7,24,602399,,0
300002,supply,0,0.34999999999999998,1,49,0,RECOMMENDATION,0.11681649903153188,0.19119703351183698,512,320,192,152,366363,227433,172199,167653,0,7,26,580376,,0
300002,supply,0,0.34999999999999998,1,50,0,RECOMMENDATION,0.10785707392008492,0.18097501713752845,512,320,176,144,368356,266101,157327,137547,0,7,25,636000,,0
300002,supply,0,0.34999999999999998,1,51,6,RECOMMENDATION,0.12440119224193918,0.2022172356872759,512,384,264,256,400895,338862,245391,247484,0,6,38,630361,,0
300002,supply,0,0.34999999999999998,1,52,0,RECOMMENDATION,0.14257501985459198,0.28023078458515427,512,384,240,160,365762,271360,240083,159451,0,7,27,624292,,0
300002,supply,0,0.34999999999999998,1,53,0,RECOMMENDATION,0.15119552848887644,0.28488890308363896,512,448,248,112,381907,350419,224719,111287,0,7,21,608969,,0
300002,supply,0,0.34999999999999998,1,54,6,RECOMMENDATION,0.16921008858947445,0.32224468271635104,512,448,296,240,367605,313763,290188,226241,0,5,35,614067,,0
300002,supply,0,0.34999999999999998,1,55,0,RECOMMENDATION,0.16010717648948936,0.33432384058270198,512,448,216,120,374455,330209,192381,118199,0,7,22,603801,,0
300002,supply,0,0.34999999999999998,1,56,6,RECOMMENDATION,0.22532713919653832,0.47405108366863624,512,448,272,232,364349,371020,268244,224038,0,6,35,608608,,0
300002,supply,0,0.34999999999999998,1,57,0,RECOMMENDATION,0.13401159320920378,0.32117389254983081,512,384,168,104,383159,270809,147252,104398,0,7,20,677993,,0
300002,supply,0,0.34999999999999998,1,58,0,RECOMMENDATION,0.15082875848488805,0.30507380475467372,512,448,192,120,368856,345862,170267,141574,0,7,22,777914,,0
300002,supply,0,1,0,0,4,RECOMMENDATION,0.5084131376632498,0.5084131376632498,512,512,296,176,361216,370649,275335,181674,0,6,28,725515,,0
300002,supply,0,1,0,1,4,RECOMMENDATION,0.2751365246248858,0.2751365246248858,512,512,368,176,378351,354625,327354,169996,0,6,28,614247,,0
300002,supply,0,1,0,2,0,RECOMMENDATION,0.39727871173053014,0.39727871173053014,512,512,248,120,382057,358771,211489,118859,0,7,22,601218,,0
300002,supply,0,1,0,3,4,RECOMMENDATION,0.24607995593228799,0.24607995593228799,512,448,192,168,373213,322667,214864,194914,0,6,27,602420,,0
300002,supply,0,1,0,4,6,RECOMMENDATION,0.47194654210590792,0.47194654210590792,512,512,352,176,376638,364189,330489,173522,0,6,28,608238,,0
300002,supply,0,1,0,5,0,RECOMMENDATION,0.57436455797927666,0.57436455797927666,512,512,288,120,363819,356007,274815,114843,0,7,22,646696,,0
300002,supply,0,1,0,6,0,RECOMMENDATION,0.35965906701421702,0.35965906701421702,512,512,232,120,382527,359994,201885,121633,0,7,22,592054,,0
300002,supply,0,1,0,7,0,RECOMMENDATION,0.48234076240204737,0.48234076240204737,512,512,384,120,359412,369628,357359,114123,0,7,22,666085,,0
300002,supply,0,1,0,8,5,RECOMMENDATION,0.19484560666671263,0.19484560666671263,512,448,208,168,379794,313884,181925,154263,0,6,27,634227,,0
300002,supply,0,1,0,9,0,RECOMMENDATION,0.33524037431155729,0.33524037431155729,512,512,320,120,362607,355086,307965,119010,0,7,22,645094,,0
300002,supply,0,1,0,10,0,RECOMMENDATION,0.43168465464522143,0.43168465464522143,512,512,216,120,431281,359423,181274,118178,0,7,22,586556,,0
300002,supply,0,1,0,11,0,RECOMMENDATION,0.50407678789585908,0.50407678789585908,512,512,200,120,470550,366894,184138,110527,0,7,22,606395,,0
300002,supply,0,1,0,12,1,RECOMMENDATION,0.45260233713419201,0.45260233713419201,512,512,368,184,474516,363719,346773,183097,0,6,29,656100,,0
300002,supply,0,1,0,13,0,RECOMMENDATION,0.51590301661936377,0.51590301661936377,512,512,424,120,366804,415007,392042,120511,0,7,22,697924,,0
300002,supply,0,1,0,14,6,RECOMMENDATION,0.53078300114642496,0.53078300114642496,512,512,272,232,370218,426884,239382,228766,0,5,34,689230,,0
300002,supply,0,1,0,15,0,RECOMMENDATION,0.34792440316509349,0.34792440316509349,512,512,304,120,359612,367775,275595,117737,0,7,22,639796,,0
300002,supply,0,1,0,16,0,RECOMMENDATION,0.33050117704154258,0.33050117704154258,512,512,264,120,365903,417871,234975,116116,0,7,22,615939,,0
300002,supply,0,1,0,17,0,RECOMMENDATION,0.2020750186028967,0.2020750186028967,512,448,168,112,419444,314955,146892,117908,0,7,21,589460,,0
300002,supply,0,1,0,18,0,RECOMMENDATION,0.1226204427904785,0.1226204427904785,512,384,232,104,364089,285390,196096,95343,0,7,20,602209,,0
300002,supply,0,1,0,19,5,RECOMMENDATION,0.19389865893503905,0.19389865893503905,512,448,184,168,377650,399693,161634,156586,0,6,27,603671,,0
300002,supply,0,1,0,20,5,RECOMMENDATION,0.19777494927362541,0.19777494927362541,512,448,176,168,516299,382237,188695,164368,0,6,27,721339,,0
300002,supply,0,1,0,21,0,RECOMMENDATION,0.096739486847851455,0.096739486847851455,512,320,240,96,463389,227203,220412,98518,0,7,19,604242,,0
300002,supply,0,1,0,22,5,RECOMMENDATION,0.11378838464191736,0.11378838464191736,512,320,168,152,364279,226872,159411,145050,0,6,25,619595,,0
300002,supply,0,1,0,23,3,RECOMMENDATION,0.78478379974335866,0.78478379974335866,512,512,208,176,359152,383059,185620,174273,0,6,28,589730,,0
300002,supply,0,1,0,24,3,RECOMMENDATION,0.90264620231615456,0.90264620231615456,512,512,336,232,364861,357981,306432,240222,0,5,34,603833,,0
300002,supply,0,1,0,25,3,RECOMMENDATION,0.85183054114269197,0.85183054114269197,512,512,224,176,377249,359413,196767,170418,0,6,28,608067,,0
300002,supply,0,1,0,26,3,RECOMMENDATION,0.79034457090718135,0.79034457090718135,512,512,248,176,368616,373183,271871,175835,0,6,28,621629,,0
300002,supply,0,1,0,27,3,RECOMMENDATION,1.0724187316012861,1.0724187316012861,512,512,296,176,403149,369949,263518,178820,0,6,28,617782,,0
300002,supply,0,1,0,28,3,RECOMMENDATION,1.1473188399506011,1.1473188399506011,512,512,256,232,364921,376448,277388,220423,0,5,34,646286,,0
300002,supply,0,1,0,29,3,RECOMMENDATION,0.99416973517284946,0.99416973517284946,512,512,296,256,365391,358030,282487,295316,0,5,37,668269,,0
300002,supply,0,1,0,30,3,RECOMMENDATION,1.280188463071769,1.280188463071769,512,512,416,176,400815,359493,371651,181585,0,6,28,598103,,0
300002,supply,0,1,0,31,5,RECOMMENDATION,0.051076197070850329,0.051076197070850329,512,320,152,152,505863,241615,125009,131018,0,6,25,587296,,0
300002,supply,0,1,0,32,0,RECOMMENDATION,0.022074526459024205,0.022074526459024205,512,64,64,64,360554,44727,57967,66881,0,7,15,610982,,0
300002,supply,0,1,0,33,5,RECOMMENDATION,0.070369765966006137,0.070369765966006137,512,320,192,152,380805,227884,164118,150977,0,6,25,620867,,0
300002,supply,0,1,0,34,5,RECOMMENDATION,0.051054357946354816,0.051054357946354816,512,320,160,152,362497,222246,136216,153572,0,6,25,721799,,0
300002,supply,0,1,0,35,0,RECOMMENDATION,0.16423438520283398,0.16423438520283398,512,448,280,112,666115,335256,258069,103746,0,7,21,614427,,0
300002,supply,0,1,0,36,5,RECOMMENDATION,0.123696905111118,0.123696905111118,512,384,176,160,364630,269677,214303,154494,0,6,26,770442,,0
300002,supply,0,1,0,37,0,RECOMMENDATION,0.079935691651977059,0.079935691651977059,512,320,128,120,362648,261625,110798,117006,0,7,22,616290,,0
300002,supply,0,1,0,38,0,RECOMMENDATION,0.064396691173903772,0.064396691173903772,512,320,152,120,505623,284079,132199,117307,0,7,22,934570,,0
300002,supply,0,1,0,39,5,RECOMMENDATION,0.11963454736016463,0.11963454736016463,512,320,168,152,361526,250318,149366,153011,0,6,25,586395,,0
300002,supply,0,1,0,40,3,RECOMMENDATION,0.16146177070746082,0.16146177070746082,512,448,264,192,563621,394576,231790,181444,0,6,30,634448,,0
300002,supply,0,1,0,41,4,RECOMMENDATION,0.081982604193582692,0.081982604193582692,512,320,184,152,377570,225220,149876,138028,0,6,25,689321,,0
300002,supply,0,1,0,42,4,RECOMMENDATION,0.056307849111119239,0.056307849111119239,512,320,152,152,409338,221184,120772,171499,0,6,25,639085,,0
300002,supply,0,1,0,43,0,RECOMMENDATION,0.0079650371652096371,0.0079650371652096371,512,64,64,64,391931,48032,57416,67942,0,7,15,686196,,0
300002,supply,0,1,0,44,0,RECOMMENDATION,0.0098349062841673728,0.0098349062841673728,512,64,64,64,358291,45689,89605,63736,0,7,15,627287,,0
300002,supply,0,1,0,45,0,RECOMMENDATION,0.010462836922877422,0.010462836922877422,512,64,64,64,356038,44657,54743,96437,0,7,15,607617,,0
300002,supply,0,1,0,46,0,RECOMMENDATION,0.0081659928491834583,0.0081659928491834583,512,64,64,64,406142,45148,51187,60031,0,7,15,613846,,0
300002,supply,0,1,0,47,0,RECOMMENDATION,0.021671465728738199,0.021671465728738199,512,64,64,64,447115,46300,55894,66160,0,7,15,608338,,0
300002,supply,0,1,0,48,0,RECOMMENDATION,0.079066987992761448,0.079066987992761448,512,320,120,120,363679,223908,134493,131478,0,7,22,823193,,0
300002,supply,0,1,0,49,0,RECOMMENDATION,0.12715094983946079,0.12715094983946079,512,384,168,112,439553,299512,148294,117277,0,7,21,607447,,0
300002,supply,0,1,0,50,0,RECOMMENDATION,0.11124198180735638,0.11124198180735638,512,320,152,128,371150,226512,133592,124798,0,7,23,668158,,0
300002,supply,0,1,0,51,0,RECOMMENDATION,0.16069116033503697,0.16069116033503697,512,448,160,152,404120,344850,174052,151419,0,7,26,626886,,0
300002,supply,0,1,0,52,0,RECOMMENDATION,0.089042572523998345,0.089042572523998345,512,320,200,192,377420,223217,176777,173882,0,7,31,616060,,0
300002,supply,0,1,0,53,0,RECOMMENDATION,0.066465474140631142,0.066465474140631142,512,320,96,104,417690,224289,81273,99129,0,7,20,588298,,0
300002,supply,0,1,0,54,3,RECOMMENDATION,0.16573472022194222,0.16573472022194222,512,448,272,176,428326,343308,236357,162045,0,6,28,653356,,0
300002,supply,0,1,0,55,0,RECOMMENDATION,0.013509502462578512,0.013509502462578512,512,64,64,64,402618,46070,55043,64508,0,7,15,605024,,0
300002,supply,0,1,0,56,5,RECOMMENDATION,0.064747789803980341,0.064747789803980341,512,320,200,152,373534,221214,162565,137938,0,6,25,638534,,0
300002,supply,0,1,0,57,0,RECOMMENDATION,0.037464649782456019,0.037464649782456019,512,192,96,128,360053,132270,81183,157718,0,7,23,668429,,0
300002,supply,0,1,0,58,5,RECOMMENDATION,0.063255741720762385,0.063255741720762385,512,320,168,152,368136,242446,181434,148114,0,6,25,720848,,0
300002,supply,0,1,1,0,4,RECOMMENDATION,0.5084131376632498,0.5084131376632498,512,512,296,176,449058,406394,254875,167633,0,6,28,650071,,0
300002,supply,0,1,1,1,4,RECOMMENDATION,0.2751365246248858,0.2751365246248858,512,512,368,176,358632,468808,310849,167343,0,6,28,958526,,0
300002,supply,0,1,1,2,0,RECOMMENDATION,0.39727871173053014,0.39727871173053014,512,512,248,120,368827,440495,213181,119069,0,7,22,611193,,0
300002,supply,0,1,1,3,4,RECOMMENDATION,0.24607995593228799,0.24607995593228799,512,448,192,168,372412,323378,166401,160673,0,6,27,581598,,0
300002,supply,0,1,1,4,6,RECOMMENDATION,0.47194654210590792,0.47194654210590792,512,512,352,176,362477,502058,368005,175724,0,6,28,652265,,0
300002,supply,0,1,1,5,0,RECOMMENDATION,0.57436455797927666,0.57436455797927666,512,512,288,120,380254,377820,257198,113933,0,7,22,628348,,0
300002,supply,0,1,1,6,0,RECOMMENDATION,0.35965906701421702,0.35965906701421702,512,512,232,120,371511,394816,203197,190788,0,7,22,715359,,0
300002,supply,0,1,1,7,0,RECOMMENDATION,0.48234076240204737,0.48234076240204737,512,512,384,120,362166,370580,356979,113731,0,7,22,653898,,0
300002,supply,0,1,1,8,5,RECOMMENDATION,0.19484560666671263,0.19484560666671263,512,448,208,168,364620,327975,182876,154203,0,6,27,622700,,0
300002,supply,0,1,1,9,0,RECOMMENDATION,0.33524037431155729,0.33524037431155729,512,512,320,120,363108,355116,302676,148804,0,7,22,628829,,0
300002,supply,0,1,1,10,0,RECOMMENDATION,0.43168465464522143,0.43168465464522143,512,512,216,120,406253,391661,182235,119981,0,7,22,606756,,0
300002,supply,0,1,1,11,0,RECOMMENDATION,0.50407678789585908,0.50407678789585908,512,512,200,120,361426,424771,200042,110958,0,7,22,678414,,0
300002,supply,0,1,1,12,1,RECOMMENDATION,0.45260233713419201,0.45260233713419201,512,512,368,184,411751,360013,348416,182184,0,6,29,641979,,0
300002,supply,0,1,1,13,0,RECOMMENDATION,0.51590301661936377,0.51590301661936377,512,512,424,120,424471,388937,388416,120942,0,7,22,668449,,0
300002,supply,0,1,1,14,6,RECOMMENDATION,0.53078300114642496,0.53078300114642496,512,512,272,232,370629,359362,271220,225871,0,5,34,617432,,0
300002,supply,0,1,1,15,0,RECOMMENDATION,0.34792440316509349,0.34792440316509349,512,512,304,120,402357,387555,258620,115455,0,7,22,603581,,0
300002,supply,0,1,1,16,0,RECOMMENDATION,0.33050117704154258,0.33050117704154258,512,512,264,120,364781,356999,245621,115083,0,7,22,581738,,0
300002,supply,0,1,1,17,0,RECOMMENDATION,0.2020750186028967,0.2020750186028967,512,448,168,112,396849,313954,146501,117458,0,7,21,635369,,0
300002,supply,0,1,1,18,0,RECOMMENDATION,0.1226204427904785,0.1226204427904785,512,384,232,104,364240,267123,216327,98448,0,7,20,642770,,0
300002,supply,0,1,1,19,5,RECOMMENDATION,0.19389865893503905,0.19389865893503905,512,448,184,168,358761,338501,175475,158309,0,6,27,619114,,0
300002,supply,0,1,1,20,5,RECOMMENDATION,0.19777494927362541,0.19777494927362541,512,448,176,168,377820,312051,154793,164018,0,6,27,646326,,0
300002,supply,0,1,1,21,0,RECOMMENDATION,0.096739486847851455,0.096739486847851455,512,320,240,96,408486,224759,245952,96314,0,7,19,608900,,0
300002,supply,0,1,1,22,5,RECOMMENDATION,0.11378838464191736,0.11378838464191736,512,320,168,152,415027,224258,142836,143777,0,6,25,627226,,0
300002,supply,0,1,1,23,3,RECOMMENDATION,0.78478379974335866,0.78478379974335866,512,512,208,176,377099,369638,183578,172650,0,6,28,595068,,0
300002,supply,0,1,1,24,3,RECOMMENDATION,0.90264620231615456,0.90264620231615456,512,512,336,232,364821,389308,341716,224489,1,4,34,582869,,0
300002,supply,0,1,1,25,3,RECOMMENDATION,0.85183054114269197,0.85183054114269197,512,512,224,176,368346,359783,214865,189366,0,6,28,629950,,0
300002,supply,0,1,1,26,3,RECOMMENDATION,0.79034457090718135,0.79034457090718135,512,512,248,176,385772,400364,225280,175835,0,6,28,592645,,0
300002,supply,0,1,1,27,3,RECOMMENDATION,1.0724187316012861,1.0724187316012861,512,512,232,120,360614,371020,241685,124387,6,1,22,651204,,0
300002,supply,0,1,1,28,3,RECOMMENDATION,1.1473188399506011,1.1473188399506011,512,512,128,120,367735,411561,112730,116746,7,0,22,607868,,0
300002,supply,0,1,1,29,3,RECOMMENDATION,0.99416973517284946,0.99416973517284946,512,512,296,256,363669,358962,278030,280253,3,2,37,592905,,0
300002,supply,0,1,1,30,-1,RISK_EMPTY,0,0,512,512,152,64,383479,358221,129786,59681,8,0,16,581998,,0
300002,supply,0,1,1,31,3,RECOMMENDATION,0.21075686767985305,0.21075686767985305,512,448,176,184,361335,325972,153461,182305,0,6,29,675550,,0
300002,supply,0,1,1,32,5,RECOMMENDATION,0.051705582649377656,0.051705582649377656,512,320,168,152,510651,251450,142766,143448,0,6,25,646545,,0
300002,supply,0,1,1,33,5,RECOMMENDATION,0.070369765966006137,0.070369765966006137,512,320,192,152,401937,225060,164408,182876,0,6,25,719776,,0
300002,supply,0,1,1,34,5,RECOMMENDATION,0.051054357946354816,0.051054357946354816,512,320,160,152,422418,248375,136947,138049,0,6,25,616981,,0
300002,supply,0,1,1,35,0,RECOMMENDATION,0.16423438520283398,0.16423438520283398,512,448,280,112,372933,320073,239892,103737,0,7,21,612394,,0
300002,supply,0,1,1,36,5,RECOMMENDATION,0.123696905111118,0.123696905111118,512,384,176,160,367184,268005,159501,164439,0,6,26,606436,,0
300002,supply,0,1,1,37,0,RECOMMENDATION,0.079935691651977059,0.079935691651977059,512,320,128,120,363098,222977,125980,114843,0,7,22,597352,,0
300002,supply,0,1,1,38,0,RECOMMENDATION,0.064396691173903772,0.064396691173903772,512,320,152,120,382648,244399,131498,116907,0,7,22,581067,,0
300002,supply,0,1,1,39,5,RECOMMENDATION,0.11963454736016463,0.11963454736016463,512,320,168,152,423409,231740,149345,178750,0,6,25,645554,,0
300002,supply,0,1,1,40,3,RECOMMENDATION,0.16146177070746082,0.16146177070746082,512,448,264,192,365662,312191,250568,184570,0,6,30,604762,,0
300002,supply,0,1,1,41,4,RECOMMENDATION,0.081982604193582692,0.081982604193582692,512,320,184,152,394516,223167,150387,178730,0,6,25,699706,,0
300002,supply,0,1,1,42,4,RECOMMENDATION,0.056307849111119239,0.056307849111119239,512,320,152,152,358141,223788,122555,150277,0,6,25,628869,,0
300002,supply,0,1,1,43,0,RECOMMENDATION,0.0079650371652096371,0.0079650371652096371,512,64,64,64,395727,45939,57326,67172,0,7,15,599445,,0
300002,supply,0,1,1,44,0,RECOMMENDATION,0.0098349062841673728,0.0098349062841673728,512,64,64,64,385662,44728,55474,62656,0,7,15,585994,,0
300002,supply,0,1,1,45,0,RECOMMENDATION,0.010462836922877422,0.010462836922877422,512,64,64,64,355747,44437,54232,61472,0,7,15,595921,,0
300002,supply,0,1,1,46,0,RECOMMENDATION,0.0081659928491834583,0.0081659928491834583,512,64,64,64,360194,44878,50947,59740,0,7,15,593256,,0
300002,supply,0,1,1,47,0,RECOMMENDATION,0.021671465728738199,0.021671465728738199,512,64,64,64,360724,47352,56615,66450,0,7,15,731754,,0
300002,supply,0,1,1,48,0,RECOMMENDATION,0.079066987992761448,0.079066987992761448,512,320,120,120,378992,223707,105339,116476,0,7,22,637212,,0
300002,supply,0,1,1,49,0,RECOMMENDATION,0.12715094983946079,0.12715094983946079,512,384,168,112,363108,475397,163196,121784,0,7,21,646846,,0
300002,supply,0,1,1,50,0,RECOMMENDATION,0.11124198180735638,0.11124198180735638,512,320,152,128,388376,226712,134383,122955,0,7,23,597522,,0
300002,supply,0,1,1,51,0,RECOMMENDATION,0.16069116033503697,0.16069116033503697,512,448,160,152,374365,320023,137938,150788,0,7,26,601027,,0
300002,supply,0,1,1,52,0,RECOMMENDATION,0.089042572523998345,0.089042572523998345,512,320,200,192,361716,222757,201775,188075,0,7,31,632504,,0
300002,supply,0,1,1,53,0,RECOMMENDATION,0.066465474140631142,0.066465474140631142,512,320,96,104,383399,251470,81744,99079,0,7,20,591494,,0
300002,supply,0,1,1,54,3,RECOMMENDATION,0.16573472022194222,0.16573472022194222,512,448,272,176,366903,314365,236347,191039,0,6,28,623962,,0
300002,supply,0,1,1,55,0,RECOMMENDATION,0.013509502462578512,0.013509502462578512,512,64,64,64,388456,48624,55233,64017,0,7,15,641298,,0
300002,supply,0,1,1,56,5,RECOMMENDATION,0.064747789803980341,0.064747789803980341,512,320,200,152,357480,220302,180352,142065,0,6,25,621278,,0
300002,supply,0,1,1,57,0,RECOMMENDATION,0.037464649782456019,0.037464649782456019,512,192,96,128,469849,152020,82595,121143,0,7,23,614097,,0
300002,supply,0,1,1,58,5,RECOMMENDATION,0.063255741720762385,0.063255741720762385,512,320,168,152,378932,223668,141083,143648,0,6,25,590461,,0
300002,supply,2,0,0,2,0,RECOMMENDATION,0.069463033136666102,0.48614833510940242,512,320,160,104,368657,328236,155775,105560,0,7,20,591272,,0
300002,supply,2,0,0,5,6,RECOMMENDATION,0.15290666273858902,0.68839202162484714,512,448,280,208,367295,315626,265060,210968,0,6,32,584983,,0
300002,supply,2,0,0,8,0,RECOMMENDATION,0.01783226816751789,0.15163103392119401,512,64,64,64,383769,46550,59039,64648,0,7,15,596049,,0
300002,supply,2,0,0,11,5,RECOMMENDATION,0.097360126294636085,0.50932924043095096,512,320,216,160,358952,247724,194454,150618,0,6,26,584582,,0
300002,supply,2,0,0,14,0,RECOMMENDATION,0.049346645277946952,0.46715709644848769,512,192,96,80,368076,151599,84598,82184,0,7,17,591563,,0
300002,supply,2,0,0,17,0,RECOMMENDATION,0.014231521527546982,0.10588250472602327,512,64,64,64,401887,47832,59870,71148,0,7,15,587807,,0
300002,supply,2,0,0,20,0,RECOMMENDATION,0.019309685822435502,0.17707216056113062,512,64,64,64,361916,45158,60161,69796,0,7,15,606234,,0
300002,supply,2,0,0,23,3,RECOMMENDATION,0.75838210670069905,0.85347000133543538,512,512,488,488,450931,370519,466173,470530,0,2,63,613026,,0
300002,supply,2,0,0,26,3,RECOMMENDATION,1.6154092827466005,1.7648262041890663,512,512,472,464,625164,373373,480765,457982,0,5,63,619895,,0
300002,supply,2,0,0,29,3,RECOMMENDATION,2.995073946235506,3.2796963513844433,512,512,472,464,385021,387244,440846,447535,0,6,64,601668,,0
300002,supply,2,0,0,32,3,RECOMMENDATION,1.5274410936411984,1.7220106554394181,512,512,472,472,385963,403389,576049,474737,0,5,64,583301,,0
300002,supply,2,0,0,35,3,RECOMMENDATION,1.3331318096388418,1.6631381918971491,512,512,472,472,361446,368757,429578,453874,0,5,64,598504,,0
300002,supply,2,0,0,38,6,RECOMMENDATION,0.97254883592391728,1.3410516138504218,512,512,448,440,371100,376278,422407,442918,0,6,61,636050,,0
300002,supply,2,0,0,41,3,RECOMMENDATION,0.74337589962680517,1.110829392721101,512,512,424,400,368356,480826,384620,392483,0,7,57,609030,,0
300002,supply,2,0,0,44,6,RECOMMENDATION,0.30108283988617002,0.71732148824037678,512,512,224,200,370679,390779,216978,181493,0,7,32,628599,,0
300002,supply,2,0,0,47,6,RECOMMENDATION,0.40426708360214519,0.91538703709280389,512,512,288,264,436719,383109,246662,238079,0,7,40,587727,,0
300002,supply,2,0,0,50,3,RECOMMENDATION,0.29885913257654939,0.78447789770913645,512,512,328,272,389548,363018,296808,277449,0,7,41,623521,,0
300002,supply,2,0,0,53,6,RECOMMENDATION,0.20387622471327962,0.82647663534327753,512,448,264,160,369557,318661,251720,170587,0,7,27,595679,,0
300002,supply,2,0,0,56,6,RECOMMENDATION,0.27293731391211035,0.89613071834729319,512,512,384,288,364119,410780,354355,333694,0,6,42,580847,,0
300002,supply,2,0,1,2,0,RECOMMENDATION,0.069463033136666102,0.48614833510940242,512,320,160,104,386683,225300,141313,106211,0,7,20,637342,,0
300002,supply,2,0,1,5,6,RECOMMENDATION,0.15290666273858902,0.68839202162484714,512,448,280,208,380634,315826,402798,199842,0,6,32,656761,,0
300002,supply,2,0,1,8,0,RECOMMENDATION,0.01783226816751789,0.15163103392119401,512,64,64,64,394796,45699,141384,69776,0,7,15,693356,,0
300002,supply,2,0,1,11,5,RECOMMENDATION,0.097360126294636085,0.50932924043095096,512,320,216,160,359683,261464,195395,159361,0,6,26,631813,,0
300002,supply,2,0,1,14,0,RECOMMENDATION,0.049346645277946952,0.46715709644848769,512,192,96,80,367565,150356,84668,83576,0,7,17,618865,,0
300002,supply,2,0,1,17,0,RECOMMENDATION,0.014231521527546982,0.10588250472602327,512,64,64,64,383038,47161,60011,86742,0,7,15,640477,,0
300002,supply,2,0,1,20,0,RECOMMENDATION,0.019309685822435502,0.17707216056113062,512,64,64,64,387315,46731,67102,70347,0,7,15,613075,,0
300002,supply,2,0,1,23,3,RECOMMENDATION,0.75838210670069905,0.85347000133543538,512,512,488,488,377519,372993,493825,471632,0,2,63,623190,,0
300002,supply,2,0,1,26,-1,RISK_EMPTY,0,0,512,512,64,64,421256,396298,50827,68063,8,0,16,590832,,0
300002,supply,2,0,1,29,-1,RISK_EMPTY,0,0,512,512,64,64,1350599,431952,51998,60872,8,0,16,609049,,0
300002,supply,2,0,1,32,-1,RISK_EMPTY,0,0,512,512,64,64,501658,392943,50776,66680,8,0,16,607207,,0
300002,supply,2,0,1,35,-1,RISK_EMPTY,0,0,512,512,64,64,363028,416940,50096,60872,8,0,16,585263,,0
300002,supply,2,0,1,38,-1,RISK_EMPTY,0,0,512,512,64,64,376277,404942,50817,68373,8,0,16,661088,,0
300002,supply,2,0,1,41,-1,RISK_EMPTY,0,0,512,512,64,64,389238,410079,81092,78189,8,0,16,683156,,0
300002,supply,2,0,1,44,-1,RISK_EMPTY,0,0,512,512,64,64,1800838,507547,71107,61503,8,0,16,582509,,0
300002,supply,2,0,1,47,-1,RISK_EMPTY,0,0,512,512,64,64,585063,380114,50146,60791,8,0,16,813147,,0
300002,supply,2,0,1,50,-1,RISK_EMPTY,0,0,512,512,64,64,424280,420314,112700,61983,8,0,16,642510,,0
300002,supply,2,0,1,53,-1,RISK_EMPTY,0,0,512,512,64,64,419163,364420,49805,62465,8,0,16,660307,,0
300002,supply,2,0,1,56,-1,RISK_EMPTY,0,0,512,512,64,64,378812,403779,51297,67512,8,0,16,672585,,0
300002,supply,2,0.34999999999999998,0,2,4,RECOMMENDATION,0.21125696076768902,0.46570311117120744,512,448,208,168,371130,368406,283057,238390,0,6,27,677763,,0
300002,supply,2,0.34999999999999998,0,5,6,RECOMMENDATION,0.32269126372377044,0.66087404484998169,512,512,312,224,635449,429669,317079,234564,0,6,34,686065,,0
300002,supply,2,0.34999999999999998,0,8,0,RECOMMENDATION,0.065605790697412153,0.15171468128266666,512,320,128,96,362878,223928,155124,90857,0,7,19,651323,,0
300002,supply,2,0.34999999999999998,0,11,0,RECOMMENDATION,0.23657145973330701,0.49308812813094904,512,448,216,136,363378,325822,229276,188174,0,7,24,761219,,0
300002,supply,2,0.34999999999999998,0,14,0,RECOMMENDATION,0.17784632219224136,0.42794474026950863,512,448,176,112,499414,316528,150998,135324,0,7,21,849202,,0
300002,supply,2,0.34999999999999998,0,17,0,RECOMMENDATION,0.056977652589034422,0.12779062928968368,512,320,144,96,447906,225350,126341,135414,0,7,19,653817,,0
300002,supply,2,0.34999999999999998,0,20,0,RECOMMENDATION,0.070868226598681722,0.17044432925102806,512,320,152,104,453554,225290,137006,104348,0,7,20,679515,,0
300002,supply,2,0.34999999999999998,0,23,3,RECOMMENDATION,0.79123207094016923,0.84008191110202413,512,512,472,472,365211,408817,443509,508878,0,2,61,2427945,,0
300002,supply,2,0.34999999999999998,0,26,3,RECOMMENDATION,1.6664355520402938,1.7468218322422486,512,512,432,416,382207,3538821,404891,462479,0,6,58,653696,,0
300002,supply,2,0.34999999999999998,0,29,3,RECOMMENDATION,3.0799160936274426,3.2935136346103429,512,512,456,448,402437,473786,456840,437120,0,6,62,947480,,0
300002,supply,2,0.34999999999999998,0,32,3,RECOMMENDATION,1.6036502988880095,1.7257270583619846,512,512,456,456,402688,361786,564612,457211,0,6,63,587987,,0
300002,supply,2,0.34999999999999998,0,35,3,RECOMMENDATION,1.3846552570305883,1.554149170101736,512,512,432,432,461147,465052,527797,406303,0,7,61,661489,,0
300002,supply,2,0.34999999999999998,0,38,3,RECOMMENDATION,1.0122007989366357,1.1915801026028547,512,512,408,392,374585,418091,374525,371740,0,6,55,900540,,0
300002,supply,2,0.34999999999999998,0,41,3,RECOMMENDATION,0.64365983873112864,0.73602384615666239,512,512,336,352,360935,356608,348917,368285,0,6,50,597682,,0
300002,supply,2,0.34999999999999998,0,44,3,RECOMMENDATION,0.31345843785711763,0.40929073877228023,512,512,200,200,363539,420645,306382,187362,0,7,32,806368,,0
300002,supply,2,0.34999999999999998,0,47,3,RECOMMENDATION,0.20538083726018666,0.26107928777544959,512,448,376,376,781750,564482,344630,413745,0,4,51,609009,,0
300002,supply,2,0.34999999999999998,0,50,3,RECOMMENDATION,0.15966639560598353,0.16873999638668075,512,448,304,280,393113,378631,274445,285360,0,6,41,597542,,0
300002,supply,2,0.34999999999999998,0,53,0,RECOMMENDATION,0.0041267285079678801,0.0092629527819753175,512,64,64,64,401807,92260,54993,63375,0,7,15,616130,,0
300002,supply,2,0.34999999999999998,0,56,0,RECOMMENDATION,0.026713372164584602,0.059801491870963619,512,64,64,64,406143,45469,62214,67181,0,7,15,1135443,,0
300002,supply,2,0.34999999999999998,1,2,4,RECOMMENDATION,0.21125696076768902,0.46570311117120744,512,448,208,168,374405,317469,207654,169005,0,6,27,695650,0.32075708780312306,1024
300002,supply,2,0.34999999999999998,1,5,6,RECOMMENDATION,0.32269126372377044,0.66087404484998169,512,512,312,224,405372,363028,275205,214544,0,6,34,647077,0.55497825150423641,1024
300002,supply,2,0.34999999999999998,1,8,0,RECOMMENDATION,0.065605790697412153,0.15171468128266666,512,320,128,96,366222,240833,112210,90797,0,7,19,602029,0.27873315438434088,1024
300002,supply,2,0.34999999999999998,1,11,0,RECOMMENDATION,0.23657145973330701,0.49308812813094904,512,448,216,136,400054,325802,208955,127632,0,7,24,648459,0.38934849997522997,1024
300002,supply,2,0.34999999999999998,1,14,0,RECOMMENDATION,0.17784632219224136,0.42794474026950863,512,448,176,112,386484,317699,152310,111217,0,7,21,633256,0.50575326594318892,1024
300002,supply,2,0.34999999999999998,1,17,0,RECOMMENDATION,0.056977652589034422,0.12779062928968368,512,320,144,96,469328,267334,175115,104768,0,7,19,820809,0.27294399542583997,1024
300002,supply,2,0.34999999999999998,1,20,0,RECOMMENDATION,0.070868226598681722,0.17044432925102806,512,320,152,104,361015,223017,361946,107251,0,7,20,696592,0.20915227295083957,1024
300002,supply,2,0.34999999999999998,1,23,3,RECOMMENDATION,0.79123207094016923,0.84008191110202413,512,512,472,472,361746,468998,686466,461596,0,2,61,611554,0.93654302019301927,1024
300002,supply,2,0.34999999999999998,1,26,-1,RISK_EMPTY,0,0,512,512,64,64,528628,373454,146160,68263,8,0,16,619946,,0
300002,supply,2,0.34999999999999998,1,29,-1,RISK_EMPTY,0,0,512,512,64,64,448637,476238,51097,60150,8,0,16,582870,,0
300002,supply,2,0.34999999999999998,1,32,-1,RISK_EMPTY,0,0,512,512,64,64,377329,377130,50856,67742,8,0,16,606525,,0
300002,supply,2,0.34999999999999998,1,35,-1,RISK_EMPTY,0,0,512,512,64,64,421466,396648,49695,65019,8,0,16,721939,,0
300002,supply,2,0.34999999999999998,1,38,-1,RISK_EMPTY,0,0,512,512,64,64,420495,362136,49564,107783,8,0,16,619696,,0
300002,supply,2,0.34999999999999998,1,41,-1,RISK_EMPTY,0,0,512,512,64,64,397540,363258,49535,61513,8,0,16,594216,,0
300002,supply,2,0.34999999999999998,1,44,-1,RISK_EMPTY,0,0,512,512,64,64,381285,564983,50917,60621,8,0,16,704143,,0
300002,supply,2,0.34999999999999998,1,47,-1,RISK_EMPTY,0,0,512,512,64,64,602009,378892,48994,60131,8,0,16,915492,,0
300002,supply,2,0.34999999999999998,1,50,-1,RISK_EMPTY,0,0,512,512,64,64,391131,429929,52099,63215,8,0,16,801279,,0
300002,supply,2,0.34999999999999998,1,53,-1,RISK_EMPTY,0,0,512,512,64,64,375016,386042,49495,61363,8,0,16,762011,,0
300002,supply,2,0.34999999999999998,1,56,-1,RISK_EMPTY,0,0,512,512,64,64,456168,389458,49965,130547,8,0,16,580476,,0
300002,supply,2,1,0,2,4,RECOMMENDATION,0.46570311117120744,0.46570311117120744,512,512,224,120,384751,391241,192641,119210,0,7,22,657192,,0
300002,supply,2,1,0,5,6,RECOMMENDATION,0.66087404484998169,0.66087404484998169,512,512,288,176,428056,360615,248264,173563,0,6,28,725024,,0
300002,supply,2,1,0,8,0,RECOMMENDATION,0.15171468128266666,0.15171468128266666,512,448,216,168,524051,454636,189666,153742,0,6,27,625244,,0
300002,supply,2,1,0,11,0,RECOMMENDATION,0.49308812813094904,0.49308812813094904,512,512,184,120,361936,371140,193813,112571,0,7,22,690722,,0
300002,supply,2,1,0,14,0,RECOMMENDATION,0.42794474026950863,0.42794474026950863,512,512,256,176,486845,495137,219101,167453,0,6,28,608959,,0
300002,supply,2,1,0,17,0,RECOMMENDATION,0.12779062928968368,0.12779062928968368,512,384,168,160,365392,282847,146361,161014,0,6,26,607817,,0
300002,supply,2,1,0,20,5,RECOMMENDATION,0.13898572359885039,0.13898572359885039,512,384,160,160,433023,267614,155024,153581,0,6,26,580937,,0
300002,supply,2,1,0,23,3,RECOMMENDATION,0.83880561000464549,0.83880561000464549,512,512,240,232,360014,386393,240133,229737,0,5,34,623040,,0
300002,supply,2,1,0,26,3,RECOMMENDATION,1.716248411203469,1.716248411203469,512,512,136,120,395497,569740,169316,124018,0,7,22,623691,,0
300002,supply,2,1,0,29,3,RECOMMENDATION,3.2968662535125155,3.2968662535125155,512,512,152,120,474105,417360,135594,118640,0,7,22,598513,,0
300002,supply,2,1,0,32,3,RECOMMENDATION,1.7344275418428512,1.7344275418428512,512,512,136,120,438361,360033,121965,123056,0,7,22,608838,,0
300002,supply,2,1,0,35,3,RECOMMENDATION,1.4886305747272062,1.4886305747272062,512,512,120,120,362958,503810,135214,150448,0,7,22,645133,,0
300002,supply,2,1,0,38,3,RECOMMENDATION,1.0991714898347427,1.0991714898347427,512,512,136,120,368636,381916,119831,123406,0,7,22,825155,,0
300002,supply,2,1,0,41,3,RECOMMENDATION,0.74560437016937264,0.74560437016937264,512,512,136,120,458913,571973,120072,117237,0,7,22,628348,,0
300002,supply,2,1,0,44,3,RECOMMENDATION,0.41888731585661321,0.41888731585661321,512,512,128,120,379063,487626,111979,117017,0,7,22,622209,,0
300002,supply,2,1,0,47,3,RECOMMENDATION,0.26893404323733766,0.26893404323733766,512,448,120,112,363619,322597,136526,198119,0,7,21,696581,,0
300002,supply,2,1,0,50,3,RECOMMENDATION,0.16972550936724928,0.16972550936724928,512,448,112,112,406644,401305,95684,110478,0,7,21,1828589,,0
300002,supply,2,1,0,53,0,RECOMMENDATION,0.0092629527819753175,0.0092629527819753175,512,64,64,64,383429,45249,55013,64318,0,7,15,684844,,0
300002,supply,2,1,0,56,0,RECOMMENDATION,0.066510806284676094,0.066510806284676094,512,320,136,96,360964,478031,118229,151449,0,7,19,665274,,0
300002,supply,2,1,1,2,4,RECOMMENDATION,0.46570311117120744,0.46570311117120744,512,512,224,120,462479,359933,220393,119762,0,7,22,638413,,0
300002,supply,2,1,1,5,6,RECOMMENDATION,0.66087404484998169,0.66087404484998169,512,512,288,176,365151,359162,577832,182876,0,6,28,597822,,0
300002,supply,2,1,1,8,0,RECOMMENDATION,0.15171468128266666,0.15171468128266666,512,448,216,168,417791,336238,190408,154063,0,6,27,784855,,0
300002,supply,2,1,1,11,0,RECOMMENDATION,0.49308812813094904,0.49308812813094904,512,512,184,120,377640,371080,160873,112088,0,7,22,682360,,0
300002,supply,2,1,1,14,0,RECOMMENDATION,0.42794474026950863,0.42794474026950863,512,512,256,176,442958,361996,266762,171189,0,6,28,842090,,0
300002,supply,2,1,1,17,0,RECOMMENDATION,0.12779062928968368,0.12779062928968368,512,384,168,160,509529,274915,146601,162425,0,6,26,666396,,0
300002,supply,2,1,1,20,5,RECOMMENDATION,0.13898572359885039,0.13898572359885039,512,384,160,160,380724,271610,142595,153811,0,6,26,601258,,0
300002,supply,2,1,1,23,3,RECOMMENDATION,0.83880561000464549,0.83880561000464549,512,512,240,232,517411,371050,368215,232310,0,5,34,824785,,0
300002,supply,2,1,1,26,-1,RISK_EMPTY,0,0,512,512,64,64,565053,429248,51768,69625,8,0,16,729651,,0
300002,supply,2,1,1,29,-1,RISK_EMPTY,0,0,512,512,64,64,473755,417149,50085,60953,8,0,16,608458,,0
300002,supply,2,1,1,32,-1,RISK_EMPTY,0,0,512,512,64,64,375046,359773,77026,68202,8,0,16,1542399,,0
300002,supply,2,1,1,35,-1,RISK_EMPTY,0,0,512,512,64,64,369137,474336,49655,64287,8,0,16,619996,,0
300002,supply,2,1,1,38,-1,RISK_EMPTY,0,0,512,512,64,64,834169,369818,49544,69895,8,0,16,738074,,0
300002,supply,2,1,1,41,-1,RISK_EMPTY,0,0,512,512,64,64,382507,607567,50146,213653,8,0,16,917304,,0
300002,supply,2,1,1,44,-1,RISK_EMPTY,0,0,512,512,64,64,381135,444971,1072869,62785,8,0,16,652945,,0
300002,supply,2,1,1,47,-1,RISK_EMPTY,0,0,512,512,64,64,433194,834234,52098,62144,8,0,16,1124126,,0
300002,supply,2,1,1,50,-1,RISK_EMPTY,0,0,512,512,64,64,381286,369448,50126,61864,8,0,16,639184,,0
300002,supply,2,1,1,53,-1,RISK_EMPTY,0,0,512,512,64,64,627527,420424,50306,80993,8,0,16,628418,,0
300002,supply,2,1,1,56,-1,RISK_EMPTY,0,0,512,512,64,64,613656,374475,51958,268214,8,0,16,942293,,0
300002,supply,5,0,0,5,6,RECOMMENDATION,0.15290666273858902,0.68839202162484714,512,448,288,240,371020,317900,291500,260263,0,5,35,673646,,0
300002,supply,5,0,0,11,5,RECOMMENDATION,0.097360126294636085,0.50932924043095096,512,320,216,160,396538,286562,346703,152850,0,6,26,599274,,0
300002,supply,5,0,0,17,0,RECOMMENDATION,0.014231521527546982,0.10588250472602327,512,64,64,64,416779,47262,59209,99641,0,7,15,641068,,0
300002,supply,5,0,0,23,3,RECOMMENDATION,0.75838210670069905,0.85347000133543538,512,512,488,488,455187,372232,783723,524792,0,2,63,670482,,0
300002,supply,5,0,0,29,3,RECOMMENDATION,3.3900822113937927,3.7021712052602238,512,512,464,464,455708,379713,469078,1554126,0,6,64,854089,,0
300002,supply,5,0,0,35,3,RECOMMENDATION,2.1061354062842073,2.3686181220350324,512,512,488,488,1592284,397330,551964,471071,0,3,64,660187,,0
300002,supply,5,0,0,41,3,RECOMMENDATION,1.4341097468789947,1.7303324289602908,512,512,496,496,398942,361826,474496,1077936,0,2,64,653166,,0
300002,supply,5,0,0,47,3,RECOMMENDATION,1.3305589991832341,1.696996531385135,512,512,472,456,423199,370269,490240,423030,0,5,62,614417,,0
300002,supply,5,0,0,53,6,RECOMMENDATION,1.0341936346858955,1.4277436487550164,512,512,448,440,588008,1337539,807218,414416,0,6,61,649039,,0
300002,supply,5,0,1,5,6,RECOMMENDATION,0.15290666273858902,0.68839202162484714,512,448,288,240,369187,377229,260183,232390,0,5,35,686827,,0
300002,supply,5,0,1,11,5,RECOMMENDATION,0.097360126294636085,0.50932924043095096,512,320,216,160,366132,234364,251360,186271,0,6,26,726016,,0
300002,supply,5,0,1,17,0,RECOMMENDATION,0.014231521527546982,0.10588250472602327,512,64,64,64,539334,75685,60872,77537,0,7,15,780979,,0
300002,supply,5,0,1,23,3,RECOMMENDATION,0.75838210670069905,0.85347000133543538,512,512,488,488,371932,2735800,463279,546196,0,2,63,964776,,0
300002,supply,5,0,1,29,-1,RISK_EMPTY,0,0,512,512,64,64,384009,415617,51598,62464,8,0,16,611673,,0
300002,supply,5,0,1,35,-1,RISK_EMPTY,0,0,512,512,64,64,752306,455728,264710,64488,8,0,16,597462,,0
300002,supply,5,0,1,41,-1,RISK_EMPTY,0,0,512,512,64,64,476038,375767,51728,65408,8,0,16,716542,,0
300002,supply,5,0,1,47,-1,RISK_EMPTY,0,0,512,512,64,64,416689,384100,49745,61913,8,0,16,660668,,0
300002,supply,5,0,1,53,-1,RISK_EMPTY,0,0,512,512,64,64,434055,368737,74282,78448,8,0,16,606986,,0
300002,supply,5,0.34999999999999998,0,5,6,RECOMMENDATION,0.34032653834877935,0.68839202162484714,512,512,296,240,369217,363449,280353,245600,0,5,35,617962,,0
300002,supply,5,0.34999999999999998,0,11,0,RECOMMENDATION,0.2391754217355925,0.48804336253600833,512,448,248,192,379984,351571,228234,180673,0,6,30,650913,,0
300002,supply,5,0.34999999999999998,0,17,5,RECOMMENDATION,0.077109852374392523,0.13810193973201826,512,320,104,96,417240,227374,98799,102044,0,7,19,723873,,0
300002,supply,5,0.34999999999999998,0,23,3,RECOMMENDATION,0.79166286982285694,0.8534700013354356,512,512,472,472,378491,371691,474957,460856,0,2,61,636260,,0
300002,supply,5,0.34999999999999998,0,29,3,RECOMMENDATION,3.4993133592470436,3.7021712052602238,512,512,456,456,376278,828570,455588,506804,0,6,63,715811,,0
300002,supply,5,0.34999999999999998,0,35,3,RECOMMENDATION,2.1980043567969965,2.3686181220350324,512,512,464,456,395507,414015,440134,459734,0,6,63,653907,,0
300002,supply,5,0.34999999999999998,0,41,3,RECOMMENDATION,1.5377876856074484,1.7303324289602913,512,512,488,488,393413,366373,457410,462619,0,3,64,668549,,0
300002,supply,5,0.34999999999999998,0,47,3,RECOMMENDATION,1.4588121354538996,1.6969965313851354,512,512,440,416,392062,396378,446354,388456,0,6,58,659776,,0
300002,supply,5,0.34999999999999998,0,53,6,RECOMMENDATION,1.1719361396100878,1.4277436487550164,512,512,416,392,408767,363198,656952,430951,0,6,55,761099,,0
300002,supply,5,0.34999999999999998,1,5,6,RECOMMENDATION,0.34032653834877935,0.68839202162484714,512,512,296,240,367024,373974,400644,231560,0,5,35,605944,,0
300002,supply,5,0.34999999999999998,1,11,0,RECOMMENDATION,0.2391754217355925,0.48804336253600833,512,448,248,192,362537,328286,369989,180071,0,6,30,726357,,0
300002,supply,5,0.34999999999999998,1,17,5,RECOMMENDATION,0.077109852374392523,0.13810193973201826,512,320,104,96,368496,242887,91278,105279,0,7,19,659285,,0
300002,supply,5,0.34999999999999998,1,23,3,RECOMMENDATION,0.79166286982285694,0.8534700013354356,512,512,472,472,362748,385733,440355,476259,0,2,61,593676,,0
300002,supply,5,0.34999999999999998,1,29,-1,RISK_EMPTY,0,0,512,512,64,64,466234,541587,53000,61973,8,0,16,582059,,0
300002,supply,5,0.34999999999999998,1,35,-1,RISK_EMPTY,0,0,512,512,64,64,549389,404039,50566,62064,8,0,16,651333,,0
300002,supply,5,0.34999999999999998,1,41,-1,RISK_EMPTY,0,0,512,512,64,64,397810,392101,50757,62434,8,0,16,588969,,0
300002,supply,5,0.34999999999999998,1,47,-1,RISK_EMPTY,0,0,512,512,64,64,369879,439363,73501,60762,8,0,16,705926,,0
300002,supply,5,0.34999999999999998,1,53,-1,RISK_EMPTY,0,0,512,512,64,64,436569,602910,51308,60592,8,0,16,596110,,0
300002,supply,5,1,0,5,6,RECOMMENDATION,0.68839202162484714,0.68839202162484714,512,512,272,176,394435,363389,258911,186302,0,6,28,610551,,0
300002,supply,5,1,0,11,0,RECOMMENDATION,0.48804336253600833,0.48804336253600833,512,512,232,176,400755,373274,213673,167954,0,6,28,621047,,0
300002,supply,5,1,0,17,5,RECOMMENDATION,0.13810193973201826,0.13810193973201826,512,384,160,160,533896,301545,143998,165089,0,6,26,605755,,0
300002,supply,5,1,0,23,3,RECOMMENDATION,0.8534700013354356,0.8534700013354356,512,512,280,280,366944,1835971,264239,323559,0,5,40,679525,,0
300002,supply,5,1,0,29,3,RECOMMENDATION,3.7021712052602238,3.7021712052602238,512,512,152,120,481667,745946,142445,125380,0,7,22,681959,,0
300002,supply,5,1,0,35,3,RECOMMENDATION,2.3686181220350324,2.3686181220350324,512,512,136,120,374305,427956,179061,117979,0,7,22,889482,,0
300002,supply,5,1,0,41,3,RECOMMENDATION,1.7303324289602913,1.7303324289602913,512,512,144,120,394075,362518,126511,190598,0,7,22,645193,,0
300002,supply,5,1,0,47,3,RECOMMENDATION,1.6969965313851354,1.6969965313851354,512,512,176,120,361776,368427,169796,111338,0,7,22,677823,,0
300002,supply,5,1,0,53,3,RECOMMENDATION,1.4247856523514209,1.4247856523514209,512,512,224,176,543611,438562,203186,176526,0,6,28,668178,,0
300002,supply,5,1,1,5,6,RECOMMENDATION,0.68839202162484714,0.68839202162484714,512,512,272,176,463760,365732,238180,168905,0,6,28,643321,,0
300002,supply,5,1,1,11,0,RECOMMENDATION,0.48804336253600833,0.48804336253600833,512,512,232,176,364069,382647,208264,220282,0,6,28,580967,,0
300002,supply,5,1,1,17,5,RECOMMENDATION,0.13810193973201826,0.13810193973201826,512,384,160,160,383039,271940,142154,169295,0,6,26,650121,,0
300002,supply,5,1,1,23,3,RECOMMENDATION,0.8534700013354356,0.8534700013354356,512,512,280,280,364220,452653,282627,306223,0,5,40,626175,,0
300002,supply,5,1,1,29,-1,RISK_EMPTY,0,0,512,512,64,64,380084,386504,51738,61233,8,0,16,608969,,0
300002,supply,5,1,1,35,-1,RISK_EMPTY,0,0,512,512,64,64,372843,397310,50577,77938,8,0,16,625134,,0
300002,supply,5,1,1,41,-1,RISK_EMPTY,0,0,512,512,64,64,398651,561617,50837,65849,8,0,16,661618,,0
300002,supply,5,1,1,47,-1,RISK_EMPTY,0,0,512,512,64,64,6451268,384040,50796,61434,8,0,16,649751,,0
300002,supply,5,1,1,53,-1,RISK_EMPTY,0,0,512,512,64,64,10470523,373374,49805,60662,8,0,16,583961,,0
300002,capacity,0,0,0,0,0,RECOMMENDATION,0.019034337955775145,0.31726372682030562,512,64,64,64,358051,5106197,55234,62585,0,7,15,634337,,0
300002,capacity,0,0,0,1,0,RECOMMENDATION,0.057600291759987113,0.33297689583110801,512,320,160,104,363499,560846,141123,108474,0,7,20,2277477,,0
300002,capacity,0,0,0,2,0,RECOMMENDATION,0.029165240032559218,0.31141383620674928,512,64,64,64,513705,54652,56415,64727,0,7,15,678194,,0
300002,capacity,0,0,0,3,0,RECOMMENDATION,0.0034454890446623406,0.060194810664922348,512,64,64,64,466093,48313,54352,64887,0,7,15,721670,,0
300002,capacity,0,0,0,4,0,RECOMMENDATION,0.015623007234595344,0.19445705536014163,512,64,64,64,362107,45879,77107,107222,0,7,15,804875,,0
300002,capacity,0,0,0,5,0,RECOMMENDATION,0.010935325392347928,0.19762654472344759,512,64,64,64,365873,44988,52459,67011,0,7,15,646586,,0
300002,capacity,0,0,0,6,0,RECOMMENDATION,0.0013245117546944742,0.010048353670774132,512,64,64,64,400805,45128,54783,65649,0,7,15,892157,,0
300002,capacity,0,0,0,7,0,RECOMMENDATION,0.018021076281727517,0.14685967244919873,512,64,64,64,371251,47742,55944,64878,0,7,15,679055,,0
300002,capacity,0,0,0,8,0,RECOMMENDATION,0.016855684410754357,0.14096698803023736,512,64,64,64,403459,45098,207503,65719,0,7,15,802401,,0
300002,capacity,0,0,0,9,0,RECOMMENDATION,0.016599986118269221,0.19419497753758294,512,64,64,64,404751,46270,55945,67651,0,7,15,587948,,0
300002,capacity,0,0,0,10,0,RECOMMENDATION,0.004698332405943321,0.058107856214319346,512,64,64,64,361425,45619,54042,64056,0,7,15,607377,,0
300002,capacity,0,0,0,11,0,RECOMMENDATION,0.014305280294044674,0.21878048332050412,512,64,64,64,358111,46390,54513,61853,0,7,15,688219,,0
300002,capacity,0,0,0,12,0,RECOMMENDATION,0.0032913111915033426,0.052380970225470461,512,64,64,64,355837,43997,51297,59319,0,7,15,614958,,0
300002,capacity,0,0,0,13,0,RECOMMENDATION,0.033143290587998621,0.25138027636254867,512,192,80,80,382788,137478,69385,80803,0,7,17,628238,,0
300002,capacity,0,0,0,14,0,RECOMMENDATION,0.029170727524697761,0.27649012168095899,512,64,64,64,561939,46961,58779,68774,0,7,15,584442,,0
300002,capacity,0,0,0,15,0,RECOMMENDATION,0.031101508328302909,0.22512396130187509,512,192,96,80,364109,706626,112130,108624,0,7,17,681369,,0
300002,capacity,0,0,0,16,0,RECOMMENDATION,0.041591460799194062,0.57035420599194164,512,192,112,80,366954,188234,93301,78018,0,7,17,613676,,0
300002,capacity,0,0,0,17,0,RECOMMENDATION,0.024960404948031836,0.26724318546001546,512,64,64,64,379503,46611,55354,67652,0,7,15,713046,,0
300002,capacity,0,0,0,18,0,RECOMMENDATION,0.028369705925662958,0.28076277585254661,512,64,64,64,400504,47612,61223,71538,0,7,15,656551,,0
300002,capacity,0,0,0,19,0,RECOMMENDATION,0.042531944054219305,0.37401794289750151,512,192,112,80,363729,142655,105679,84147,0,7,17,767929,,0
300002,capacity,0,0,0,20,0,RECOMMENDATION,0.016137080182626409,0.15034114460416059,512,64,64,64,372623,45529,57296,65658,0,7,15,627507,,0
300002,capacity,0,0,0,21,0,RECOMMENDATION,0.068070570049426821,0.37859236728138529,512,320,192,104,392122,226282,219741,103557,0,7,20,580186,,0
300002,capacity,0,0,0,22,6,RECOMMENDATION,0.11429459160532732,0.52013319865781005,512,320,280,232,370258,229536,265370,258250,0,6,35,600737,,0
300002,capacity,0,0,0,23,2,RECOMMENDATION,1.1176163259973733,1.6192365355090317,512,512,496,496,360605,369227,443299,498543,0,2,64,764053,,0
300002,capacity,0,0,0,24,1,RECOMMENDATION,1.4721774726876171,1.7209080642496171,512,512,504,496,363148,374104,539134,493154,0,2,64,598974,,0
300002,capacity,0,0,0,25,1,RECOMMENDATION,1.5778256812260971,1.8214797781762728,512,512,496,496,365772,387245,460726,587987,0,2,64,655579,,0
300002,capacity,0,0,0,26,0,RECOMMENDATION,1.7685222760350652,1.8961261043243718,512,512,504,496,369948,375386,468517,475017,0,2,64,596120,,0
300002,capacity,0,0,0,27,0,RECOMMENDATION,1.9432204326739169,2.1000697455360506,512,512,504,496,362707,396899,468137,634227,0,2,64,657703,,0
300002,capacity,0,0,0,28,0,RECOMMENDATION,2.0293563324301482,2.1748913514621959,512,512,496,496,440996,381776,502569,506024,0,2,64,662961,,0
300002,capacity,0,0,0,29,0,RECOMMENDATION,2.1713731979145878,2.3131876182265567,512,512,496,496,362016,509629,474176,585623,0,2,64,707718,,0
300002,capacity,0,0,0,30,0,RECOMMENDATION,2.1947994784229792,2.3593772773864843,512,512,496,496,412663,585504,535258,531994,0,2,64,836092,,0
300002,capacity,0,0,0,31,0,RECOMMENDATION,1.8736659243093152,1.9612424393392287,512,512,496,496,470210,370289,478342,490851,0,2,64,679706,,0
300002,capacity,0,0,0,32,0,RECOMMENDATION,1.7905961169614657,1.9003572928920542,512,512,496,496,375677,358261,475989,465223,0,2,64,610111,,0
300002,capacity,0,0,0,33,6,RECOMMENDATION,1.8228388979679808,2.1251045220772866,512,512,496,496,359052,386353,448197,554547,0,2,64,606996,,0
300002,capacity,0,0,0,34,2,RECOMMENDATION,1.5248225847611661,1.9077743080235909,512,512,496,496,364610,390449,441917,473594,0,2,64,641899,,0
300002,capacity,0,0,0,35,2,RECOMMENDATION,1.473881752075954,1.8390455539571742,512,512,496,496,419653,383469,452673,2270996,0,2,64,602470,,0
300002,capacity,0,0,0,36,6,RECOMMENDATION,0.779802188241699,1.2708881923039181,512,512,464,456,456549,365802,532534,654027,0,3,60,593295,,0
300002,capacity,0,0,0,37,4,RECOMMENDATION,0.4288866964449361,0.77714921278644811,512,512,400,392,416900,378301,493004,437531,0,5,54,654038,,0
300002,capacity,0,0,0,38,4,RECOMMENDATION,0.34199672652967217,0.73248716233527555,512,512,408,368,395166,377841,513485,400705,0,5,51,690092,,0
300002,capacity,0,0,0,39,0,RECOMMENDATION,0.27517118963337556,0.80077088894975523,512,512,376,328,380495,389398,377530,320223,0,6,47,682671,,0
300002,capacity,0,0,0,40,4,RECOMMENDATION,0.25831793996932328,0.66238403296299431,512,448,344,304,378050,326432,389428,339783,0,5,43,612725,,0
300002,capacity,0,0,0,41,4,RECOMMENDATION,0.19652360650573372,0.44858314360544316,512,448,328,264,406244,328225,307293,265972,0,6,39,677553,,0
300002,capacity,0,0,0,42,0,RECOMMENDATION,0.085401157150247362,0.21410345728666674,512,320,216,192,388026,247023,200022,191660,0,7,31,649471,,0
300002,capacity,0,0,0,43,0,RECOMMENDATION,0.0974208307288114,0.15302749988657319,512,320,256,208,392703,241234,247323,205390,0,7,33,626646,,0
300002,capacity,0,0,0,44,0,RECOMMENDATION,0.13635307040842629,0.2068670801966854,512,384,280,240,381976,292391,269046,243087,0,7,37,671754,,0
300002,capacity,0,0,0,45,6,RECOMMENDATION,0.090712362239885061,0.37328323983890715,512,320,304,304,383609,288876,739997,387214,0,5,43,610231,,0
300002,capacity,0,0,0,46,0,RECOMMENDATION,0.063564136226556087,0.32631454616142991,512,320,176,120,371270,228865,185079,117106,0,7,22,666917,,0
300002,capacity,0,0,0,47,6,RECOMMENDATION,0.12363753774788969,0.57602168870271653,512,384,280,216,453113,363309,256837,430110,0,6,33,713757,,0
300002,capacity,0,0,0,48,0,RECOMMENDATION,0.045800473732927116,0.43717536822370218,512,192,112,80,364500,135745,97957,80121,0,7,17,635419,,0
300002,capacity,0,0,0,49,6,RECOMMENDATION,0.11372518681362408,0.56380597318323844,512,320,296,208,398682,300653,278090,210757,0,6,32,727578,,0
300002,capacity,0,0,0,50,0,RECOMMENDATION,0.097902323503657129,0.63240832829150939,512,320,232,104,367765,227864,216186,104268,0,7,20,618374,,0
300002,capacity,0,0,0,51,0,RECOMMENDATION,0.061983446838835617,0.49881659167705017,512,320,144,104,364570,359572,125109,104158,0,7,20,687367,,0
300002,capacity,0,0,0,52,0,RECOMMENDATION,0.06492896517819155,0.49653057009361462,512,320,160,104,618904,282988,143807,106029,0,7,20,722991,,0
300002,capacity,0,0,0,53,0,RECOMMENDATION,0.046695924036307464,0.3662090799755503,512,192,120,80,365241,222997,106401,84357,0,7,17,656521,,0
300002,capacity,0,0,0,54,0,RECOMMENDATION,0.024557463088312657,0.21605858412451148,512,64,64,64,416098,46410,61122,72018,0,7,15,592835,,0
300002,capacity,0,0,0,55,4,RECOMMENDATION,0.098048369323296233,0.4102740227807124,512,320,232,176,608198,237188,218049,244239,0,6,28,655109,,0
300002,capacity,0,0,0,56,0,RECOMMENDATION,0.045790061942168558,0.4202638189535931,512,192,120,80,366213,135955,111959,86821,0,7,17,638895,,0
300002,capacity,0,0,0,57,0,RECOMMENDATION,0.0075270088325051637,0.11445306146391943,512,64,64,64,363098,45489,56425,95073,0,7,15,1131708,,0
300002,capacity,0,0,0,58,0,RECOMMENDATION,0.053043369265641134,0.36134989445730381,512,320,152,96,366944,355146,162386,93522,0,7,19,738414,,0
300002,capacity,0,0,1,0,0,RECOMMENDATION,0.019034337955775145,0.31726372682030562,512,64,64,64,413865,46731,58498,84808,0,7,15,810664,,0
300002,capacity,0,0,1,1,0,RECOMMENDATION,0.057600291759987113,0.33297689583110801,512,320,160,104,484451,236186,138910,105580,0,7,20,795480,,0
300002,capacity,0,0,1,2,0,RECOMMENDATION,0.029165240032559218,0.31141383620674928,512,64,64,64,440325,46310,55844,64577,0,7,15,669050,,0
300002,capacity,0,0,1,3,0,RECOMMENDATION,0.0034454890446623406,0.060194810664922348,512,64,64,64,356809,53250,52860,62334,0,7,15,621077,,0
300002,capacity,0,0,1,4,0,RECOMMENDATION,0.015623007234595344,0.19445705536014163,512,64,64,64,387855,45268,56105,67522,0,7,15,704764,,0
300002,capacity,0,0,1,5,0,RECOMMENDATION,0.010935325392347928,0.19762654472344759,512,64,64,64,374074,45438,52319,67351,0,7,15,626376,,0
300002,capacity,0,0,1,6,0,RECOMMENDATION,0.0013245117546944742,0.010048353670774132,512,64,64,64,393264,45559,54422,64538,0,7,15,591333,,0
300002,capacity,0,0,1,7,0,RECOMMENDATION,0.018021076281727517,0.14685967244919873,512,64,64,64,369899,48363,55875,68233,0,7,15,720758,,0
300002,capacity,0,0,1,8,0,RECOMMENDATION,0.016855684410754357,0.14096698803023736,512,64,64,64,390259,45038,110557,65789,0,7,15,930885,,0
300002,capacity,0,0,1,9,0,RECOMMENDATION,0.016599986118269221,0.19419497753758294,512,64,64,64,442318,45739,56726,69404,0,7,15,687968,,0
300002,capacity,0,0,1,10,0,RECOMMENDATION,0.004698332405943321,0.058107856214319346,512,64,64,64,361736,45438,55083,65339,0,7,15,754388,,0
300002,capacity,0,0,1,11,0,RECOMMENDATION,0.014305280294044674,0.21878048332050412,512,64,64,64,358931,63505,56355,83696,0,7,15,968092,,0
300002,capacity,0,0,1,12,0,RECOMMENDATION,0.0032913111915033426,0.052380970225470461,512,64,64,64,358431,44297,52208,76145,0,7,15,595549,,0
300002,capacity,0,0,1,13,0,RECOMMENDATION,0.033143290587998621,0.25138027636254867,512,192,80,80,362627,134893,82855,82746,0,7,17,702059,,0
300002,capacity,0,0,1,14,0,RECOMMENDATION,0.029170727524697761,0.27649012168095899,512,64,64,64,382627,46681,62234,69816,0,7,15,623301,,0
300002,capacity,0,0,1,15,0,RECOMMENDATION,0.031101508328302909,0.22512396130187509,512,192,96,80,645254,154924,102205,89034,0,7,17,636962,,0
300002,capacity,0,0,1,16,0,RECOMMENDATION,0.041591460799194062,0.57035420599194164,512,192,112,80,378371,134734,94282,76585,0,7,17,618794,,0
300002,capacity,0,0,1,17,0,RECOMMENDATION,0.024960404948031836,0.26724318546001546,512,64,64,64,360604,49755,67262,67211,0,7,15,868061,,0
300002,capacity,0,0,1,18,0,RECOMMENDATION,0.028369705925662958,0.28076277585254661,512,64,64,64,365591,45338,58498,68694,0,7,15,618233,,0
300002,capacity,0,0,1,19,0,RECOMMENDATION,0.042531944054219305,0.37401794289750151,512,192,112,80,387395,139881,153151,83076,0,7,17,660627,,0
300002,capacity,0,0,1,20,0,RECOMMENDATION,0.016137080182626409,0.15034114460416059,512,64,64,64,362728,45458,56145,77847,0,7,15,628278,,0
300002,capacity,0,0,1,21,0,RECOMMENDATION,0.068070570049426821,0.37859236728138529,512,320,192,104,365411,224900,169977,123366,0,7,20,608028,,0
300002,capacity,0,0,1,22,6,RECOMMENDATION,0.11429459160532732,0.52013319865781005,512,320,280,232,1048592,232852,326213,267274,0,6,35,700216,,0
300002,capacity,0,0,1,23,-1,RISK_EMPTY,0,0,512,512,64,64,379913,368587,52880,69545,8,0,16,650292,,0
300002,capacity,0,0,1,24,-1,RISK_EMPTY,0,0,512,512,64,64,385943,365091,49715,59139,8,0,16,599185,,0
300002,capacity,0,0,1,25,-1,RISK_EMPTY,0,0,512,512,64,64,370789,361336,62064,63687,8,0,16,603631,,0
300002,capacity,0,0,1,26,-1,RISK_EMPTY,0,0,512,512,64,64,386843,363539,48884,65108,8,0,16,600326,,0
300002,capacity,0,0,1,27,-1,RISK_EMPTY,0,0,512,512,64,64,361837,368636,49094,68384,8,0,16,601437,,0
300002,capacity,0,0,1,28,-1,RISK_EMPTY,0,0,512,512,64,64,704493,360734,51839,60522,8,0,16,649751,,0
300002,capacity,0,0,1,29,-1,RISK_EMPTY,0,0,512,512,64,64,396779,361085,49124,69866,8,0,16,940820,,0
300002,capacity,0,0,1,30,-1,RISK_EMPTY,0,0,512,512,64,64,376068,403750,67752,61993,8,0,16,675830,,0
300002,capacity,0,0,1,31,-1,RISK_EMPTY,0,0,512,512,64,64,417130,395567,52980,127252,8,0,16,608458,,0
300002,capacity,0,0,1,32,-1,RISK_EMPTY,0,0,512,512,64,64,390449,365993,50677,64406,8,0,16,652096,,0
300002,capacity,0,0,1,33,-1,RISK_EMPTY,0,0,512,512,64,64,381226,410139,49295,66911,8,0,16,654327,,0
300002,capacity,0,0,1,34,-1,RISK_EMPTY,0,0,512,512,64,64,364961,379944,49625,60732,8,0,16,609309,,0
300002,capacity,0,0,1,35,-1,RISK_EMPTY,0,0,512,512,64,64,360173,365041,48563,59810,8,0,16,656160,,0
300002,capacity,0,0,1,36,-1,RISK_EMPTY,0,0,512,512,64,64,384931,361876,48864,92260,8,0,16,629230,,0
300002,capacity,0,0,1,37,-1,RISK_EMPTY,0,0,512,512,64,64,367425,360654,65869,64047,8,0,16,673496,,0
300002,capacity,0,0,1,38,-1,RISK_EMPTY,0,0,512,512,64,64,380234,378120,50035,67090,8,0,16,604883,,0
300002,capacity,0,0,1,39,-1,RISK_EMPTY,0,0,512,512,64,64,356889,364720,48273,59450,8,0,16,610140,,0
300002,capacity,0,0,1,40,-1,RISK_EMPTY,0,0,512,512,64,64,396949,357560,51107,59961,8,0,16,841340,,0
300002,capacity,0,0,1,41,-1,RISK_EMPTY,0,0,512,512,64,64,362868,428888,48714,61433,8,0,16,687417,,0
300002,capacity,0,0,1,42,-1,RISK_EMPTY,0,0,512,512,64,64,392131,398922,55383,59579,8,0,16,641248,,0
300002,capacity,0,0,1,43,-1,RISK_EMPTY,0,0,512,512,64,64,412392,622870,85769,72639,8,0,16,610641,,0
300002,capacity,0,0,1,44,-1,RISK_EMPTY,0,0,512,512,64,64,365582,370940,50015,60110,8,0,16,626986,,0
300002,capacity,0,0,1,45,-1,RISK_EMPTY,0,0,512,512,64,64,383018,361646,50466,59239,8,0,16,595228,,0
300002,capacity,0,0,1,46,-1,RISK_EMPTY,0,0,512,512,64,64,369958,386643,49975,197038,8,0,16,629650,,0
300002,capacity,0,0,1,47,-1,RISK_EMPTY,0,0,512,512,64,64,358221,392262,49034,59140,8,0,16,637602,,0
300002,capacity,0,0,1,48,-1,RISK_EMPTY,0,0,512,512,64,64,368576,389338,49274,58930,8,0,16,603350,,0
300002,capacity,0,0,1,49,-1,RISK_EMPTY,0,0,512,512,64,64,380905,358871,48793,70576,8,0,16,581188,,0
300002,capacity,0,0,1,50,-1,RISK_EMPTY,0,0,512,512,64,64,366754,374886,50606,79690,8,0,16,650642,,0
300002,capacity,0,0,1,51,-1,RISK_EMPTY,0,0,512,512,64,64,359092,394565,50717,64688,8,0,16,616962,,0
300002,capacity,0,0,1,52,-1,RISK_EMPTY,0,0,512,512,64,64,371901,375997,49985,68503,8,0,16,679095,,0
300002,capacity,0,0,1,53,-1,RISK_EMPTY,0,0,512,512,64,64,370670,362027,50776,75123,8,0,16,597211,,0
300002,capacity,0,0,1,54,-1,RISK_EMPTY,0,0,512,512,64,64,371451,526004,52599,59560,8,0,16,640817,,0
300002,capacity,0,0,1,55,-1,RISK_EMPTY,0,0,512,512,64,64,450480,369308,48403,316517,8,0,16,660628,,0
300002,capacity,0,0,1,56,-1,RISK_EMPTY,0,0,512,512,64,64,586155,442778,48834,79350,8,0,16,581208,,0
300002,capacity,0,0,1,57,-1,RISK_EMPTY,0,0,512,512,64,64,389498,359242,49945,60972,8,0,16,630702,,0
300002,capacity,0,0,1,58,-1,RISK_EMPTY,0,0,512,512,64,64,378441,384490,48743,145009,8,0,16,661218,,0
300002,capacity,0,0.34999999999999998,0,0,0,RECOMMENDATION,0.12341462405836082,0.31726372682030562,512,384,136,104,361345,293714,115354,224960,0,7,20,920570,,0
300002,capacity,0,0.34999999999999998,0,1,4,RECOMMENDATION,0.14862766421218065,0.31321402811008331,512,384,184,160,468728,270098,160572,153411,0,6,26,599735,,0
300002,capacity,0,0.34999999999999998,0,2,0,RECOMMENDATION,0.086377819858766539,0.21929170102799952,512,320,216,96,468948,248686,179671,88774,0,7,19,654718,,0
300002,capacity,0,0.34999999999999998,0,3,0,RECOMMENDATION,0.018624684667366217,0.047782080085462197,512,64,64,64,357620,45959,53540,62313,0,7,15,606477,,0
300002,capacity,0,0.34999999999999998,0,4,0,RECOMMENDATION,0.051182116993190745,0.13246131541587075,512,320,184,96,361706,237839,147102,93221,0,7,19,596731,,0
300002,capacity,0,0.34999999999999998,0,5,0,RECOMMENDATION,0.060433883866202465,0.15516252609100722,512,320,96,96,454557,372542,77707,93521,0,7,19,599695,,0
300002,capacity,0,0.34999999999999998,0,6,0,RECOMMENDATION,0.010690635103361591,0.026461315758899651,512,64,64,64,360214,44808,177758,67411,0,7,15,714378,,0
300002,capacity,0,0.34999999999999998,0,7,5,RECOMMENDATION,0.094099989932732955,0.17889671521609737,512,320,192,152,365913,432793,187413,142716,0,6,25,617743,,0
300002,capacity,0,0.34999999999999998,0,8,0,RECOMMENDATION,0.060294640677573411,0.14096698803023736,512,320,152,96,386293,223117,185600,95233,0,7,19,717934,,0
300002,capacity,0,0.34999999999999998,0,9,0,RECOMMENDATION,0.078758233115029025,0.19419497753758294,512,320,168,96,362417,224739,157858,95274,0,7,19,750983,,0
300002,capacity,0,0.34999999999999998,0,10,0,RECOMMENDATION,0.023391665738874929,0.058107856214319346,512,64,64,64,388366,45679,53972,64157,0,7,15,723352,,0
300002,capacity,0,0.34999999999999998,0,11,0,RECOMMENDATION,0.085871601353305474,0.21878048332050412,512,320,168,96,414606,239992,138049,87812,0,7,19,583731,,0
300002,capacity,0,0.34999999999999998,0,12,0,RECOMMENDATION,0.020472691853391834,0.052380970225470461,512,64,64,64,376147,50496,52028,59640,0,7,15,669690,,0
300002,capacity,0,0.34999999999999998,0,13,0,RECOMMENDATION,0.10952623560909114,0.25138027636254867,512,320,104,96,388857,224439,89164,95804,0,7,19,709982,,0
300002,capacity,0,0.34999999999999998,0,14,0,RECOMMENDATION,0.11573251547938919,0.27649012168095899,512,320,216,96,764554,231279,192951,94693,0,7,19,692035,,0
300002,capacity,0,0.34999999999999998,0,15,5,RECOMMENDATION,0.084906631723322523,0.16436714374535813,512,320,200,152,388987,233072,175485,155414,0,6,25,743172,,0
300002,capacity,0,0.34999999999999998,0,16,0,RECOMMENDATION,0.24067094245749232,0.60397635457194754,512,448,280,112,359022,341766,371651,102425,0,7,21,613636,,0
300002,capacity,0,0.34999999999999998,0,17,0,RECOMMENDATION,0.1316593174396366,0.31395322957165184,512,384,224,104,389388,320684,205931,123646,0,7,20,841640,,0
300002,capacity,0,0.34999999999999998,0,18,0,RECOMMENDATION,0.12946091554004924,0.3102164049403231,512,384,272,104,379633,269186,236187,100401,0,7,20,592645,,0
300002,capacity,0,0.34999999999999998,0,19,0,RECOMMENDATION,0.1884544110601187,0.4258961441887984,512,448,240,160,395588,322857,214413,152199,0,7,27,608939,,0
300002,capacity,0,0.34999999999999998,0,20,4,RECOMMENDATION,0.093939317551098717,0.18228532579156795,512,320,152,152,361105,226482,144969,142154,0,6,25,643391,,0
300002,capacity,0,0.34999999999999998,0,21,0,RECOMMENDATION,0.17675319908061249,0.37859236728138568,512,448,256,128,459273,318401,225981,126010,0,7,23,608749,,0
300002,capacity,0,0.34999999999999998,0,22,6,RECOMMENDATION,0.25633810407369645,0.52013319865781038,512,448,312,240,505183,348296,283057,225450,0,5,35,830753,,0
300002,capacity,0,0.34999999999999998,0,23,2,RECOMMENDATION,1.2931833993264541,1.6192365355090321,512,512,496,480,443320,370229,520425,453304,0,2,62,619335,,0
300002,capacity,0,0.34999999999999998,0,24,1,RECOMMENDATION,1.5592331797343177,1.7209080642496177,512,512,496,496,399383,361225,499273,460806,0,2,64,604803,,0
300002,capacity,0,0.34999999999999998,0,25,1,RECOMMENDATION,1.6631046151586588,1.8214797781762728,512,512,496,488,418492,364309,499774,465594,0,2,63,847199,,0
300002,capacity,0,0.34999999999999998,0,26,0,RECOMMENDATION,1.8131836159363224,1.8961261043243718,512,512,488,488,391601,362928,476799,477821,0,3,64,589460,,0
300002,capacity,0,0.34999999999999998,0,27,0,RECOMMENDATION,1.998117692175664,2.1000697455360506,512,512,488,488,362537,370239,486174,468497,0,3,64,676321,,0
300002,capacity,0,0.34999999999999998,0,28,0,RECOMMENDATION,2.0802935890913652,2.1748913514621959,512,512,488,488,360384,410400,465663,491953,0,3,64,648649,,0
300002,capacity,0,0.34999999999999998,0,29,0,RECOMMENDATION,2.2210082450237767,2.3131876182265567,512,512,480,480,367624,387404,434817,456650,0,3,63,744153,,0
300002,capacity,0,0.34999999999999998,0,30,0,RECOMMENDATION,2.2524017080602059,2.3593772773864843,512,512,480,480,594758,480676,460625,531363,0,3,63,626416,,0
300002,capacity,0,0.34999999999999998,0,31,0,RECOMMENDATION,1.904317704569785,1.9612424393392289,512,512,480,480,357400,366783,441446,472083,0,3,63,633636,,0
300002,capacity,0,0.34999999999999998,0,32,0,RECOMMENDATION,1.8290125285371719,1.9003572928920542,512,512,488,488,357790,383729,447235,480234,0,2,63,682581,,0
300002,capacity,0,0.34999999999999998,0,33,0,RECOMMENDATION,1.8763597140392023,1.953127405475261,512,512,488,488,525012,396589,458793,531233,0,2,63,583781,,0
300002,capacity,0,0.34999999999999998,0,34,0,RECOMMENDATION,1.8036122323499517,1.8755042566742615,512,512,488,488,365732,358351,479594,501036,0,2,63,622941,,0
300002,capacity,0,0.34999999999999998,0,35,0,RECOMMENDATION,1.8855000246242684,1.936405170179913,512,512,480,480,371350,370089,469228,454868,0,3,63,694287,,0
300002,capacity,0,0.34999999999999998,0,36,0,RECOMMENDATION,1.7253197260161737,1.8219528697911807,512,512,488,488,357961,356047,577532,671423,0,2,63,602179,,0
300002,capacity,0,0.34999999999999998,0,37,6,RECOMMENDATION,1.6041422548072635,1.798708256622098,512,512,464,464,414496,389187,416408,561277,0,3,61,864645,,0
300002,capacity,0,0.34999999999999998,0,38,2,RECOMMENDATION,1.4609288162875307,1.7243712518633416,512,512,488,472,368205,361135,477030,651233,0,3,62,698835,,0
300002,capacity,0,0.34999999999999998,0,39,6,RECOMMENDATION,1.2453979603859726,1.5302177517384115,512,512,480,464,361525,408948,438252,522268,0,3,61,667167,,0
300002,capacity,0,0.34999999999999998,0,40,6,RECOMMENDATION,1.1253084279800936,1.3689995659777199,512,512,472,448,410499,441466,455077,454266,0,4,60,749110,,0
300002,capacity,0,0.34999999999999998,0,41,1,RECOMMENDATION,0.91126079018875339,1.2114804858058168,512,512,464,432,368646,366844,514016,436418,0,4,58,624913,,0
300002,capacity,0,0.34999999999999998,0,42,0,RECOMMENDATION,0.40146133985930571,0.62475150058944795,512,512,352,304,439984,376688,355076,297169,0,6,44,681989,,0
300002,capacity,0,0.34999999999999998,0,43,0,RECOMMENDATION,0.24075969968665634,0.35002998892177406,512,448,312,200,579896,333444,292602,205550,0,7,32,620267,,0
300002,capacity,0,0.34999999999999998,0,44,0,RECOMMENDATION,0.18787598748622719,0.23748871723204532,512,448,224,216,401516,320805,262145,209587,0,7,34,618152,,0
300002,capacity,0,0.34999999999999998,0,45,0,RECOMMENDATION,0.25320022573679796,0.35951186328811119,512,448,296,232,375407,407455,362377,229817,0,6,35,597201,,0
300002,capacity,0,0.34999999999999998,0,46,6,RECOMMENDATION,0.26729596667432554,0.51556172922729493,512,448,336,328,505974,327264,337520,317179,0,6,47,607016,,0
300002,capacity,0,0.34999999999999998,0,47,6,RECOMMENDATION,0.34089485400756742,0.67351437696582428,512,512,312,216,523881,372933,555669,202947,0,6,33,717163,,0
300002,capacity,0,0.34999999999999998,0,48,0,RECOMMENDATION,0.22474089269289965,0.52560683678356102,512,448,296,112,368747,317560,266222,121904,0,7,21,712786,,0
300002,capacity,0,0.34999999999999998,0,49,6,RECOMMENDATION,0.34079601673523485,0.70046046923567951,512,512,344,232,468177,364550,313714,229867,0,6,35,794670,,0
300002,capacity,0,0.34999999999999998,0,50,0,RECOMMENDATION,0.3325727603401667,0.70688167453681428,512,512,288,136,457119,364360,254384,136206,0,7,24,727057,,0
300002,capacity,0,0.34999999999999998,0,51,0,RECOMMENDATION,0.24291445021533709,0.56648937866400229,512,448,216,120,378462,324650,200542,114153,0,7,22,602930,,0
300002,capacity,0,0.34999999999999998,0,52,0,RECOMMENDATION,0.2299836403830281,0.52916558900109034,512,448,216,120,367024,335847,192250,120823,0,7,22,656260,,0
300002,capacity,0,0.34999999999999998,0,53,4,RECOMMENDATION,0.16770088267946986,0.35700560640823492,512,448,256,168,366733,315546,257659,318771,0,6,27,584652,,0
300002,capacity,0,0.34999999999999998,0,54,0,RECOMMENDATION,0.07304747487029345,0.16614909609417672,512,320,96,96,408436,229466,87101,98839,0,7,19,652796,,0
300002,capacity,0,0.34999999999999998,0,55,4,RECOMMENDATION,0.16254819284085986,0.33912844180558432,512,448,200,168,526775,328626,184659,167372,0,6,27,695190,,0
300002,capacity,0,0.34999999999999998,0,56,0,RECOMMENDATION,0.12330869831960017,0.29383649492493619,512,384,184,104,394536,276017,391251,115074,0,7,20,663451,,0
300002,capacity,0,0.34999999999999998,0,57,0,RECOMMENDATION,0.022793410133575526,0.053187921431826227,512,64,64,64,366843,47962,69866,105119,0,7,15,655360,,0
300002,capacity,0,0.34999999999999998,0,58,0,RECOMMENDATION,0.090080825590191912,0.21344097765720521,512,320,128,96,370680,277318,133442,93151,0,7,19,636691,,0
300002,capacity,0,0.34999999999999998,1,0,0,RECOMMENDATION,0.12341462405836082,0.31726372682030562,512,384,136,104,370989,285541,110277,93601,0,7,20,583501,,0
300002,capacity,0,0.34999999999999998,1,1,4,RECOMMENDATION,0.14862766421218065,0.31321402811008331,512,384,184,160,364120,283378,158229,152331,0,6,26,594647,,0
300002,capacity,0,0.34999999999999998,1,2,0,RECOMMENDATION,0.086377819858766539,0.21929170102799952,512,320,216,96,395637,224369,181183,89775,0,7,19,633176,,0
300002,capacity,0,0.34999999999999998,1,3,0,RECOMMENDATION,0.018624684667366217,0.047782080085462197,512,64,64,64,360694,46521,54372,65118,0,7,15,641258,,0
300002,capacity,0,0.34999999999999998,1,4,0,RECOMMENDATION,0.051182116993190745,0.13246131541587075,512,320,184,96,552945,224850,149917,95695,0,7,19,653636,,0
300002,capacity,0,0.34999999999999998,1,5,0,RECOMMENDATION,0.060433883866202465,0.15516252609100722,512,320,96,96,359173,221775,89735,94542,0,7,19,646546,,0
300002,capacity,0,0.34999999999999998,1,6,0,RECOMMENDATION,0.010690635103361591,0.026461315758899651,512,64,64,64,439343,45168,54152,64878,0,7,15,591382,,0
300002,capacity,0,0.34999999999999998,1,7,5,RECOMMENDATION,0.094099989932732955,0.17889671521609737,512,320,192,152,361225,244289,165269,140491,0,6,25,583962,,0
300002,capacity,0,0.34999999999999998,1,8,0,RECOMMENDATION,0.060294640677573411,0.14096698803023736,512,320,152,96,359323,238910,127773,89785,0,7,19,610712,,0
300002,capacity,0,0.34999999999999998,1,9,0,RECOMMENDATION,0.078758233115029025,0.19419497753758294,512,320,168,96,377740,224269,142335,93481,0,7,19,641869,,0
300002,capacity,0,0.34999999999999998,1,10,0,RECOMMENDATION,0.023391665738874929,0.058107856214319346,512,64,64,64,360945,45288,54302,64476,0,7,15,601969,,0
300002,capacity,0,0.34999999999999998,1,11,0,RECOMMENDATION,0.085871601353305474,0.21878048332050412,512,320,168,96,358852,259572,140422,103456,0,7,19,648108,,0
300002,capacity,0,0.34999999999999998,1,12,0,RECOMMENDATION,0.020472691853391834,0.052380970225470461,512,64,64,64,356458,44327,53330,74984,0,7,15,600055,,0
300002,capacity,0,0.34999999999999998,1,13,0,RECOMMENDATION,0.10952623560909114,0.25138027636254867,512,320,104,96,361636,223848,88083,95965,0,7,19,681388,,0
300002,capacity,0,0.34999999999999998,1,14,0,RECOMMENDATION,0.11573251547938919,0.27649012168095899,512,320,216,96,380625,225941,187443,93441,0,7,19,606335,,0
300002,capacity,0,0.34999999999999998,1,15,5,RECOMMENDATION,0.084906631723322523,0.16436714374535813,512,320,200,152,379613,232010,172951,152120,0,6,25,714147,,0
300002,capacity,0,0.34999999999999998,1,16,0,RECOMMENDATION,0.24067094245749232,0.60397635457194754,512,448,280,112,473084,310829,246402,100772,0,7,21,582389,,0
300002,capacity,0,0.34999999999999998,1,17,0,RECOMMENDATION,0.1316593174396366,0.31395322957165184,512,384,224,104,377119,269066,185069,98218,0,7,20,686396,,0
300002,capacity,0,0.34999999999999998,1,18,0,RECOMMENDATION,0.12946091554004924,0.3102164049403231,512,384,272,104,368356,338100,236016,101684,0,7,20,929373,,0
300002,capacity,0,0.34999999999999998,1,19,0,RECOMMENDATION,0.1884544110601187,0.4258961441887984,512,448,240,160,379903,324410,216747,154553,0,7,27,670853,,0
300002,capacity,0,0.34999999999999998,1,20,4,RECOMMENDATION,0.093939317551098717,0.18228532579156795,512,320,152,152,361796,225140,145350,197679,0,6,25,603320,,0
300002,capacity,0,0.34999999999999998,1,21,0,RECOMMENDATION,0.17675319908061249,0.37859236728138568,512,448,256,128,363008,329477,221824,125920,0,7,23,632655,,0
300002,capacity,0,0.34999999999999998,1,22,6,RECOMMENDATION,0.25633810407369645,0.52013319865781038,512,448,312,240,370258,316829,293843,220192,0,5,35,596931,,0
300002,capacity,0,0.34999999999999998,1,23,-1,RISK_EMPTY,0,0,512,512,64,64,360755,463149,52480,68253,8,0,16,582169,,0
300002,capacity,0,0.34999999999999998,1,24,-1,RISK_EMPTY,0,0,512,512,64,64,388256,366873,50186,60321,8,0,16,661318,,0
300002,capacity,0,0.34999999999999998,1,25,-1,RISK_EMPTY,0,0,512,512,64,64,371440,361625,50276,64367,8,0,16,637953,,0
300002,capacity,0,0.34999999999999998,1,26,-1,RISK_EMPTY,0,0,512,512,64,64,466384,364781,124758,67772,8,0,16,888100,,0
300002,capacity,0,0.34999999999999998,1,27,-1,RISK_EMPTY,0,0,512,512,64,64,377160,369137,48724,69204,8,0,16,623682,,0
300002,capacity,0,0.34999999999999998,1,28,-1,RISK_EMPTY,0,0,512,512,64,64,382237,359552,151359,63265,8,0,16,593456,,0
300002,capacity,0,0.34999999999999998,1,29,-1,RISK_EMPTY,0,0,512,512,64,64,449048,362588,49184,63316,8,0,16,602028,,0
300002,capacity,0,0.34999999999999998,1,30,-1,RISK_EMPTY,0,0,512,512,64,64,369698,360374,49635,62244,8,0,16,593917,,0
300002,capacity,0,0.34999999999999998,1,31,-1,RISK_EMPTY,0,0,512,512,64,64,666195,366523,51878,74953,8,0,16,656531,,0
300002,capacity,0,0.34999999999999998,1,32,-1,RISK_EMPTY,0,0,512,512,64,64,368596,374905,50626,65008,8,0,16,614177,,0
300002,capacity,0,0.34999999999999998,1,33,-1,RISK_EMPTY,0,0,512,512,64,64,428487,358200,49475,65759,8,0,16,619154,,0
300002,capacity,0,0.34999999999999998,1,34,-1,RISK_EMPTY,0,0,512,512,64,64,449949,389818,50055,60442,8,0,16,615970,,0
300002,capacity,0,0.34999999999999998,1,35,-1,RISK_EMPTY,0,0,512,512,64,64,357299,365301,48793,60591,8,0,16,809501,,0
300002,capacity,0,0.34999999999999998,1,36,-1,RISK_EMPTY,0,0,512,512,64,64,522478,410139,49334,59620,8,0,16,668399,,0
300002,capacity,0,0.34999999999999998,1,37,-1,RISK_EMPTY,0,0,512,512,64,64,364720,373153,49755,61172,8,0,16,659475,,0
300002,capacity,0,0.34999999999999998,1,38,-1,RISK_EMPTY,0,0,512,512,64,64,393954,358191,48623,66089,8,0,16,580336,,0
300002,capacity,0,0.34999999999999998,1,39,-1,RISK_EMPTY,0,0,512,512,64,64,362958,366703,49054,184118,8,0,16,745806,,0
300002,capacity,0,0.34999999999999998,1,40,-1,RISK_EMPTY,0,0,512,512,64,64,365481,357861,51078,59700,8,0,16,604853,,0
300002,capacity,0,0.34999999999999998,1,41,-1,RISK_EMPTY,0,0,512,512,64,64,394055,359153,49054,60802,8,0,16,664384,,0
300002,capacity,0,0.34999999999999998,1,42,-1,RISK_EMPTY,0,0,512,512,64,64,365111,357059,51558,58969,8,0,16,603411,,0
300002,capacity,0,0.34999999999999998,1,43,-1,RISK_EMPTY,0,0,512,512,64,64,506855,370359,48714,58999,8,0,16,599546,,0
300002,capacity,0,0.34999999999999998,1,44,-1,RISK_EMPTY,0,0,512,512,64,64,363198,868771,51067,61093,8,0,16,758835,,0
300002,capacity,0,0.34999999999999998,1,45,-1,RISK_EMPTY,0,0,512,512,64,64,367004,373374,50416,60881,8,0,16,611974,,0
300002,capacity,0,0.34999999999999998,1,46,-1,RISK_EMPTY,0,0,512,512,64,64,664422,364830,50106,60721,8,0,16,1266141,,0
300002,capacity,0,0.34999999999999998,1,47,-1,RISK_EMPTY,0,0,512,512,64,64,417430,566645,50215,60141,8,0,16,603971,,0
300002,capacity,0,0.34999999999999998,1,48,-1,RISK_EMPTY,0,0,512,512,64,64,367134,358531,80241,64578,8,0,16,2720195,,0
300002,capacity,0,0.34999999999999998,1,49,-1,RISK_EMPTY,0,0,512,512,64,64,592544,362648,49334,75914,8,0,16,881912,,0
300002,capacity,0,0.34999999999999998,1,50,-1,RISK_EMPTY,0,0,512,512,64,64,368547,431451,50606,67643,8,0,16,715910,,0
300002,capacity,0,0.34999999999999998,1,51,-1,RISK_EMPTY,0,0,512,512,64,64,387444,366874,49084,129035,8,0,16,634097,,0
300002,capacity,0,0.34999999999999998,1,52,-1,RISK_EMPTY,0,0,512,512,64,64,445793,616861,172841,70857,8,0,16,582129,,0
300002,capacity,0,0.34999999999999998,1,53,-1,RISK_EMPTY,0,0,512,512,64,64,425122,359292,100321,61743,8,0,16,728319,,0
300002,capacity,0,0.34999999999999998,1,54,-1,RISK_EMPTY,0,0,512,512,64,64,426844,436339,51298,60842,8,0,16,655790,,0
300002,capacity,0,0.34999999999999998,1,55,-1,RISK_EMPTY,0,0,512,512,64,64,361526,492794,51999,65609,8,0,16,678554,,0
300002,capacity,0,0.34999999999999998,1,56,-1,RISK_EMPTY,0,0,512,512,64,64,399863,361986,53250,69575,8,0,16,741719,,0
300002,capacity,0,0.34999999999999998,1,57,-1,RISK_EMPTY,0,0,512,512,64,64,393704,488537,106380,107071,8,0,16,1018137,,0
300002,capacity,0,0.34999999999999998,1,58,-1,RISK_EMPTY,0,0,512,512,64,64,366723,374936,48984,60121,8,0,16,632865,,0
300002,capacity,0,1,0,0,4,RECOMMENDATION,0.30991387141163285,0.30991387141163285,512,512,224,176,442267,378271,207784,190007,0,6,28,661628,,0
300002,capacity,0,1,0,1,0,RECOMMENDATION,0.28627487064504192,0.28627487064504192,512,512,200,120,410720,358141,166071,114933,0,7,22,621838,,0
300002,capacity,0,1,0,2,4,RECOMMENDATION,0.21496225236234898,0.21496225236234898,512,448,328,168,416739,526515,350559,148305,0,6,27,646726,,0
300002,capacity,0,1,0,3,5,RECOMMENDATION,0.077628582278358921,0.077628582278358921,512,320,168,152,360995,293703,163557,155996,0,6,25,650612,,0
300002,capacity,0,1,0,4,4,RECOMMENDATION,0.12971382264985309,0.12971382264985309,512,384,264,160,363779,348295,221905,146620,0,6,26,605425,,0
300002,capacity,0,1,0,5,0,RECOMMENDATION,0.17890223134538152,0.17890223134538152,512,448,184,112,361616,361065,155534,129365,0,7,21,637332,,0
300002,capacity,0,1,0,6,5,RECOMMENDATION,0.056816875949980417,0.056816875949980417,512,320,176,152,361376,240673,146571,141223,0,6,25,620176,,0
300002,capacity,0,1,0,7,5,RECOMMENDATION,0.17889671521609737,0.17889671521609737,512,448,224,168,391000,323608,309888,154363,0,6,27,706977,,0
300002,capacity,0,1,0,8,5,RECOMMENDATION,0.13497619056167282,0.13497619056167282,512,384,192,160,360174,266632,175085,168335,0,6,26,585324,,0
300002,capacity,0,1,0,9,0,RECOMMENDATION,0.13551182017913993,0.13551182017913993,512,384,216,104,495858,271069,180332,96967,0,7,20,643852,,0
300002,capacity,0,1,0,10,0,RECOMMENDATION,0.054266916502185875,0.054266916502185875,512,320,112,96,362277,221815,119000,109755,0,7,19,759707,,0
300002,capacity,0,1,0,11,0,RECOMMENDATION,0.2467035739805884,0.2467035739805884,512,448,248,112,485443,337539,208645,102645,0,7,21,667518,,0
300002,capacity,0,1,0,12,0,RECOMMENDATION,0.070819498381128304,0.070819498381128304,512,320,96,96,415497,223157,132350,88454,0,7,19,598643,,0
300002,capacity,0,1,0,13,0,RECOMMENDATION,0.27837637416689681,0.27837637416689681,512,512,176,128,362316,370729,145519,139550,0,7,23,622500,,0
300002,capacity,0,1,0,14,0,RECOMMENDATION,0.2197830158025956,0.2197830158025956,512,448,280,112,480946,328796,235816,105178,0,7,21,630283,,0
300002,capacity,0,1,0,15,5,RECOMMENDATION,0.1276312259317669,0.1276312259317669,512,384,216,160,479714,274584,204038,172641,0,6,26,668028,,0
300002,capacity,0,1,0,16,4,RECOMMENDATION,0.6333885734674034,0.6333885734674034,512,512,368,176,442968,355767,312301,199861,0,6,28,687628,,0
300002,capacity,0,1,0,17,4,RECOMMENDATION,0.3002003315375108,0.3002003315375108,512,512,312,176,433314,407515,258530,161263,0,6,28,784575,,0
300002,capacity,0,1,0,18,0,RECOMMENDATION,0.28076277585254661,0.28076277585254661,512,512,384,120,372462,484902,336147,114582,0,7,22,656240,,0
300002,capacity,0,1,0,19,0,RECOMMENDATION,0.37401794289750151,0.37401794289750151,512,512,272,136,359182,366613,359362,127572,0,7,24,680988,,0
300002,capacity,0,1,0,20,0,RECOMMENDATION,0.15034114460416059,0.15034114460416059,512,448,152,120,429558,313793,124789,112721,0,7,22,616991,,0
300002,capacity,0,1,0,21,6,RECOMMENDATION,0.35017234653450152,0.35017234653450152,512,512,296,232,361516,370699,272411,224310,0,5,34,824113,,0
300002,capacity,0,1,0,22,6,RECOMMENDATION,0.50765902953352993,0.50765902953352993,512,512,344,232,425772,365662,365802,216516,0,5,34,649060,,0
300002,capacity,0,1,0,23,1,RECOMMENDATION,1.5924178591598519,1.5924178591598519,512,512,480,176,361656,370690,703683,178380,0,6,28,1715359,,0
300002,capacity,0,1,0,24,0,RECOMMENDATION,1.733591194354424,1.733591194354424,512,512,184,128,367525,572714,465142,150326,0,7,23,697893,,0
300002,capacity,0,1,0,25,0,RECOMMENDATION,1.851560609004411,1.851560609004411,512,512,184,120,2078757,368146,163216,263839,0,7,22,674828,,0
300002,capacity,0,1,0,26,0,RECOMMENDATION,1.9500412405668899,1.9500412405668899,512,512,192,120,374505,375037,172721,123536,0,7,22,642450,,0
300002,capacity,0,1,0,27,0,RECOMMENDATION,2.1579004467194478,2.1579004467194478,512,512,184,128,397720,631603,165740,132630,0,7,23,679025,,0
300002,capacity,0,1,0,28,0,RECOMMENDATION,2.2314419355790291,2.2314419355790291,512,512,200,120,362978,407235,330909,117448,0,7,22,589459,,0
300002,capacity,0,1,0,29,0,RECOMMENDATION,2.3641302613478761,2.3641302613478761,512,512,256,128,515318,590772,425462,126341,0,7,23,586144,,0
300002,capacity,0,1,0,30,0,RECOMMENDATION,2.4036180466288299,2.4036180466288299,512,512,344,128,454176,362547,408867,124799,0,7,23,664122,,0
300002,capacity,0,1,0,31,0,RECOMMENDATION,2.0192612578591889,2.0192612578591889,512,512,144,120,382587,369588,193382,113090,0,7,22,670943,,0
300002,capacity,0,1,0,32,0,RECOMMENDATION,1.957423138592032,1.957423138592032,512,512,152,120,364921,373904,151419,294595,0,7,22,668359,,0
300002,capacity,0,1,0,33,0,RECOMMENDATION,2.0127300571354758,2.0127300571354758,512,512,152,120,388787,378622,130136,121624,0,7,22,650351,,0
300002,capacity,0,1,0,34,0,RECOMMENDATION,1.9347425857010956,1.9347425857010956,512,512,144,120,368416,412903,128604,116206,0,7,22,716762,,0
300002,capacity,0,1,0,35,0,RECOMMENDATION,1.9982371767715157,1.9982371767715157,512,512,144,120,383599,424701,122846,115133,0,7,22,601678,,0
300002,capacity,0,1,0,36,0,RECOMMENDATION,1.8832721007521478,1.8832721007521478,512,512,168,120,361014,358881,173011,113570,0,7,22,670683,,0
300002,capacity,0,1,0,37,0,RECOMMENDATION,1.7973486308246815,1.7973486308246815,512,512,120,120,446043,400525,105129,119120,0,7,22,660978,,0
300002,capacity,0,1,0,38,0,RECOMMENDATION,1.8732986657310873,1.8732986657310873,512,512,168,120,439243,387555,149246,122695,0,7,22,616170,,0
300002,capacity,0,1,0,39,0,RECOMMENDATION,1.8627704726042722,1.8627704726042722,512,512,152,120,373684,386633,130116,115413,0,7,22,677884,,0
300002,capacity,0,1,0,40,0,RECOMMENDATION,1.8859584570636956,1.8859584570636956,512,512,224,120,365271,419604,224098,121673,0,7,22,674599,,0
300002,capacity,0,1,0,41,0,RECOMMENDATION,1.8406320676664834,1.8406320676664834,512,512,168,120,392332,377730,143297,118939,0,7,22,647027,,0
300002,capacity,0,1,0,42,6,RECOMMENDATION,1.8187065738800885,1.8187065738800885,512,512,216,176,365902,529950,196607,169876,0,6,28,653127,,0
300002,capacity,0,1,0,43,1,RECOMMENDATION,1.6039801482421092,1.6039801482421092,512,512,432,232,515038,484171,442377,224258,0,5,34,659086,,0
300002,capacity,0,1,0,44,6,RECOMMENDATION,1.3696075271661194,1.3696075271661194,512,512,376,288,454606,622389,375497,279532,0,4,40,802612,,0
300002,capacity,0,1,0,45,1,RECOMMENDATION,1.1287328660590119,1.1287328660590119,512,512,392,200,373113,397429,367074,199361,0,6,31,694508,,0
300002,capacity,0,1,0,46,5,RECOMMENDATION,0.58759877077220835,0.58759877077220835,512,512,288,176,450610,402688,332703,172590,0,6,28,743422,,0
300002,capacity,0,1,0,47,1,RECOMMENDATION,0.52220139690169454,0.52220139690169454,512,512,272,176,376038,435828,271460,180843,0,6,28,645665,,0
300002,capacity,0,1,0,48,1,RECOMMENDATION,0.32299607811457176,0.32299607811457176,512,512,208,176,547366,373954,255746,177908,0,6,28,832126,,0
300002,capacity,0,1,0,49,1,RECOMMENDATION,0.47133206232270153,0.47133206232270153,512,512,344,232,388086,427656,319603,244959,0,5,34,632555,,0
300002,capacity,0,1,0,50,3,RECOMMENDATION,0.45477556238635147,0.45477556238635147,512,512,232,176,433074,395037,209456,180392,0,6,28,680527,,0
300002,capacity,0,1,0,51,3,RECOMMENDATION,0.39505378108644473,0.39505378108644473,512,512,232,216,432162,545393,298611,207874,0,6,33,671484,,0
300002,capacity,0,1,0,52,0,RECOMMENDATION,0.26307968300531198,0.26307968300531198,512,448,120,136,393755,317970,113952,136566,0,7,24,736392,,0
300002,capacity,0,1,0,53,6,RECOMMENDATION,0.2527400698462377,0.2527400698462377,512,448,192,168,416659,350419,173732,233954,0,6,27,717904,,0
300002,capacity,0,1,0,54,0,RECOMMENDATION,0.18507504708318659,0.18507504708318659,512,448,192,112,366843,314866,179821,108674,0,7,21,680917,,0
300002,capacity,0,1,0,55,6,RECOMMENDATION,0.24391714678693877,0.24391714678693877,512,448,248,224,367334,355436,224749,223708,0,5,33,621047,,0
300002,capacity,0,1,0,56,0,RECOMMENDATION,0.24191697223824954,0.24191697223824954,512,448,256,112,374095,311500,217048,109134,0,7,21,597312,,0
300002,capacity,0,1,0,57,0,RECOMMENDATION,0.14716858702225338,0.14716858702225338,512,384,152,104,624202,274074,128033,242006,0,7,20,717783,,0
300002,capacity,0,1,0,58,0,RECOMMENDATION,0.38970725523155403,0.38970725523155403,512,512,240,120,605944,524352,215305,113170,0,7,22,665204,,0
300002,capacity,0,1,1,0,4,RECOMMENDATION,0.30991387141163285,0.30991387141163285,512,512,224,176,374485,372452,183317,154583,0,6,28,610432,,0
300002,capacity,0,1,1,1,0,RECOMMENDATION,0.28627487064504192,0.28627487064504192,512,512,200,120,364330,380534,167784,120751,0,7,22,747389,,0
300002,capacity,0,1,1,2,4,RECOMMENDATION,0.21496225236234898,0.21496225236234898,512,448,328,168,381075,311900,274674,162735,0,6,27,604243,,0
300002,capacity,0,1,1,3,5,RECOMMENDATION,0.077628582278358921,0.077628582278358921,512,320,168,152,358411,272171,165069,137438,0,6,25,615039,,0
300002,capacity,0,1,1,4,4,RECOMMENDATION,0.12971382264985309,0.12971382264985309,512,384,264,160,360564,280533,220273,146451,0,6,26,605965,,0
300002,capacity,0,1,1,5,0,RECOMMENDATION,0.17890223134538152,0.17890223134538152,512,448,184,112,394014,312822,149936,103216,0,7,21,580336,,0
300002,capacity,0,1,1,6,5,RECOMMENDATION,0.056816875949980417,0.056816875949980417,512,320,176,152,362407,238740,146902,140552,0,6,25,643592,,0
300002,capacity,0,1,1,7,5,RECOMMENDATION,0.17889671521609737,0.17889671521609737,512,448,224,168,377449,335987,189746,260623,0,6,27,630562,,0
300002,capacity,0,1,1,8,5,RECOMMENDATION,0.13497619056167282,0.13497619056167282,512,384,192,160,363379,295706,249637,257278,0,6,26,813108,,0
300002,capacity,0,1,1,9,0,RECOMMENDATION,0.13551182017913993,0.13551182017913993,512,384,216,104,373774,268305,358481,96466,0,7,20,595910,,0
300002,capacity,0,1,1,10,0,RECOMMENDATION,0.054266916502185875,0.054266916502185875,512,320,112,96,361105,252952,89896,90027,0,7,19,687517,,0
300002,capacity,0,1,1,11,0,RECOMMENDATION,0.2467035739805884,0.2467035739805884,512,448,248,112,369387,317449,205690,99891,0,7,21,606515,,0
300002,capacity,0,1,1,12,0,RECOMMENDATION,0.070819498381128304,0.070819498381128304,512,320,96,96,394756,222786,75494,84949,0,7,19,700046,,0
300002,capacity,0,1,1,13,0,RECOMMENDATION,0.27837637416689681,0.27837637416689681,512,512,176,128,360975,355657,202445,123416,0,7,23,605305,,0
300002,capacity,0,1,1,14,0,RECOMMENDATION,0.2197830158025956,0.2197830158025956,512,448,280,112,388817,313263,235776,104917,0,7,21,593156,,0
300002,capacity,0,1,1,15,5,RECOMMENDATION,0.1276312259317669,0.1276312259317669,512,384,216,160,361065,335897,222135,164969,0,6,26,724955,,0
300002,capacity,0,1,1,16,4,RECOMMENDATION,0.6333885734674034,0.6333885734674034,512,512,368,176,363288,357980,321515,190576,0,6,28,966921,,0
300002,capacity,0,1,1,17,4,RECOMMENDATION,0.3002003315375108,0.3002003315375108,512,512,312,176,470711,363278,265881,162094,0,6,28,637382,,0
300002,capacity,0,1,1,18,0,RECOMMENDATION,0.28076277585254661,0.28076277585254661,512,512,384,120,430830,385833,333634,130507,0,7,22,669100,,0
300002,capacity,0,1,1,19,0,RECOMMENDATION,0.37401794289750151,0.37401794289750151,512,512,272,136,360184,367334,315175,128834,0,7,24,701990,,0
300002,capacity,0,1,1,20,0,RECOMMENDATION,0.15034114460416059,0.15034114460416059,512,448,152,120,360284,326623,124919,112360,0,7,22,596681,,0
300002,capacity,0,1,1,21,6,RECOMMENDATION,0.35017234653450152,0.35017234653450152,512,512,296,232,1298129,495477,281996,257849,0,5,34,1675309,,0
300002,capacity,0,1,1,22,6,RECOMMENDATION,0.50765902953352993,0.50765902953352993,512,512,344,232,2028042,397500,312531,217769,0,5,34,638484,,0
300002,capacity,0,1,1,23,-1,RISK_EMPTY,0,0,512,512,64,64,961792,1435667,54683,612354,8,0,16,950625,,0
300002,capacity,0,1,1,24,-1,RISK_EMPTY,0,0,512,512,64,64,1080100,418081,51027,61392,8,0,16,633396,,0
300002,capacity,0,1,1,25,-1,RISK_EMPTY,0,0,512,512,64,64,371811,387215,51237,67021,8,0,16,1309887,,0
300002,capacity,0,1,1,26,-1,RISK_EMPTY,0,0,512,512,64,64,543640,363689,50346,65319,8,0,16,588248,,0
300002,capacity,0,1,1,27,-1,RISK_EMPTY,0,0,512,512,64,64,398422,395136,49935,69405,8,0,16,1261684,,0
300002,capacity,0,1,1,28,-1,RISK_EMPTY,0,0,512,512,64,64,443950,360515,52659,64137,8,0,16,652204,,0
300002,capacity,0,1,1,29,-1,RISK_EMPTY,0,0,512,512,64,64,403749,395477,52309,63456,8,0,16,642720,,0
300002,capacity,0,1,1,30,-1,RISK_EMPTY,0,0,512,512,64,64,837454,431621,51658,62183,8,0,16,645696,,0
300002,capacity,0,1,1,31,-1,RISK_EMPTY,0,0,512,512,64,64,358611,422938,52739,59029,8,0,16,607507,,0
300002,capacity,0,1,1,32,-1,RISK_EMPTY,0,0,512,512,64,64,367244,390489,49585,65298,8,0,16,632104,,0
300002,capacity,0,1,1,33,-1,RISK_EMPTY,0,0,512,512,64,64,366893,356097,48924,94662,8,0,16,726186,,0
300002,capacity,0,1,1,34,-1,RISK_EMPTY,0,0,512,512,64,64,565815,359834,49124,59420,8,0,16,837634,,0
300002,capacity,0,1,1,35,-1,RISK_EMPTY,0,0,512,512,64,64,435667,365121,48483,138869,8,0,16,662120,,0
300002,capacity,0,1,1,36,-1,RISK_EMPTY,0,0,512,512,64,64,394195,357970,52219,233242,8,0,16,955392,,0
300002,capacity,0,1,1,37,-1,RISK_EMPTY,0,0,512,512,64,64,420474,386343,1025718,61102,8,0,16,650802,,0
300002,capacity,0,1,1,38,-1,RISK_EMPTY,0,0,512,512,64,64,536329,466575,50827,68614,8,0,16,644974,,0
300002,capacity,0,1,1,39,-1,RISK_EMPTY,0,0,512,512,64,64,397801,365892,128464,83345,8,0,16,632034,,0
300002,capacity,0,1,1,40,-1,RISK_EMPTY,0,0,512,512,64,64,365211,478993,51377,60722,8,0,16,798696,,0
300002,capacity,0,1,1,41,-1,RISK_EMPTY,0,0,512,512,64,64,646786,610581,49915,60862,8,0,16,589099,,0
300002,capacity,0,1,1,42,-1,RISK_EMPTY,0,0,512,512,64,64,529228,359172,141683,63396,8,0,16,730742,,0
300002,capacity,0,1,1,43,-1,RISK_EMPTY,0,0,512,512,64,64,360515,478783,50046,61352,8,0,16,745425,,0
300002,capacity,0,1,1,44,-1,RISK_EMPTY,0,0,512,512,64,64,394967,359863,50566,65218,8,0,16,812827,,0
300002,capacity,0,1,1,45,-1,RISK_EMPTY,0,0,512,512,64,64,367885,451211,51437,67792,8,0,16,740357,,0
300002,capacity,0,1,1,46,-1,RISK_EMPTY,0,0,512,512,64,64,409839,465292,50757,60021,8,0,16,611122,,0
300002,capacity,0,1,1,47,-1,RISK_EMPTY,0,0,512,512,64,64,466675,417000,49034,82354,8,0,16,648019,,0
300002,capacity,0,1,1,48,-1,RISK_EMPTY,0,0,512,512,64,64,425432,381726,50907,59449,8,0,16,612435,,0
300002,capacity,0,1,1,49,-1,RISK_EMPTY,0,0,512,512,64,64,388717,360204,49274,72419,8,0,16,687417,,0
300002,capacity,0,1,1,50,-1,RISK_EMPTY,0,0,512,512,64,64,409018,379963,51227,165360,8,0,16,733387,,0
300002,capacity,0,1,1,51,-1,RISK_EMPTY,0,0,512,512,64,64,460485,426284,50246,63396,8,0,16,899117,,0
300002,capacity,0,1,1,52,-1,RISK_EMPTY,0,0,512,512,64,64,367885,409578,51087,66971,8,0,16,766948,,0
300002,capacity,0,1,1,53,-1,RISK_EMPTY,0,0,512,512,64,64,380014,380755,49315,61633,8,0,16,632284,,0
300002,capacity,0,1,1,54,-1,RISK_EMPTY,0,0,512,512,64,64,369648,360384,50616,60622,8,0,16,622339,,0
300002,capacity,0,1,1,55,-1,RISK_EMPTY,0,0,512,512,64,64,399684,467225,48903,65118,8,0,16,711473,,0
300002,capacity,0,1,1,56,-1,RISK_EMPTY,0,0,512,512,64,64,370139,470300,48843,66240,8,0,16,623992,,0
300002,capacity,0,1,1,57,-1,RISK_EMPTY,0,0,512,512,64,64,397280,421677,50256,63226,8,0,16,586535,,0
300002,capacity,0,1,1,58,-1,RISK_EMPTY,0,0,512,512,64,64,367505,442057,49746,60671,8,0,16,724954,,0
300002,capacity,2,0,0,2,0,RECOMMENDATION,0.029165240032559218,0.31141383620674928,512,64,64,64,439323,46690,56575,67052,0,7,15,660166,,0
300002,capacity,2,0,0,5,0,RECOMMENDATION,0.010935325392347928,0.19762654472344759,512,64,64,64,413414,44887,110777,85238,0,7,15,594697,,0
300002,capacity,2,0,0,8,0,RECOMMENDATION,0.016855684410754357,0.14096698803023736,512,64,64,64,524692,45308,59229,65518,0,7,15,1067722,,0
300002,capacity,2,0,0,11,0,RECOMMENDATION,0.014305280294044674,0.21878048332050412,512,64,64,64,438331,47532,56385,115634,0,7,15,864856,,0
300002,capacity,2,0,0,14,0,RECOMMENDATION,0.029170727524697761,0.27649012168095899,512,64,64,64,384280,50907,110456,71118,0,7,15,642680,,0
300002,capacity,2,0,0,17,0,RECOMMENDATION,0.024960404948031836,0.26724318546001546,512,64,64,64,820678,45529,54783,66009,0,7,15,675601,,0
300002,capacity,2,0,0,20,0,RECOMMENDATION,0.016137080182626409,0.15034114460416059,512,64,64,64,358902,44748,56585,65449,0,7,15,730743,,0
300002,capacity,2,0,0,23,2,RECOMMENDATION,1.1979973544600726,1.6533814358013952,512,512,496,496,375597,430890,486324,469559,0,2,64,613847,,0
300002,capacity,2,0,0,26,0,RECOMMENDATION,1.8407593898161019,1.9502706136445209,512,512,504,496,370780,432843,500675,545724,0,2,64,632985,,0
300002,capacity,2,0,0,29,0,RECOMMENDATION,2.2263786457747772,2.3553294097921964,512,512,496,496,428767,487095,445292,529289,0,2,64,601638,,0
300002,capacity,2,0,0,32,0,RECOMMENDATION,1.9489037472115072,2.0329180575869801,512,512,504,504,357410,444221,461086,481328,0,1,64,666726,,0
300002,capacity,2,0,0,35,0,RECOMMENDATION,2.0469197376221806,2.1089169930649203,512,512,504,504,411020,419463,465423,493275,0,1,64,877765,,0
300002,capacity,2,0,0,38,6,RECOMMENDATION,1.9251564329193849,2.1847071522614607,512,512,496,496,365322,388507,454376,564552,0,2,64,619605,,0
300002,capacity,2,0,0,41,6,RECOMMENDATION,1.5966978564124195,1.9141265429680345,512,512,496,496,359483,627537,451611,482979,0,2,64,585464,,0
300002,capacity,2,0,0,44,6,RECOMMENDATION,0.53826225973860975,1.0361763383551947,512,512,440,424,395537,442859,438932,484811,0,5,58,599686,,0
300002,capacity,2,0,0,47,5,RECOMMENDATION,0.18700051100688589,0.45320280563214488,512,448,312,280,380574,341525,324029,275646,0,5,40,686837,,0
300002,capacity,2,0,0,50,6,RECOMMENDATION,0.15566716161073094,0.69780782670001451,512,448,320,296,392232,346754,306402,304238,0,5,42,614989,,0
300002,capacity,2,0,0,53,0,RECOMMENDATION,0.04140451837917751,0.32423611898730126,512,192,120,80,391400,192711,109004,85659,0,7,17,613445,,0
300002,capacity,2,0,0,56,4,RECOMMENDATION,0.083016623366089323,0.42776480868842837,512,320,200,152,402608,230939,188264,159110,0,6,25,700448,,0
300002,capacity,2,0,1,2,0,RECOMMENDATION,0.029165240032559218,0.31141383620674928,512,64,64,64,478261,45588,57306,115575,0,7,15,606085,,0
300002,capacity,2,0,1,5,0,RECOMMENDATION,0.010935325392347928,0.19762654472344759,512,64,64,64,641538,46250,52940,68103,0,7,15,613246,,0
300002,capacity,2,0,1,8,0,RECOMMENDATION,0.016855684410754357,0.14096698803023736,512,64,64,64,395126,45619,57537,68334,0,7,15,633185,,0
300002,capacity,2,0,1,11,0,RECOMMENDATION,0.014305280294044674,0.21878048332050412,512,64,64,64,394806,46340,58097,63056,0,7,15,643501,,0
300002,capacity,2,0,1,14,0,RECOMMENDATION,0.029170727524697761,0.27649012168095899,512,64,64,64,444421,46280,59680,69745,0,7,15,733257,,0
300002,capacity,2,0,1,17,0,RECOMMENDATION,0.024960404948031836,0.26724318546001546,512,64,64,64,377279,45518,53521,65109,0,7,15,585283,,0
300002,capacity,2,0,1,20,0,RECOMMENDATION,0.016137080182626409,0.15034114460416059,512,64,64,64,410479,46630,56135,238350,0,7,15,641067,,0
300002,capacity,2,0,1,23,-1,RISK_EMPTY,0,0,512,512,64,64,387895,369508,95684,70666,8,0,16,724063,,0
300002,capacity,2,0,1,26,-1,RISK_EMPTY,0,0,512,512,64,64,371981,361585,49144,84658,8,0,16,674628,,0
300002,capacity,2,0,1,29,-1,RISK_EMPTY,0,0,512,512,64,64,380774,723802,78298,62954,8,0,16,579665,,0
300002,capacity,2,0,1,32,-1,RISK_EMPTY,0,0,512,512,64,64,381666,415217,51107,247444,8,0,16,687348,,0
300002,capacity,2,0,1,35,-1,RISK_EMPTY,0,0,512,512,64,64,356719,382097,48734,63957,8,0,16,794479,,0
300002,capacity,2,0,1,38,-1,RISK_EMPTY,0,0,512,512,64,64,363408,447295,50446,66580,8,0,16,609701,,0
300002,capacity,2,0,1,41,-1,RISK_EMPTY,0,0,512,512,64,64,403299,356238,48544,59920,8,0,16,616561,,0
300002,capacity,2,0,1,44,-1,RISK_EMPTY,0,0,512,512,64,64,438302,359994,50716,60721,8,0,16,704263,,0
300002,capacity,2,0,1,47,-1,RISK_EMPTY,0,0,512,512,64,64,401235,425482,49414,65509,8,0,16,1513204,,0
300002,capacity,2,0,1,50,-1,RISK_EMPTY,0,0,512,512,64,64,366023,816413,49835,67802,8,0,16,642770,,0
300002,capacity,2,0,1,53,-1,RISK_EMPTY,0,0,512,512,64,64,362307,371170,48954,59851,8,0,16,612574,,0
300002,capacity,2,0,1,56,-1,RISK_EMPTY,0,0,512,512,64,64,363328,370589,50305,65309,8,0,16,632515,,0
300002,capacity,2,0.34999999999999998,0,2,4,RECOMMENDATION,0.1178197039173499,0.25279559256225093,512,320,208,152,377480,227043,178119,137637,0,6,25,608899,,0
300002,capacity,2,0.34999999999999998,0,5,0,RECOMMENDATION,0.060433883866202527,0.15516252609100739,512,320,96,96,358861,238610,76876,93081,0,7,19,608528,,0
300002,capacity,2,0.34999999999999998,0,8,5,RECOMMENDATION,0.090009743143277032,0.17042724564313752,512,320,176,152,695640,282066,151128,152780,0,6,25,584322,,0
300002,capacity,2,0.34999999999999998,0,11,0,RECOMMENDATION,0.085871601353305474,0.21878048332050412,512,320,168,96,357059,239832,140342,87823,0,7,19,629200,,0
300002,capacity,2,0.34999999999999998,0,14,0,RECOMMENDATION,0.11573251547938919,0.27649012168095899,512,320,216,96,429358,293322,190267,93883,0,7,19,612594,,0
300002,capacity,2,0.34999999999999998,0,17,0,RECOMMENDATION,0.10975937812722611,0.26724318546001546,512,320,224,152,377680,226472,183837,153713,0,6,25,582419,,0
300002,capacity,2,0.34999999999999998,0,20,0,RECOMMENDATION,0.063108502730163371,0.15034114460416059,512,320,96,96,375537,293734,80392,93281,0,7,19,626656,,0
300002,capacity,2,0.34999999999999998,0,23,2,RECOMMENDATION,1.3573817829295356,1.6533814358013952,512,512,496,480,373724,369317,473684,459463,0,2,62,747799,,0
300002,capacity,2,0.34999999999999998,0,26,0,RECOMMENDATION,1.8790883181560485,1.9502706136445209,512,512,488,488,472583,412212,542059,475158,0,3,64,786076,,0
300002,capacity,2,0.34999999999999998,0,29,0,RECOMMENDATION,2.2715114131808738,2.3553294097921964,512,512,480,480,363249,360584,503691,543911,0,3,63,851675,,0
300002,capacity,2,0.34999999999999998,0,32,0,RECOMMENDATION,1.9783087558429227,2.0329180575869801,512,512,488,488,449228,357270,463951,478392,0,2,63,603712,,0
300002,capacity,2,0.34999999999999998,0,35,0,RECOMMENDATION,2.0686187770271394,2.1089169930649203,512,512,480,480,502979,383389,458502,449999,0,3,63,593376,,0
300002,capacity,2,0.34999999999999998,0,38,0,RECOMMENDATION,1.9743906280780219,2.0271769738818755,512,512,488,488,367565,386534,444811,482378,0,2,63,2897744,,0
300002,capacity,2,0.34999999999999998,0,41,0,RECOMMENDATION,1.9664963953058234,2.0217989131358429,512,512,488,488,392392,469699,466794,982193,0,2,63,636621,,0
300002,capacity,2,0.34999999999999998,0,44,6,RECOMMENDATION,1.874289587024264,2.0518186096574973,512,512,464,456,362237,382488,724644,789762,0,4,61,689961,,0
300002,capacity,2,0.34999999999999998,0,47,2,RECOMMENDATION,1.3539443720412252,1.6343211947773839,512,512,488,472,361596,516420,505463,721319,0,3,62,608819,,0
300002,capacity,2,0.34999999999999998,0,50,6,RECOMMENDATION,0.73289208237658987,1.0782887073186866,512,512,336,288,499344,368116,302156,308816,0,7,43,770893,,0
300002,capacity,2,0.34999999999999998,0,53,4,RECOMMENDATION,0.28111282171439422,0.44777432431743602,512,512,312,216,381616,387966,412122,235446,0,7,34,788840,,0
300002,capacity,2,0.34999999999999998,0,56,4,RECOMMENDATION,0.2820196112701398,0.39889661803524118,512,512,312,248,419894,373003,299582,253603,0,5,36,721709,,0
300002,capacity,2,0.34999999999999998,1,2,4,RECOMMENDATION,0.1178197039173499,0.25279559256225093,512,320,208,152,381456,224909,175255,137037,0,6,25,602319,0.18442920206928745,1024
300002,capacity,2,0.34999999999999998,1,5,0,RECOMMENDATION,0.060433883866202527,0.15516252609100739,512,320,96,96,445513,262046,79470,93681,0,7,19,594938,0.082656382155068153,1024
300002,capacity,2,0.34999999999999998,1,8,5,RECOMMENDATION,0.090009743143277032,0.17042724564313752,512,320,176,152,361756,237779,151899,141134,0,6,25,620777,0.19616598166317759,1024
300002,capacity,2,0.34999999999999998,1,11,0,RECOMMENDATION,0.085871601353305474,0.21878048332050412,512,320,168,96,446284,416389,140903,88765,0,7,19,593526,0.099722867080564964,1024
300002,capacity,2,0.34999999999999998,1,14,0,RECOMMENDATION,0.11573251547938919,0.27649012168095899,512,320,216,96,412613,319912,187923,94292,0,7,19,579485,0.26133450004606967,1024
300002,capacity,2,0.34999999999999998,1,17,0,RECOMMENDATION,0.10975937812722611,0.26724318546001546,512,320,224,152,403649,223096,184078,139059,0,6,25,576070,0.3394483996715586,1024
300002,capacity,2,0.34999999999999998,1,20,0,RECOMMENDATION,0.063108502730163371,0.15034114460416059,512,320,96,96,370308,250157,81303,92690,0,7,19,765295,0.45279085159746024,1024
300002,capacity,2,0.34999999999999998,1,23,-1,RISK_EMPTY,0,0,512,512,64,64,361856,398281,55043,69535,8,0,16,857194,,0
300002,capacity,2,0.34999999999999998,1,26,-1,RISK_EMPTY,0,0,512,512,64,64,378682,453335,49334,65188,8,0,16,619926,,0
300002,capacity,2,0.34999999999999998,1,29,-1,RISK_EMPTY,0,0,512,512,64,64,365962,359602,84848,65609,8,0,16,1532503,,0
300002,capacity,2,0.34999999999999998,1,32,-1,RISK_EMPTY,0,0,512,512,64,64,1239020,430199,50586,64998,8,0,16,660867,,0
300002,capacity,2,0.34999999999999998,1,35,-1,RISK_EMPTY,0,0,512,512,64,64,419793,396769,49334,61312,8,0,16,692515,,0
300002,capacity,2,0.34999999999999998,1,38,-1,RISK_EMPTY,0,0,512,512,64,64,366543,386964,49915,68393,8,0,16,986739,,0
300002,capacity,2,0.34999999999999998,1,41,-1,RISK_EMPTY,0,0,512,512,64,64,363108,368616,49585,110116,8,0,16,588969,,0
300002,capacity,2,0.34999999999999998,1,44,-1,RISK_EMPTY,0,0,512,512,64,64,939208,399713,53301,59500,8,0,16,631142,,0
300002,capacity,2,0.34999999999999998,1,47,-1,RISK_EMPTY,0,0,512,512,64,64,367394,363949,49856,59439,8,0,16,642961,,0
300002,capacity,2,0.34999999999999998,1,50,-1,RISK_EMPTY,0,0,512,512,64,64,407875,399733,49465,67502,8,0,16,592153,,0
300002,capacity,2,0.34999999999999998,1,53,-1,RISK_EMPTY,0,0,512,512,64,64,369368,394345,50276,102535,8,0,16,624883,,0
300002,capacity,2,0.34999999999999998,1,56,-1,RISK_EMPTY,0,0,512,512,64,64,364209,355767,49434,84237,8,0,16,629660,,0
300002,capacity,2,1,0,2,4,RECOMMENDATION,0.25279559256225093,0.25279559256225093,512,448,272,112,362717,341876,230698,102264,0,7,21,621328,,0
300002,capacity,2,1,0,5,0,RECOMMENDATION,0.15516252609100739,0.15516252609100739,512,448,208,112,359562,325261,167963,107092,0,7,21,664333,,0
300002,capacity,2,1,0,8,5,RECOMMENDATION,0.17042724564313752,0.17042724564313752,512,448,200,168,360815,310779,185099,152610,0,6,27,634498,,0
300002,capacity,2,1,0,11,0,RECOMMENDATION,0.21878048332050412,0.21878048332050412,512,448,264,168,370770,318521,269466,149656,0,6,27,647378,,0
300002,capacity,2,1,0,14,5,RECOMMENDATION,0.25030986750910822,0.25030986750910822,512,448,304,168,365312,650712,266202,156617,0,6,27,610882,,0
300002,capacity,2,1,0,17,4,RECOMMENDATION,0.3002003315375108,0.3002003315375108,512,512,336,232,434085,358791,291880,207604,0,5,34,598363,,0
300002,capacity,2,1,0,20,0,RECOMMENDATION,0.15034114460416059,0.15034114460416059,512,448,152,120,371821,311951,126391,111538,0,7,22,624513,,0
300002,capacity,2,1,0,23,0,RECOMMENDATION,1.6337180934515592,1.6337180934515592,512,512,480,176,377880,367244,431572,190739,0,6,28,621949,,0
300002,capacity,2,1,0,26,0,RECOMMENDATION,1.9884496668916574,1.9884496668916574,512,512,184,120,373864,502538,165419,120631,0,7,22,715560,,0
300002,capacity,2,1,0,29,0,RECOMMENDATION,2.3871203502566032,2.3871203502566032,512,512,248,128,421596,511201,214944,126061,0,7,23,610771,,0
300002,capacity,2,1,0,32,0,RECOMMENDATION,2.0658111368644172,2.0658111368644172,512,512,144,120,392463,356568,128985,180153,0,7,22,776962,,0
300002,capacity,2,1,0,35,0,RECOMMENDATION,2.142772216559595,2.142772216559595,512,512,144,120,392773,364811,123436,113341,0,7,22,610120,,0
300002,capacity,2,1,0,38,0,RECOMMENDATION,2.0606974790441881,2.0606974790441881,512,512,160,120,377400,355527,136676,124648,0,7,22,582239,,0
300002,capacity,2,1,0,41,0,RECOMMENDATION,2.0533426909221495,2.0533426909221495,512,512,152,120,378692,356017,129555,116796,0,7,22,670292,,0
300002,capacity,2,1,0,44,0,RECOMMENDATION,2.0704250971836053,2.0704250971836053,512,512,200,176,359633,388156,179320,202085,0,6,28,657242,,0
300002,capacity,2,1,0,47,0,RECOMMENDATION,2.0450635391552114,2.0450635391552114,512,512,176,120,373194,363439,150277,111638,0,7,22,610182,,0
300002,capacity,2,1,0,50,0,RECOMMENDATION,2.0150083365607077,2.0150083365607077,512,512,120,120,399573,362267,103777,123347,0,7,22,733287,,0
300002,capacity,2,1,0,53,0,RECOMMENDATION,2.0876851202634543,2.0876851202634543,512,512,144,120,360754,441125,123717,115865,0,7,22,654228,,0
300002,capacity,2,1,0,56,0,RECOMMENDATION,2.0849683847700495,2.0849683847700495,512,512,152,120,360915,370560,132530,119321,0,7,22,605273,,0
300002,capacity,2,1,1,2,4,RECOMMENDATION,0.25279559256225093,0.25279559256225093,512,448,272,112,460355,337780,286132,102575,0,7,21,1190457,,0
300002,capacity,2,1,1,5,0,RECOMMENDATION,0.15516252609100739,0.15516252609100739,512,448,208,112,358291,322306,166641,106541,0,7,21,620687,,0
300002,capacity,2,1,1,8,5,RECOMMENDATION,0.17042724564313752,0.17042724564313752,512,448,200,168,361817,311961,184829,153332,0,6,27,608869,,0
300002,capacity,2,1,1,11,0,RECOMMENDATION,0.21878048332050412,0.21878048332050412,512,448,264,168,355216,339643,220974,147302,0,6,27,652286,,0
300002,capacity,2,1,1,14,5,RECOMMENDATION,0.25030986750910822,0.25030986750910822,512,448,304,168,369257,341796,262116,156607,0,6,27,633416,,0
300002,capacity,2,1,1,17,4,RECOMMENDATION,0.3002003315375108,0.3002003315375108,512,512,336,232,359703,386483,282266,207162,0,5,34,597301,,0
300002,capacity,2,1,1,20,0,RECOMMENDATION,0.15034114460416059,0.15034114460416059,512,448,152,120,375377,311851,138339,112030,0,7,22,608118,,0
300002,capacity,2,1,1,23,-1,RISK_EMPTY,0,0,512,512,64,64,432452,365331,51548,66701,8,0,16,600836,,0
300002,capacity,2,1,1,26,-1,RISK_EMPTY,0,0,512,512,64,64,372192,390920,49124,64727,8,0,16,600666,,0
300002,capacity,2,1,1,29,-1,RISK_EMPTY,0,0,512,512,64,64,365942,374735,49064,63396,8,0,16,746126,,0
300002,capacity,2,1,1,32,-1,RISK_EMPTY,0,0,512,512,64,64,361796,356308,51998,65489,8,0,16,671644,,0
300002,capacity,2,1,1,35,-1,RISK_EMPTY,0,0,512,512,64,64,356769,398381,48604,59349,8,0,16,595720,,0
300002,capacity,2,1,1,38,-1,RISK_EMPTY,0,0,512,512,64,64,363148,370009,49144,66220,8,0,16,601718,,0
300002,capacity,2,1,1,41,-1,RISK_EMPTY,0,0,512,512,64,64,361817,355356,48444,63326,8,0,16,739916,,0
300002,capacity,2,1,1,44,-1,RISK_EMPTY,0,0,512,512,64,64,391841,355396,48864,58969,8,0,16,576600,,0
300002,capacity,2,1,1,47,-1,RISK_EMPTY,0,0,512,512,64,64,371321,361876,48323,58478,8,0,16,595400,,0
300002,capacity,2,1,1,50,-1,RISK_EMPTY,0,0,512,512,64,64,395347,362507,48683,68012,8,0,16,813448,,0
300002,capacity,2,1,1,53,-1,RISK_EMPTY,0,0,512,512,64,64,363358,471963,76276,59890,8,0,16,620887,,0
300002,capacity,2,1,1,56,-1,RISK_EMPTY,0,0,512,512,64,64,366613,358481,48984,67632,8,0,16,615259,,0
300002,capacity,5,0,0,5,0,RECOMMENDATION,0.010935325392347928,0.19762654472344759,512,64,64,64,376678,45468,52168,67442,0,7,15,597832,,0
300002,capacity,5,0,0,11,0,RECOMMENDATION,0.014305280294044674,0.21878048332050412,512,64,64,64,359492,46100,54933,79360,0,7,15,622280,,0
300002,capacity,5,0,0,17,0,RECOMMENDATION,0.024960404948031836,0.26724318546001546,512,64,64,64,361225,45268,52940,66360,0,7,15,672796,,0
300002,capacity,5,0,0,23,2,RECOMMENDATION,1.1979973544600726,1.6533814358013952,512,512,496,496,361516,367514,467726,481066,0,2,64,605855,,0
300002,capacity,5,0,0,29,0,RECOMMENDATION,2.2263786457747772,2.3553294097921964,512,512,496,496,359422,369648,472423,483349,0,2,64,590031,,0
300002,capacity,5,0,0,35,0,RECOMMENDATION,2.0469197376221806,2.1089169930649203,512,512,504,504,357820,513876,460525,510109,0,1,64,630682,,0
300002,capacity,5,0,0,41,0,RECOMMENDATION,1.9367181164742744,2.0217989131358429,512,512,504,496,356538,355606,572504,519625,0,2,64,705705,,0
300002,capacity,5,0,0,47,6,RECOMMENDATION,1.9161000858397748,2.1673758508312573,512,512,504,496,355156,414866,589119,452462,0,2,64,615680,,0
300002,capacity,5,0,0,53,6,RECOMMENDATION,1.0368949445738027,1.5351084219456881,512,512,472,472,381516,360214,495689,456951,0,3,62,596220,,0
300002,capacity,5,0,1,5,0,RECOMMENDATION,0.010935325392347928,0.19762654472344759,512,64,64,64,375788,45308,54422,68114,0,7,15,629299,,0
300002,capacity,5,0,1,11,0,RECOMMENDATION,0.014305280294044674,0.21878048332050412,512,64,64,64,358791,46781,55083,62504,0,7,15,608408,,0
300002,capacity,5,0,1,17,0,RECOMMENDATION,0.024960404948031836,0.26724318546001546,512,64,64,64,361596,44648,53070,64216,0,7,15,605815,,0
300002,capacity,5,0,1,23,-1,RISK_EMPTY,0,0,512,512,64,64,359222,365442,66711,68244,8,0,16,635929,,0
300002,capacity,5,0,1,29,-1,RISK_EMPTY,0,0,512,512,64,64,364910,358160,64117,65489,8,0,16,634748,,0
300002,capacity,5,0,1,35,-1,RISK_EMPTY,0,0,512,512,64,64,360725,383218,48403,59380,8,0,16,617672,,0
300002,capacity,5,0,1,41,-1,RISK_EMPTY,0,0,512,512,64,64,394265,356087,48954,59850,8,0,16,680588,,0
300002,capacity,5,0,1,47,-1,RISK_EMPTY,0,0,512,512,64,64,438572,470590,50075,59279,8,0,16,600967,,0
300002,capacity,5,0,1,53,-1,RISK_EMPTY,0,0,512,512,64,64,394896,537561,50526,59420,8,0,16,587106,,0
300002,capacity,5,0.34999999999999998,0,5,0,RECOMMENDATION,0.076277252158232806,0.19762654472344759,512,320,144,96,359683,221574,113381,124348,0,7,19,636531,,0
300002,capacity,5,0.34999999999999998,0,11,0,RECOMMENDATION,0.085871601353305474,0.21878048332050412,512,320,168,96,371641,226753,138880,89215,0,7,19,597121,,0
300002,capacity,5,0.34999999999999998,0,17,0,RECOMMENDATION,0.10975937812722611,0.26724318546001546,512,320,200,96,379032,222716,163907,109215,0,7,19,659205,,0
300002,capacity,5,0.34999999999999998,0,23,2,RECOMMENDATION,1.3573817829295356,1.6533814358013952,512,512,496,480,418922,392973,446694,448968,0,2,62,675459,,0
300002,capacity,5,0.34999999999999998,0,29,0,RECOMMENDATION,2.2715114131808738,2.3553294097921964,512,512,480,480,362427,372002,424451,463290,0,3,63,578383,,0
300002,capacity,5,0.34999999999999998,0,35,0,RECOMMENDATION,2.0686187770271394,2.1089169930649203,512,512,480,480,371872,652344,485613,446403,0,3,63,638494,,0
300002,capacity,5,0.34999999999999998,0,41,0,RECOMMENDATION,1.9664963953058234,2.0217989131358429,512,512,488,488,355557,370449,455167,472323,0,2,63,578934,,0
300002,capacity,5,0.34999999999999998,0,47,0,RECOMMENDATION,1.9516162066290417,2.0141125848427657,512,512,488,488,355206,363989,453714,444110,0,2,63,611753,,0
300002,capacity,5,0.34999999999999998,0,53,0,RECOMMENDATION,2.0084762461581764,2.0579227031488432,512,512,480,480,385572,365512,449278,499234,0,3,63,631473,,0
300002,capacity,5,0.34999999999999998,1,5,0,RECOMMENDATION,0.076277252158232806,0.19762654472344759,512,320,144,96,360634,221844,114653,97487,0,7,19,664974,,0
300002,capacity,5,0.34999999999999998,1,11,0,RECOMMENDATION,0.085871601353305474,0.21878048332050412,512,320,168,96,364680,235826,173311,89143,0,7,19,652285,,0
300002,capacity,5,0.34999999999999998,1,17,0,RECOMMENDATION,0.10975937812722611,0.26724318546001546,512,320,200,96,360734,222075,180562,90167,0,7,19,611212,,0
300002,capacity,5,0.34999999999999998,1,23,-1,RISK_EMPTY,0,0,512,512,64,64,362487,382738,52328,68514,8,0,16,624653,,0
300002,capacity,5,0.34999999999999998,1,29,-1,RISK_EMPTY,0,0,512,512,64,64,368126,379262,49374,68194,8,0,16,660847,,0
300002,capacity,5,0.34999999999999998,1,35,-1,RISK_EMPTY,0,0,512,512,64,64,358110,399634,49254,58738,8,0,16,590502,,0
300002,capacity,5,0.34999999999999998,1,41,-1,RISK_EMPTY,0,0,512,512,64,64,361826,384821,49024,59770,8,0,16,701328,,0
300002,capacity,5,0.34999999999999998,1,47,-1,RISK_EMPTY,0,0,512,512,64,64,357780,363508,48684,59521,8,0,16,616540,,0
300002,capacity,5,0.34999999999999998,1,53,-1,RISK_EMPTY,0,0,512,512,64,64,413824,364169,277428,60881,8,0,16,599776,,0
300002,capacity,5,1,0,5,4,RECOMMENDATION,0.18891641858382704,0.18891641858382704,512,448,216,112,390289,309667,171088,107672,0,7,21,656932,,0
300002,capacity,5,1,0,11,0,RECOMMENDATION,0.22857115409396433,0.22857115409396433,512,448,232,112,393164,317269,191319,100151,0,7,21,604613,,0
300002,capacity,5,1,0,17,0,RECOMMENDATION,0.25730796098227954,0.25730796098227954,512,448,256,168,363258,311400,229978,169986,0,6,27,632925,,0
300002,capacity,5,1,0,23,0,RECOMMENDATION,1.5992820335806188,1.5992820335806188,512,512,480,120,427355,398692,434146,123697,0,7,22,766446,,0
300002,capacity,5,1,0,29,0,RECOMMENDATION,2.3843706526647561,2.3843706526647561,512,512,256,128,365822,403529,221024,208945,0,7,23,660227,,0
300002,capacity,5,1,0,35,0,RECOMMENDATION,2.1402055026073912,2.1402055026073912,512,512,144,120,358952,381115,123467,113873,0,7,22,628007,,0
300002,capacity,5,1,0,41,0,RECOMMENDATION,2.0510212831154022,2.0510212831154022,512,512,152,120,405973,357379,129175,123756,0,7,22,791435,,0
300002,capacity,5,1,0,47,0,RECOMMENDATION,2.04308162079281,2.04308162079281,512,512,176,120,358591,408597,223327,112790,0,7,22,645165,,0
300002,capacity,5,1,0,53,0,RECOMMENDATION,2.0862006794348935,2.0862006794348935,512,512,144,120,360895,402638,121804,236817,0,7,22,618544,,0
300002,capacity,5,1,1,5,4,RECOMMENDATION,0.18891641858382704,0.18891641858382704,512,448,216,112,360173,362166,173932,110016,0,7,21,690923,,0
300002,capacity,5,1,1,11,0,RECOMMENDATION,0.22857115409396433,0.22857115409396433,512,448,232,112,693857,318431,282286,214565,0,7,21,642239,,0
300002,capacity,5,1,1,17,0,RECOMMENDATION,0.25730796098227954,0.25730796098227954,512,448,256,168,436569,313893,213642,212771,0,6,27,600386,,0
300002,capacity,5,1,1,23,-1,RISK_EMPTY,0,0,512,512,64,64,610562,477210,52660,69405,8,0,16,949303,,0
300002,capacity,5,1,1,29,-1,RISK_EMPTY,0,0,512,512,64,64,383960,360334,125900,63445,8,0,16,667518,,0
300002,capacity,5,1,1,35,-1,RISK_EMPTY,0,0,512,512,64,64,359713,402297,50497,59721,8,0,16,611512,,0
300002,capacity,5,1,1,41,-1,RISK_EMPTY,0,0,512,512,64,64,362687,371902,49214,76716,8,0,16,614388,,0
300002,capacity,5,1,1,47,-1,RISK_EMPTY,0,0,512,512,64,64,415607,506384,71057,64477,8,0,16,905206,,0
300002,capacity,5,1,1,53,-1,RISK_EMPTY,0,0,512,512,64,64,363458,370028,49845,65169,8,0,16,718735,,0
300002,demand,0,0,0,0,0,RECOMMENDATION,0.023403257984290219,0.23380691039744189,512,64,64,64,360805,45869,57116,110337,0,7,15,665635,,0
300002,demand,0,0,0,1,0,RECOMMENDATION,0.016601745084935036,0.23520547549274579,512,64,64,64,359233,44827,54061,65570,0,7,15,616230,,0
300002,demand,0,0,0,2,0,RECOMMENDATION,0.061788428007901949,0.51717478872543243,512,320,176,96,367665,224699,165850,92780,0,7,19,629420,,0
300002,demand,0,0,0,3,0,RECOMMENDATION,0.018544586824244664,0.21615186022808702,512,64,64,64,378962,46851,56405,66551,0,7,15,584071,,0
300002,demand,0,0,0,4,0,RECOMMENDATION,0.063657375279726855,0.34432995273464945,512,320,176,112,364410,224089,182376,108685,0,7,21,647517,,0
300002,demand,0,0,0,5,0,RECOMMENDATION,0.0216134595153822,0.30027515875990451,512,64,64,64,369978,45259,73180,67692,0,7,15,664884,,0
300002,demand,0,0,0,6,0,RECOMMENDATION,0.026534228662124511,0.37142062423835909,512,64,64,64,375016,45318,54893,64748,0,7,15,620095,,0
300002,demand,0,0,0,7,0,RECOMMENDATION,0.0023246202002937923,0.028216980248831743,512,64,64,64,359522,47542,54352,79129,0,7,15,635018,,0
300002,demand,0,0,0,8,0,RECOMMENDATION,0.027772241296590547,0.35912513631868065,512,64,64,64,378451,45208,57136,63075,0,7,15,610271,,0
300002,demand,0,0,0,9,0,RECOMMENDATION,0.029115368606775386,0.40171270159342676,512,64,64,64,362497,44558,54402,66179,0,7,15,603381,,0
300002,demand,0,0,0,10,0,RECOMMENDATION,0.048442123696338955,0.36595102186125195,512,192,136,80,380575,135455,120502,93411,0,7,17,594097,,0
300002,demand,0,0,0,11,0,RECOMMENDATION,0.013874644725529302,0.19679420091275446,512,64,64,64,389398,46440,55143,64248,0,7,15,740958,,0
300002,demand,0,0,0,12,0,RECOMMENDATION,0.0030198333489165263,0.041846816069042898,512,64,64,64,358791,44487,55744,63396,0,7,15,700528,,0
300002,demand,0,0,0,13,0,RECOMMENDATION,0.03248348239762492,0.36645545986278133,512,192,104,80,384039,136005,92279,82284,0,7,17,604572,,0
300002,demand,0,0,0,14,0,RECOMMENDATION,0.013974849320087879,0.18571633160298348,512,64,64,64,382097,45268,54012,81944,0,7,15,667477,,0
300002,demand,0,0,0,15,0,RECOMMENDATION,0.0059936694031654438,0.10654417995705598,512,64,64,64,387134,48473,56576,68744,0,7,15,1519314,,0
300002,demand,0,0,0,16,0,RECOMMENDATION,0.0043549639829240511,0.038542572458339433,512,64,64,64,358731,44788,257568,102665,0,7,15,896353,,0
300002,demand,0,0,0,17,6,RECOMMENDATION,0.34092422188794941,0.9908744683641012,512,512,368,360,440265,2429848,343749,619465,0,3,48,1016269,,0
300002,demand,0,0,0,18,1,RECOMMENDATION,0.4671170099273757,1.2172541035401514,512,512,456,376,412693,459103,661388,425002,0,5,52,738224,,0
300002,demand,0,0,0,19,4,RECOMMENDATION,0.51696818760521901,1.2689889958476224,512,512,448,384,371110,379362,491362,423509,0,6,54,738685,,0
300002,demand,0,0,0,20,0,RECOMMENDATION,0.40611071976497376,0.94064884786727754,512,512,464,424,512814,375487,721409,427665,0,5,58,753046,,0
300002,demand,0,0,0,21,1,RECOMMENDATION,0.90738814054188821,1.4672776083480292,512,512,496,496,428016,441497,1394164,1086771,0,2,64,653606,,0
300002,demand,0,0,0,22,3,RECOMMENDATION,0.754328659691887,1.4792896015009711,512,512,496,488,2215775,439543,476209,1409047,0,3,64,720107,,0
300002,demand,0,0,0,23,6,RECOMMENDATION,0.17528610345822412,0.70060124918935718,512,448,336,320,410700,409358,322847,322537,0,6,46,2713897,,0
300002,demand,0,0,0,24,0,RECOMMENDATION,0.05788271916598519,0.53751816625198601,512,320,136,96,419984,233563,852186,103998,0,7,19,585033,,0
300002,demand,0,0,0,25,0,RECOMMENDATION,0.067786246233327033,0.50185615137138373,512,320,176,120,372833,229957,299212,123787,0,7,22,631092,,0
300002,demand,0,0,0,26,0,RECOMMENDATION,0.014483914868427903,0.074351246010524702,512,64,64,64,619685,48003,62604,73661,0,7,15,1463989,,0
300002,demand,0,0,0,27,0,RECOMMENDATION,0.10247939720616991,0.35534235367764078,512,320,216,176,394476,247954,199451,176526,0,7,29,661629,,0
300002,demand,0,0,0,28,0,RECOMMENDATION,0.017732304471803146,0.035931530900633779,512,64,64,64,410058,46991,63436,70886,0,7,15,587988,,0
300002,demand,0,0,0,29,0,RECOMMENDATION,0.023774792757810095,0.067990445232339047,512,64,64,64,404951,48063,63246,76326,0,7,15,1304969,,0
300002,demand,0,0,0,30,0,RECOMMENDATION,0.081601699705904099,0.1789588967963428,512,320,224,176,1035884,266362,214975,236017,0,7,29,591793,,0
300002,demand,0,0,0,31,6,RECOMMENDATION,0.10479383016554955,0.48363992684266049,512,320,296,288,366253,235316,284159,307955,0,5,41,655249,,0
300002,demand,0,0,0,32,0,RECOMMENDATION,0.11311093940479051,0.37931387123163368,512,320,256,160,375517,228304,275076,151668,0,7,27,1251800,,0
300002,demand,0,0,0,33,6,RECOMMENDATION,0.16448463603873703,0.69751180452300576,512,448,312,256,1157337,366283,286412,250167,0,6,38,680177,,0
300002,demand,0,0,0,34,6,RECOMMENDATION,0.13406252202685531,0.58295076700066184,512,384,296,224,370530,310489,548458,217129,0,6,34,775260,,0
300002,demand,0,0,0,35,0,RECOMMENDATION,0.11633576330238479,0.7268612148008099,512,320,264,120,368857,291970,249496,118438,0,7,22,919087,,0
300002,demand,0,0,0,36,0,RECOMMENDATION,0.12489760012534101,0.49750902709073019,512,384,248,144,425312,273723,228064,147903,0,7,25,720678,,0
300002,demand,0,0,0,37,0,RECOMMENDATION,0.13005018143351221,0.54671239251963843,512,384,272,176,367885,296457,261705,167313,0,7,29,647638,,0
300002,demand,0,0,0,38,0,RECOMMENDATION,0.10023779411912533,0.60200720820648834,512,320,232,112,372402,232371,208905,144640,0,7,21,711584,,0
300002,demand,0,0,0,39,0,RECOMMENDATION,0.11393890416373037,0.64162571163637816,512,320,224,168,363469,233673,264329,160292,0,6,27,599675,,0
300002,demand,0,0,0,40,6,RECOMMENDATION,0.14354485384940854,0.61630885333331697,512,384,288,264,378491,273092,270729,259391,0,5,38,650332,,0
300002,demand,0,0,0,41,0,RECOMMENDATION,0.11761493028423743,0.61348676705088867,512,320,232,136,371481,228115,228124,138249,0,7,24,648539,,0
300002,demand,0,0,0,42,6,RECOMMENDATION,0.18122424586808625,0.79311379306420515,512,448,312,248,459023,372452,368186,243908,0,6,37,851645,,0
300002,demand,0,0,0,43,0,RECOMMENDATION,0.11817043528170851,0.56040220892102122,512,320,224,136,447065,252551,206222,129896,0,7,24,614447,,0
300002,demand,0,0,0,44,0,RECOMMENDATION,0.10802792465930434,0.58653325346225293,512,320,216,120,371521,229176,219551,117688,0,7,22,664423,,0
300002,demand,0,0,0,45,5,RECOMMENDATION,0.14509402695025037,0.56784201111877086,512,384,256,200,366663,302978,233242,192690,0,6,31,596540,,0
300002,demand,0,0,0,46,6,RECOMMENDATION,0.15908495497769096,0.54259727067590158,512,448,312,288,369667,377510,694218,283237,0,5,41,598263,,0
300002,demand,0,0,0,47,0,RECOMMENDATION,0.10002539414409829,0.60173609585008403,512,320,208,128,595099,234033,559535,124358,0,7,23,659806,,0
300002,demand,0,0,0,48,0,RECOMMENDATION,0.11696558612291759,0.54974261445864714,512,320,224,136,369948,282366,245160,159691,0,7,24,676051,,0
300002,demand,0,0,0,49,6,RECOMMENDATION,0.15363379265648525,0.73460846222455534,512,448,320,232,393975,395888,297099,228154,0,6,35,753357,,0
300002,demand,0,0,0,50,0,RECOMMENDATION,0.13514144296136707,0.63471663759431918,512,384,272,144,373764,289587,316267,142776,0,7,25,659836,,0
300002,demand,0,0,0,51,0,RECOMMENDATION,0.051456571562906749,0.45545633545456915,512,320,112,96,499053,235596,98739,101934,0,7,19,661248,,0
300002,demand,0,0,0,52,0,RECOMMENDATION,0.018485396350569144,0.26315460838440169,512,64,64,64,565193,47021,61513,69015,0,7,15,630501,,0
300002,demand,0,0,0,53,4,RECOMMENDATION,0.11704827617794095,0.641619116865487,512,320,216,168,426203,251259,241405,172410,0,6,27,733948,,0
300002,demand,0,0,0,54,0,RECOMMENDATION,0.041073611012723332,0.32807249203468369,512,192,120,80,392883,139381,106481,130357,0,7,17,668108,,0
300002,demand,0,0,0,55,0,RECOMMENDATION,0.069155161512698571,0.51969717520003023,512,320,192,96,432163,279331,386433,105629,0,7,19,679606,,0
300002,demand,0,0,0,56,0,RECOMMENDATION,0.12410649039165909,0.74735449173350066,512,384,264,128,371250,280213,296427,127713,0,7,23,1100561,,0
300002,demand,0,0,0,57,0,RECOMMENDATION,0.035736464534159032,0.26343662212127916,512,192,80,80,402107,139170,385813,91077,0,7,17,667978,,0
300002,demand,0,0,0,58,0,RECOMMENDATION,0.032651535097868209,0.32907043168117045,512,192,88,80,606315,157758,83026,90086,0,7,17,657322,,0
300002,demand,0,0,1,0,0,RECOMMENDATION,0.023403257984290219,0.23380691039744189,512,64,64,64,359513,44848,56545,67011,0,7,15,597522,,0
300002,demand,0,0,1,1,0,RECOMMENDATION,0.016601745084935036,0.23520547549274579,512,64,64,64,371601,45018,54362,66650,0,7,15,690983,,0
300002,demand,0,0,1,2,0,RECOMMENDATION,0.061788428007901949,0.51717478872543243,512,320,176,96,469108,302486,206241,93882,0,7,19,624893,,0
300002,demand,0,0,1,3,0,RECOMMENDATION,0.018544586824244664,0.21615186022808702,512,64,64,64,364690,48083,57287,68473,0,7,15,612354,,0
300002,demand,0,0,1,4,0,RECOMMENDATION,0.063657375279726855,0.34432995273464945,512,320,176,112,404050,229907,363930,149807,0,7,21,638724,,0
300002,demand,0,0,1,5,0,RECOMMENDATION,0.0216134595153822,0.30027515875990451,512,64,64,64,365091,46179,57067,68644,0,7,15,706015,,0
300002,demand,0,0,1,6,0,RECOMMENDATION,0.026534228662124511,0.37142062423835909,512,64,64,64,415998,46590,55684,88423,0,7,15,641588,,0
300002,demand,0,0,1,7,0,RECOMMENDATION,0.0023246202002937923,0.028216980248831743,512,64,64,64,373844,45548,54042,63655,0,7,15,591764,,0
300002,demand,0,0,1,8,0,RECOMMENDATION,0.027772241296590547,0.35912513631868065,512,64,64,64,380904,44978,81343,71428,0,7,15,736511,,0
300002,demand,0,0,1,9,0,RECOMMENDATION,0.029115368606775386,0.40171270159342676,512,64,64,64,362126,44868,54262,64908,0,7,15,595879,,0
300002,demand,0,0,1,10,0,RECOMMENDATION,0.048442123696338955,0.36595102186125195,512,192,136,80,2016904,139560,121123,82894,0,7,17,644364,,0
300002,demand,0,0,1,11,0,RECOMMENDATION,0.013874644725529302,0.19679420091275446,512,64,64,64,769341,47031,57457,65278,0,7,15,647237,,0
300002,demand,0,0,1,12,0,RECOMMENDATION,0.0030198333489165263,0.041846816069042898,512,64,64,64,420255,46581,58768,66360,0,7,15,846969,,0
300002,demand,0,0,1,13,0,RECOMMENDATION,0.03248348239762492,0.36645545986278133,512,192,104,80,386733,136856,89155,133451,0,7,17,763663,,0
300002,demand,0,0,1,14,0,RECOMMENDATION,0.013974849320087879,0.18571633160298348,512,64,64,64,495247,45859,52930,66000,0,7,15,598803,,0
300002,demand,0,0,1,15,0,RECOMMENDATION,0.0059936694031654438,0.10654417995705598,512,64,64,64,406013,46249,54612,66752,0,7,15,595709,,0
300002,demand,0,0,1,16,0,RECOMMENDATION,0.0043549639829240511,0.038542572458339433,512,64,64,64,434406,45198,58819,65869,0,7,15,756692,,0
300002,demand,0,0,1,17,6,RECOMMENDATION,0.34092422188794941,0.9908744683641012,512,512,304,176,378531,421006,277359,192170,6,0,28,622790,,0
300002,demand,0,0,1,18,1,RECOMMENDATION,0.4671170099273757,1.2172541035401514,512,512,432,272,405171,463389,409878,290708,4,1,39,635430,,0
300002,demand,0,0,1,19,1,RECOMMENDATION,0.54391664386964556,1.2403384372427586,512,512,264,120,388065,395907,240262,118659,7,0,22,644232,,0
300002,demand,0,0,1,20,0,RECOMMENDATION,0.39896550449872314,0.9560091624765954,512,512,456,432,409768,376379,496108,467936,0,5,59,610111,,0
300002,demand,0,0,1,21,-1,RISK_EMPTY,0,0,512,512,112,64,491221,365942,116907,61262,8,0,16,606445,,0
300002,demand,0,0,1,22,-1,RISK_EMPTY,0,0,512,512,80,64,404180,388055,64107,63907,8,0,16,625624,,0
300002,demand,0,0,1,23,6,RECOMMENDATION,0.27445563663652961,0.82865693826373288,512,512,360,344,375266,382167,339963,448487,0,5,48,593256,,0
300002,demand,0,0,1,24,0,RECOMMENDATION,0.11462305778653613,0.6372572598884243,512,320,224,160,453014,421066,258159,157307,0,7,27,648078,,0
300002,demand,0,0,1,25,0,RECOMMENDATION,0.20223868204061968,0.60814169190040324,512,448,360,312,401436,323027,411492,314735,0,6,45,838175,,0
300002,demand,0,0,1,26,6,RECOMMENDATION,0.13273507680531835,0.52521869327682691,512,384,288,280,398762,291029,265471,318361,0,6,41,639545,,0
300002,demand,0,0,1,27,0,RECOMMENDATION,0.26828000945070885,0.9130216604094078,512,448,376,240,368646,328927,364991,228324,0,7,37,619376,,0
300002,demand,0,0,1,28,0,RECOMMENDATION,0.17836285546535852,0.62836289292718805,512,448,304,176,438242,319803,326043,164899,0,7,29,594267,,0
300002,demand,0,0,1,29,0,RECOMMENDATION,0.12703293110662964,0.5771235588316096,512,384,248,144,370188,290668,220562,137208,0,7,25,595468,,0
300002,demand,0,0,1,30,0,RECOMMENDATION,0.12494553126004806,0.69964109221907878,512,384,256,144,614447,275216,248825,162444,0,7,25,582850,,0
300002,demand,0,0,1,31,0,RECOMMENDATION,0.071981345470875133,0.49273456574419794,512,320,168,104,366893,252050,151880,106710,0,7,20,630412,,0
300002,demand,0,0,1,32,0,RECOMMENDATION,0.067419014839996211,0.41288144424593143,512,320,152,104,398361,232962,134873,105088,0,7,20,779927,,0
300002,demand,0,0,1,33,0,RECOMMENDATION,0.089694945840972012,0.61112067849328822,512,320,184,104,425602,231529,191049,110918,0,7,20,750322,,0
300002,demand,0,0,1,34,0,RECOMMENDATION,0.14212961439324531,0.65627384751534246,512,384,248,152,406914,278440,226842,161134,0,7,26,605774,,0
300002,demand,0,0,1,35,6,RECOMMENDATION,0.17494912440921392,0.84279005941970098,512,448,328,224,1394525,327344,338430,207714,0,6,34,604132,,0
300002,demand,0,0,1,36,0,RECOMMENDATION,0.10776863749279425,0.44681923815092567,512,320,200,128,429619,229727,441066,123988,0,7,23,638854,,0
300002,demand,0,0,1,37,0,RECOMMENDATION,0.079330859665620257,0.48248923445297293,512,320,208,120,810293,1134792,366293,121252,0,7,22,843824,,0
300002,demand,0,0,1,38,0,RECOMMENDATION,0.063121804828919562,0.47510665444555417,512,320,184,96,394285,230127,220823,125529,0,7,19,993340,,0
300002,demand,0,0,1,39,0,RECOMMENDATION,0.078009825042473321,0.55066103126463184,512,320,168,120,367615,261505,153351,123827,0,7,22,776281,,0
300002,demand,0,0,1,40,6,RECOMMENDATION,0.14428238516284317,0.61612687544325062,512,384,272,248,390169,274765,258981,289747,0,5,36,751875,,0
300002,demand,0,0,1,41,0,RECOMMENDATION,0.11771585291654449,0.6132483414637272,512,320,232,136,393654,230598,214674,142665,0,7,24,752095,,0
300002,demand,0,0,1,42,6,RECOMMENDATION,0.18207531437258923,0.79336119062771593,512,448,312,248,425412,320684,343979,238591,0,6,37,621979,,0
300002,demand,0,0,1,43,0,RECOMMENDATION,0.11928507263254778,0.56016687526238573,512,320,224,136,407425,303688,205040,129755,0,7,24,703633,,0
300002,demand,0,0,1,44,0,RECOMMENDATION,0.10854050886620635,0.5867193310200941,512,320,216,120,370799,254193,197077,127802,0,7,22,742050,,0
300002,demand,0,0,1,45,5,RECOMMENDATION,0.14611750250593278,0.56774163511476006,512,384,256,200,439614,344370,238720,243307,0,6,31,1072158,,0
300002,demand,0,0,1,46,6,RECOMMENDATION,0.15897597827853246,0.5426297484772924,512,448,312,288,442338,345482,310028,286071,0,5,41,886698,,0
300002,demand,0,0,1,47,0,RECOMMENDATION,0.10055978649207191,0.60142286531699207,512,320,208,128,381456,233682,245070,124739,0,7,23,645033,,0
300002,demand,0,0,1,48,0,RECOMMENDATION,0.11890285709351946,0.55378624748891991,512,320,224,136,376408,228535,205690,1727167,0,7,24,827049,,0
300002,demand,0,0,1,49,6,RECOMMENDATION,0.16338890008080439,0.73603098865145855,512,448,328,232,2422447,2104967,314174,237159,0,6,35,631082,,0
300002,demand,0,0,1,50,0,RECOMMENDATION,0.15159316959705973,0.66902105358943109,512,448,288,160,392002,319603,2248845,158590,0,7,27,620547,,0
300002,demand,0,0,1,51,0,RECOMMENDATION,0.066408299057632542,0.4765994832552371,512,320,144,96,367164,262697,147122,100472,0,7,19,590020,,0
300002,demand,0,0,1,52,0,RECOMMENDATION,0.036152401420653554,0.27812591109979518,512,192,88,80,370249,166611,85399,87302,0,7,17,706356,,0
300002,demand,0,0,1,53,4,RECOMMENDATION,0.23290043925259202,0.7789605597207464,512,448,360,272,374756,320434,365852,303538,0,6,40,699576,,0
300002,demand,0,0,1,54,3,RECOMMENDATION,0.19107509386410346,0.4780910786546223,512,448,400,384,503690,348486,1136455,434576,0,4,52,1076144,,0
300002,demand,0,0,1,55,0,RECOMMENDATION,0.069189498518508197,0.51989011052544332,512,320,192,96,372102,238520,176276,117217,0,7,19,680857,,0
300002,demand,0,0,1,56,0,RECOMMENDATION,0.12416311677844472,0.74746164826104378,512,384,264,128,372372,297950,243697,193252,0,7,23,683691,,0
300002,demand,0,0,1,57,0,RECOMMENDATION,0.035804943578839843,0.26375165737412964,512,192,80,80,435377,138018,74733,88504,0,7,17,652425,,0
300002,demand,0,0,1,58,0,RECOMMENDATION,0.032580102380949764,0.3291359192912337,512,192,88,80,371050,137597,149726,86170,0,7,17,603421,,0
300002,demand,0,0.34999999999999998,0,0,0,RECOMMENDATION,0.097044536328893302,0.23380691039744189,512,320,136,96,385782,2837362,111418,152579,0,7,19,589820,,0
300002,demand,0,0.34999999999999998,0,1,0,RECOMMENDATION,0.093113050727668789,0.23520547549274579,512,320,216,96,490040,280814,183567,93220,0,7,19,661730,,0
300002,demand,0,0.34999999999999998,0,2,0,RECOMMENDATION,0.22117365425903762,0.51717478872543243,512,448,248,120,368136,575349,215445,112350,0,7,22,680057,,0
300002,demand,0,0.34999999999999998,0,3,0,RECOMMENDATION,0.087707132515589481,0.21615186022808702,512,320,144,96,362467,253773,124608,93522,0,7,19,2200521,,0
300002,demand,0,0.34999999999999998,0,4,0,RECOMMENDATION,0.16189277738894975,0.34432995273464945,512,448,200,112,369637,317609,2536248,138979,0,7,21,620918,,0
300002,demand,0,0.34999999999999998,0,5,0,RECOMMENDATION,0.11914505425096501,0.30027515875990451,512,320,168,96,2654686,235466,145369,94333,0,7,19,641067,,0
300002,demand,0,0.34999999999999998,0,6,0,RECOMMENDATION,0.14724446711380662,0.37142062423835909,512,384,144,104,379833,292301,121754,101543,0,7,20,1658803,,0
300002,demand,0,0.34999999999999998,0,7,0,RECOMMENDATION,0.011386946217282073,0.028216980248831743,512,64,64,64,726706,46100,54452,603632,0,7,15,603601,,0
300002,demand,0,0.34999999999999998,0,8,0,RECOMMENDATION,0.14374575455432206,0.35912513631868065,512,384,152,104,453334,1678964,132941,97427,0,7,20,858426,,0
300002,demand,0,0.34999999999999998,0,9,0,RECOMMENDATION,0.15952443515210335,0.40171270159342676,512,448,176,112,479314,586304,278751,121223,0,7,21,775110,,0
300002,demand,0,0.34999999999999998,0,10,4,RECOMMENDATION,0.15630707030449004,0.33659990425123471,512,448,264,168,733297,347074,529229,190227,0,6,27,933378,,0
300002,demand,0,0.34999999999999998,0,11,0,RECOMMENDATION,0.035861003556881516,0.090991870846541353,512,192,96,80,360885,137137,81583,79961,0,7,17,1404379,,0
300002,demand,0,0.34999999999999998,0,12,0,RECOMMENDATION,0.0051965131713876019,0.012078582838891266,512,64,64,64,509609,45028,55464,63035,0,7,15,655570,,0
300002,demand,0,0.34999999999999998,0,13,0,RECOMMENDATION,0.12939744215127999,0.32080057660092737,512,384,216,104,432523,298230,187213,127563,0,7,20,1069023,,0
300002,demand,0,0.34999999999999998,0,14,0,RECOMMENDATION,0.040209461869915059,0.10342919211488945,512,192,112,80,372402,132951,88714,100072,0,7,17,1960078,,0
300002,demand,0,0.34999999999999998,0,15,0,RECOMMENDATION,0.052635428189167298,0.13409604843868692,512,320,144,96,367355,229817,479944,98298,0,7,19,682550,,0
300002,demand,0,0.34999999999999998,0,16,5,RECOMMENDATION,0.046241823663696072,0.068352200813299499,512,192,144,136,581187,194273,127061,129816,0,6,23,653376,,0
300002,demand,0,0.34999999999999998,0,17,6,RECOMMENDATION,0.56840680815460243,0.99087446836410109,512,512,344,328,393604,362336,321204,344069,0,5,46,718515,,0
300002,demand,0,0.34999999999999998,0,18,1,RECOMMENDATION,0.72966499269184715,1.2172541035401514,512,512,432,352,381156,410259,419153,374625,0,5,49,652435,,0
300002,demand,0,0.34999999999999998,0,19,4,RECOMMENDATION,0.78017547049006009,1.2689889958476221,512,512,432,368,382928,1671643,415837,382146,0,5,51,781149,,0
300002,demand,0,0.34999999999999998,0,20,0,RECOMMENDATION,0.59319906460077987,0.94064884786727732,512,512,432,376,379103,390059,500846,405141,0,6,53,630932,,0
300002,demand,0,0.34999999999999998,0,21,4,RECOMMENDATION,1.1022793006331582,1.4563848043805847,512,512,496,464,575859,505383,590792,469248,0,4,62,611172,,0
300002,demand,0,0.34999999999999998,0,22,3,RECOMMENDATION,1.003497793035135,1.4606552827869457,512,512,472,456,1231238,537051,521316,790392,0,4,61,992990,,0
300002,demand,0,0.34999999999999998,0,23,0,RECOMMENDATION,0.348444773271741,0.48755702222680686,512,512,376,360,1345240,430770,356949,564032,0,6,51,978807,,0
300002,demand,0,0.34999999999999998,0,24,0,RECOMMENDATION,0.28845645335307646,0.39067718482220481,512,512,328,272,482197,379052,310539,273262,0,7,41,731223,,0
300002,demand,0,0.34999999999999998,0,25,6,RECOMMENDATION,0.35259036961987228,0.71548808511213835,512,512,384,400,407615,397089,441887,398021,0,4,54,672455,,0
300002,demand,0,0.34999999999999998,0,26,0,RECOMMENDATION,0.11997506022034009,0.29355068060716494,512,320,240,96,428797,232351,210347,94803,0,7,19,607938,,0
300002,demand,0,0.34999999999999998,0,27,0,RECOMMENDATION,0.30925832220553806,0.64611996876807731,512,512,304,136,363538,470080,290929,132870,0,7,24,648839,,0
300002,demand,0,0.34999999999999998,0,28,0,RECOMMENDATION,0.22372634434887456,0.42432876208766679,512,448,240,144,392462,340304,214294,138478,0,7,25,619876,,0
300002,demand,0,0.34999999999999998,0,29,0,RECOMMENDATION,0.12173730222306597,0.28569930437458696,512,384,176,104,371451,326273,190378,106621,0,7,20,713256,,0
300002,demand,0,0.34999999999999998,0,30,0,RECOMMENDATION,0.17083434858905067,0.41899354667981703,512,448,304,112,475027,321695,271399,118108,0,7,21,622920,,0
300002,demand,0,0.34999999999999998,0,31,0,RECOMMENDATION,0.099734382886581541,0.25261956831665044,512,320,184,96,363218,234674,241384,99059,0,7,19,691514,,0
300002,demand,0,0.34999999999999998,0,32,0,RECOMMENDATION,0.04094693146181444,0.1027559875637194,512,192,88,80,362207,133852,77016,92549,0,7,17,635590,,0
300002,demand,0,0.34999999999999998,0,33,0,RECOMMENDATION,0.15741341656806018,0.39158779275030292,512,448,208,112,387085,331360,277499,125890,0,7,21,679135,,0
300002,demand,0,0.34999999999999998,0,34,0,RECOMMENDATION,0.13585555109684544,0.33468171328413848,512,384,136,104,368256,298601,171349,101694,0,7,20,661118,,0
300002,demand,0,0.34999999999999998,0,35,0,RECOMMENDATION,0.20250304185426554,0.49343212846531648,512,448,320,112,420605,334705,506084,104298,0,7,21,648218,,0
300002,demand,0,0.34999999999999998,0,36,0,RECOMMENDATION,0.080250137039196368,0.18449209572682856,512,320,120,96,363589,224149,103045,90997,0,7,19,755051,,0
300002,demand,0,0.34999999999999998,0,37,5,RECOMMENDATION,0.16046890297250443,0.34368387932192396,512,448,240,168,406022,317559,212621,286853,0,6,27,667027,,0
300002,demand,0,0.34999999999999998,0,38,0,RECOMMENDATION,0.080025150403122497,0.19708912495312977,512,320,184,96,392202,295957,157628,98358,0,7,19,662480,,0
300002,demand,0,0.34999999999999998,0,39,0,RECOMMENDATION,0.1280662751690432,0.31927715383744615,512,384,152,104,356708,274354,126100,100372,0,7,20,616500,,0
300002,demand,0,0.34999999999999998,0,40,4,RECOMMENDATION,0.19879204033674089,0.39906467854578559,512,448,240,168,396268,318871,277148,194734,0,6,27,605624,,0
300002,demand,0,0.34999999999999998,0,41,4,RECOMMENDATION,0.20504141875456869,0.4120004335847639,512,448,216,168,368877,329948,188134,167854,0,6,27,600586,,0
300002,demand,0,0.34999999999999998,0,42,6,RECOMMENDATION,0.30478393975216322,0.61810615564375382,512,512,264,232,371331,363158,250928,245371,0,5,34,599595,,0
300002,demand,0,0.34999999999999998,0,43,0,RECOMMENDATION,0.20398373632409578,0.44055492878398012,512,448,264,128,378331,347845,234934,120672,0,7,23,641148,,0
300002,demand,0,0.34999999999999998,0,44,0,RECOMMENDATION,0.21867197584210624,0.47421284631460681,512,448,216,128,375396,321284,266453,158209,0,7,23,589039,,0
300002,demand,0,0.34999999999999998,0,45,0,RECOMMENDATION,0.24411176814538868,0.43111883771618542,512,448,208,160,430400,319402,189385,153071,0,7,27,690742,,0
300002,demand,0,0.34999999999999998,0,46,6,RECOMMENDATION,0.20911589460259378,0.39644002133134287,512,448,304,288,370840,316748,287204,281135,0,5,41,638223,,0
300002,demand,0,0.34999999999999998,0,47,0,RECOMMENDATION,0.20345602520560255,0.45770903646627864,512,448,256,112,373003,336648,221484,108444,0,7,21,805656,,0
300002,demand,0,0.34999999999999998,0,48,0,RECOMMENDATION,0.20999426799063875,0.44948784042260931,512,448,216,120,366563,334085,201524,116245,0,7,22,588228,,0
300002,demand,0,0.34999999999999998,0,49,6,RECOMMENDATION,0.2896186559191008,0.61504808154796964,512,512,360,208,410089,362527,324169,202996,0,6,32,655318,,0
300002,demand,0,0.34999999999999998,0,50,0,RECOMMENDATION,0.24714089612413079,0.53098238043399504,512,448,280,120,370720,537201,249026,119761,0,7,22,644464,,0
300002,demand,0,0.34999999999999998,0,51,0,RECOMMENDATION,0.16005649630094815,0.37906415080760425,512,448,136,112,383699,324900,118339,123085,0,7,21,616450,,0
300002,demand,0,0.34999999999999998,0,52,0,RECOMMENDATION,0.078846977818287214,0.20221889778857791,512,320,168,96,366443,239581,149245,99160,0,7,19,748640,,0
300002,demand,0,0.34999999999999998,0,53,4,RECOMMENDATION,0.2920403294667272,0.62461469724090468,512,512,256,176,381506,361986,220483,176707,0,6,28,606114,,0
300002,demand,0,0.34999999999999998,0,54,0,RECOMMENDATION,0.13644063650129207,0.31828314503124494,512,384,216,104,429087,301565,190277,102264,0,7,20,641518,,0
300002,demand,0,0.34999999999999998,0,55,0,RECOMMENDATION,0.23420749808663197,0.53807354053553891,512,448,296,120,382438,325912,263117,114863,0,7,22,609259,,0
300002,demand,0,0.34999999999999998,0,56,6,RECOMMENDATION,0.36061612528919812,0.74724341162632946,512,512,352,192,367615,391290,378311,179151,0,6,30,713697,,0
300002,demand,0,0.34999999999999998,0,57,0,RECOMMENDATION,0.094275607152888782,0.20394016893326744,512,320,184,96,441707,228335,166431,109685,0,7,19,587767,,0
300002,demand,0,0.34999999999999998,0,58,0,RECOMMENDATION,0.12095808508206753,0.28732985605255112,512,384,184,104,373473,308065,165480,109525,0,7,20,756392,,0
300002,demand,0,0.34999999999999998,1,0,0,RECOMMENDATION,0.097044536328893302,0.23380691039744189,512,320,136,96,359312,235295,114282,94392,0,7,19,640056,,0
300002,demand,0,0.34999999999999998,1,1,0,RECOMMENDATION,0.093113050727668789,0.23520547549274579,512,320,216,96,399012,224498,364089,94853,0,7,19,651944,,0
300002,demand,0,0.34999999999999998,1,2,0,RECOMMENDATION,0.22117365425903762,0.51717478872543243,512,448,248,120,369558,331941,214484,112350,0,7,22,644472,,0
300002,demand,0,0.34999999999999998,1,3,0,RECOMMENDATION,0.087707132515589481,0.21615186022808702,512,320,144,96,387895,231439,126521,338521,0,7,19,605333,,0
300002,demand,0,0.34999999999999998,1,4,0,RECOMMENDATION,0.16189277738894975,0.34432995273464945,512,448,200,112,386864,318090,174734,120061,0,7,21,586415,,0
300002,demand,0,0.34999999999999998,1,5,0,RECOMMENDATION,0.11914505425096501,0.30027515875990451,512,320,168,96,421636,253833,143827,92971,0,7,19,600236,,0
300002,demand,0,0.34999999999999998,1,6,0,RECOMMENDATION,0.14724446711380662,0.37142062423835909,512,384,144,104,375656,267304,119330,99520,0,7,20,628869,,0
300002,demand,0,0.34999999999999998,1,7,0,RECOMMENDATION,0.011386946217282073,0.028216980248831743,512,64,64,64,471772,46310,55654,64207,0,7,15,647377,,0
300002,demand,0,0.34999999999999998,1,8,0,RECOMMENDATION,0.14374575455432206,0.35912513631868065,512,384,152,104,375958,269166,130958,98108,0,7,20,639876,,0
300002,demand,0,0.34999999999999998,1,9,0,RECOMMENDATION,0.15952443515210335,0.40171270159342676,512,448,176,112,362747,325191,162766,104097,0,7,21,630101,,0
300002,demand,0,0.34999999999999998,1,10,4,RECOMMENDATION,0.15630707030449004,0.33659990425123471,512,448,264,168,396208,315566,232101,158578,0,6,27,642931,,0
300002,demand,0,0.34999999999999998,1,11,0,RECOMMENDATION,0.035861003556881516,0.090991870846541353,512,192,96,80,375127,135245,79630,75874,0,7,17,597502,,0
300002,demand,0,0.34999999999999998,1,12,0,RECOMMENDATION,0.0051965131713876019,0.012078582838891266,512,64,64,64,388767,44968,53901,62675,0,7,15,581938,,0
300002,demand,0,0.34999999999999998,1,13,0,RECOMMENDATION,0.12939744215127999,0.32080057660092737,512,384,216,104,363188,269878,184288,101673,0,7,20,642269,,0
300002,demand,0,0.34999999999999998,1,14,0,RECOMMENDATION,0.040209461869915059,0.10342919211488945,512,192,112,80,362187,146190,95594,152290,0,7,17,600556,,0
300002,demand,0,0.34999999999999998,1,15,0,RECOMMENDATION,0.052635428189167298,0.13409604843868692,512,320,144,96,359333,261705,121473,97356,0,7,19,604182,,0
300002,demand,0,0.34999999999999998,1,16,5,RECOMMENDATION,0.046241823663696072,0.068352200813299499,512,192,144,136,374616,133542,125639,129265,0,6,23,607086,,0
300002,demand,0,0.34999999999999998,1,17,6,RECOMMENDATION,0.56840680815460243,0.99087446836410109,512,512,296,176,376829,358091,267854,175525,6,0,28,589810,,0
300002,demand,0,0.34999999999999998,1,18,1,RECOMMENDATION,0.72966499269184715,1.2172541035401514,512,512,424,272,380234,384601,446714,412282,4,1,39,617271,,0
300002,demand,0,0.34999999999999998,1,19,1,RECOMMENDATION,0.78766427155023488,1.2403384372427584,512,512,264,120,369958,408987,239962,115004,7,0,22,582880,,0
300002,demand,0,0.34999999999999998,1,20,0,RECOMMENDATION,0.59393078479097827,0.95600916247659529,512,512,448,408,391041,385482,465593,414236,0,4,55,659725,,0
300002,demand,0,0.34999999999999998,1,21,-1,RISK_EMPTY,0,0,512,512,112,64,579214,384290,124788,60551,8,0,16,597302,,0
300002,demand,0,0.34999999999999998,1,22,-1,RISK_EMPTY,0,0,512,512,80,64,415087,372913,65539,66771,8,0,16,728470,,0
300002,demand,0,0.34999999999999998,1,23,6,RECOMMENDATION,0.46842609220605103,0.82865693826373332,512,512,360,344,403099,441847,368206,503360,0,5,48,615218,,0
300002,demand,0,0.34999999999999998,1,24,0,RECOMMENDATION,0.29754502852219705,0.63725725988842463,512,512,336,160,376748,456238,323388,157548,0,7,27,616921,,0
300002,demand,0,0.34999999999999998,1,25,4,RECOMMENDATION,0.33378542710088599,0.56507906785848372,512,512,320,200,396218,384670,290258,201594,0,6,31,636200,,0
300002,demand,0,0.34999999999999998,1,26,3,RECOMMENDATION,0.18179669257172115,0.214637252679236,512,448,312,248,372593,333974,279872,236237,0,6,37,614027,,0
300002,demand,0,0.34999999999999998,1,27,0,RECOMMENDATION,0.15611839022697566,0.28065977497833383,512,448,200,128,366423,328526,196016,129164,0,7,23,649511,,0
300002,demand,0,0.34999999999999998,1,28,5,RECOMMENDATION,0.062954525148866902,0.087363398002052506,512,320,176,152,372772,245942,182465,157007,0,6,25,604272,,0
300002,demand,0,0.34999999999999998,1,29,0,RECOMMENDATION,0.038570971297148406,0.066590676831030815,512,192,80,80,387354,139670,77997,91169,0,7,17,663711,,0
300002,demand,0,0.34999999999999998,1,30,0,RECOMMENDATION,0.1099928376260452,0.1725909017951367,512,320,184,152,371340,227793,162375,172129,0,7,26,614308,,0
300002,demand,0,0.34999999999999998,1,31,3,RECOMMENDATION,0.18511394022877137,0.20708028144745469,512,448,352,296,365131,325852,349748,286222,0,6,43,614026,,0
300002,demand,0,0.34999999999999998,1,32,0,RECOMMENDATION,0.035978312319708966,0.066607487814778585,512,192,80,80,386663,136966,76525,84136,0,7,17,598854,,0
300002,demand,0,0.34999999999999998,1,33,0,RECOMMENDATION,0.047217204125913431,0.078773296458513914,512,192,88,80,398081,138719,79861,88364,0,7,17,581748,,0
300002,demand,0,0.34999999999999998,1,34,0,RECOMMENDATION,0.091342912640593368,0.13581371303409262,512,320,168,136,369488,270949,158029,152240,0,7,24,603231,,0
300002,demand,0,0.34999999999999998,1,35,0,RECOMMENDATION,0.092337746269044785,0.14238854845561094,512,320,176,136,369307,231370,170487,133571,0,7,24,591443,,0
300002,demand,0,0.34999999999999998,1,36,0,RECOMMENDATION,0.12533314392353453,0.19913247110682383,512,384,200,200,381886,273743,177447,227714,0,7,32,647427,,0
300002,demand,0,0.34999999999999998,1,37,0,RECOMMENDATION,0.10912342867539118,0.18270495620981622,512,320,168,192,367785,226632,427796,200664,0,7,31,602980,,0
300002,demand,0,0.34999999999999998,1,38,3,RECOMMENDATION,0.17870889249371519,0.20330285943247001,512,448,368,336,426324,318331,399533,356419,0,5,47,611193,,0
300002,demand,0,0.34999999999999998,1,39,0,RECOMMENDATION,0.045038170817379278,0.089932596414521851,512,192,96,80,420936,157989,90026,87913,0,7,17,584642,,0
300002,demand,0,0.34999999999999998,1,40,0,RECOMMENDATION,0.064648066466668513,0.11969639129107515,512,320,136,144,369879,268155,123477,147052,0,7,25,602990,,0
300002,demand,0,0.34999999999999998,1,41,0,RECOMMENDATION,0.081480538902898025,0.15967841747235362,512,320,152,112,385972,227773,133742,116806,0,7,21,581297,,0
300002,demand,0,0.34999999999999998,1,42,0,RECOMMENDATION,0.10904454425827198,0.17425010714586453,512,320,160,152,370349,226742,209467,150146,0,7,26,646416,,0
300002,demand,0,0.34999999999999998,1,43,3,RECOMMENDATION,0.17432968194382253,0.19319883236447968,512,448,336,320,420394,577512,322197,346483,0,5,45,623661,,0
300002,demand,0,0.34999999999999998,1,44,0,RECOMMENDATION,0.024354327124086868,0.049124285346265763,512,64,64,64,367755,47211,66410,74583,0,7,15,686596,,0
300002,demand,0,0.34999999999999998,1,45,0,RECOMMENDATION,0.057023050289957411,0.10844167141959915,512,320,136,112,395346,248665,123767,114463,0,7,21,675610,,0
300002,demand,0,0.34999999999999998,1,46,0,RECOMMENDATION,0.027468494564040456,0.043502040003872602,512,64,64,64,371591,47231,61803,72530,0,7,15,610391,,0
300002,demand,0,0.34999999999999998,1,47,0,RECOMMENDATION,0.066449449019392898,0.10868093229600706,512,320,128,120,446444,231189,113321,118569,0,7,22,601878,,0
300002,demand,0,0.34999999999999998,1,48,0,RECOMMENDATION,0.10333165889096317,0.17863523264491349,512,320,168,152,366613,225220,332953,167923,0,7,26,588979,,0
300002,demand,0,0.34999999999999998,1,49,0,RECOMMENDATION,0.1135418078889929,0.19147417770238859,512,320,160,192,383418,228795,140862,191259,0,7,31,662079,,0
300002,demand,0,0.34999999999999998,1,50,0,RECOMMENDATION,0.15453802343361181,0.22127766008153377,512,448,240,240,377500,390499,283848,237369,0,7,37,699075,,0
300002,demand,0,0.34999999999999998,1,51,3,RECOMMENDATION,0.16818976139029543,0.18517029301834534,512,448,312,288,362688,322918,285090,309427,0,6,42,689931,,0
300002,demand,0,0.34999999999999998,1,52,0,RECOMMENDATION,0.019103098741403986,0.034275873006858075,512,64,64,64,367525,46620,64477,74723,0,7,15,894730,,0
300002,demand,0,0.34999999999999998,1,53,0,RECOMMENDATION,0.092562017781928935,0.15073327640930273,512,320,136,136,386964,226382,120893,138549,0,7,24,643040,,0
300002,demand,0,0.34999999999999998,1,54,3,RECOMMENDATION,0.17184070888189557,0.19165472287451352,512,448,312,296,368517,315677,293413,278201,0,6,43,666095,,0
300002,demand,0,0.34999999999999998,1,55,0,RECOMMENDATION,0.0390331769884842,0.072305047380162427,512,192,80,80,421296,158339,73451,83866,0,7,17,602410,,0
300002,demand,0,0.34999999999999998,1,56,0,RECOMMENDATION,0.020005118016047391,0.037848099014516655,512,64,64,64,367565,63256,63996,72549,0,7,15,677643,,0
300002,demand,0,0.34999999999999998,1,57,0,RECOMMENDATION,0.069104155164160061,0.11793546697200076,512,320,112,112,389538,227673,137868,111658,0,7,21,599284,,0
300002,demand,0,0.34999999999999998,1,58,0,RECOMMENDATION,0.041039430770798441,0.071583211792065407,512,192,80,80,373383,137177,74642,93542,0,7,17,697312,,0
300002,demand,0,1,0,0,0,RECOMMENDATION,0.23380691039744189,0.23380691039744189,512,448,232,112,375778,310759,193412,108444,0,7,21,643511,,0
300002,demand,0,1,0,1,4,RECOMMENDATION,0.23305301006939683,0.23305301006939683,512,448,352,168,358481,325301,312612,152450,0,6,27,624232,,0
300002,demand,0,1,0,2,0,RECOMMENDATION,0.4688379917718124,0.4688379917718124,512,512,304,120,383519,362127,261495,126681,0,7,22,588849,,0
300002,demand,0,1,0,3,0,RECOMMENDATION,0.21809131753678213,0.21809131753678213,512,448,168,112,362136,559585,142525,104968,0,7,21,591553,,0
300002,demand,0,1,0,4,0,RECOMMENDATION,0.3761331889601634,0.3761331889601634,512,512,272,120,383830,362557,241875,113912,0,7,22,695570,,0
300002,demand,0,1,0,5,0,RECOMMENDATION,0.26951631295958201,0.26951631295958201,512,448,216,112,666726,323358,185389,108044,0,7,21,612624,,0
300002,demand,0,1,0,6,0,RECOMMENDATION,0.33110132310641133,0.33110132310641133,512,512,200,120,366673,377270,240603,118328,0,7,22,719487,,0
300002,demand,0,1,0,7,5,RECOMMENDATION,0.058702275933928863,0.058702275933928863,512,320,160,152,358320,229286,133581,138418,0,6,25,683592,,0
300002,demand,0,1,0,8,4,RECOMMENDATION,0.34898687351634072,0.34898687351634072,512,512,192,176,396068,361986,159891,154132,0,6,28,618173,,0
300002,demand,0,1,0,9,0,RECOMMENDATION,0.36474665951467766,0.36474665951467766,512,512,256,120,364731,384801,214474,110127,0,7,22,673046,,0
300002,demand,0,1,0,10,0,RECOMMENDATION,0.3031875753062821,0.3031875753062821,512,512,376,120,365962,358281,340544,128063,0,7,22,600146,,0
300002,demand,0,1,0,11,0,RECOMMENDATION,0.090991870846541548,0.090991870846541548,512,320,152,96,404360,437971,126401,89906,0,7,19,630682,,0
300002,demand,0,1,0,12,0,RECOMMENDATION,0.012078582838891343,0.012078582838891343,512,64,64,64,374165,44787,54473,63516,0,7,15,625764,,0
300002,demand,0,1,0,13,0,RECOMMENDATION,0.3208005766009277,0.3208005766009277,512,512,312,120,398962,361155,304229,112651,0,7,22,627607,,0
300002,demand,0,1,0,14,4,RECOMMENDATION,0.1011637816812986,0.1011637816812986,512,320,184,152,363599,238991,147703,138459,0,6,25,627046,,0
300002,demand,0,1,0,15,5,RECOMMENDATION,0.16323761868643508,0.16323761868643508,512,448,224,168,394466,322817,192691,163106,0,6,27,608859,,0
300002,demand,0,1,0,16,5,RECOMMENDATION,0.068352200813299818,0.068352200813299818,512,320,184,152,363779,225129,157718,158019,0,6,25,601137,,0
300002,demand,0,1,0,17,6,RECOMMENDATION,0.99087446836410098,0.99087446836410098,512,512,288,176,363899,376818,260413,177348,0,6,28,624172,,0
300002,demand,0,1,0,18,1,RECOMMENDATION,1.2172541035401514,1.2172541035401514,512,512,424,232,381115,369948,414135,242446,0,5,34,598563,,0
300002,demand,0,1,0,19,1,RECOMMENDATION,1.2403384372427584,1.2403384372427584,512,512,328,232,370499,379663,321425,223968,0,5,34,827460,,0
300002,demand,0,1,0,20,4,RECOMMENDATION,0.9425654406369115,0.9425654406369115,512,512,376,184,384240,417761,535348,220854,0,6,29,662961,,0
300002,demand,0,1,0,21,4,RECOMMENDATION,1.4382438175962673,1.4382438175962673,512,512,288,176,387745,611723,301174,170518,0,6,28,629561,,0
300002,demand,0,1,0,22,3,RECOMMENDATION,1.4390182391950546,1.4390182391950546,512,512,272,232,475778,426033,251850,256867,0,5,34,674158,,0
300002,demand,0,1,0,23,0,RECOMMENDATION,0.47238246950901602,0.47238246950901602,512,512,224,160,557802,411881,203217,324149,0,7,27,646666,,0
300002,demand,0,1,0,24,0,RECOMMENDATION,0.37493204699653648,0.37493204699653648,512,512,216,120,549920,430430,296538,338861,0,7,22,586805,,0
300002,demand,0,1,0,25,3,RECOMMENDATION,0.42120773582497228,0.42120773582497228,512,512,216,232,369057,378822,210077,231489,0,5,34,614448,,0
300002,demand,0,1,0,26,0,RECOMMENDATION,0.31698812064747928,0.31698812064747928,512,512,232,176,526164,369568,237829,166190,0,7,29,682060,,0
300002,demand,0,1,0,27,3,RECOMMENDATION,0.47943365400079568,0.47943365400079568,512,512,280,320,506725,381255,259211,313173,0,5,45,646866,,0
300002,demand,0,1,0,28,0,RECOMMENDATION,0.19784058962288029,0.19784058962288029,512,448,128,112,370630,417050,118138,113972,0,7,21,750672,,0
300002,demand,0,1,0,29,6,RECOMMENDATION,0.16614482353249149,0.16614482353249149,512,448,200,184,372082,317760,181894,214744,0,6,29,607527,,0
300002,demand,0,1,0,30,0,RECOMMENDATION,0.25894436809787125,0.25894436809787125,512,448,344,112,370048,382407,311650,118199,0,7,21,627156,,0
300002,demand,0,1,0,31,4,RECOMMENDATION,0.22745161745561851,0.22745161745561851,512,448,264,168,362558,325962,264259,168885,0,6,27,674298,,0
300002,demand,0,1,0,32,0,RECOMMENDATION,0.21405456059030839,0.21405456059030839,512,448,256,112,370720,390680,230037,108894,0,7,21,613526,,0
300002,demand,0,1,0,33,0,RECOMMENDATION,0.51230391409609766,0.51230391409609766,512,512,312,120,372021,363288,332763,165670,0,7,22,643271,,0
300002,demand,0,1,0,34,6,RECOMMENDATION,0.43873018257323987,0.43873018257323987,512,512,208,176,561637,363349,184128,245341,0,6,28,634988,,0
300002,demand,0,1,0,35,6,RECOMMENDATION,0.51195263685179571,0.51195263685179571,512,512,384,176,378180,433575,355957,168194,0,6,28,654047,,0
300002,demand,0,1,0,36,0,RECOMMENDATION,0.23994936276088241,0.23994936276088241,512,448,192,112,383409,341606,178039,108694,0,7,21,602329,,0
300002,demand,0,1,0,37,5,RECOMMENDATION,0.36993729453891899,0.36993729453891899,512,512,336,176,403258,361966,295936,168193,0,6,28,657172,,0
300002,demand,0,1,0,38,0,RECOMMENDATION,0.34818527957434503,0.34818527957434503,512,512,344,120,367826,375848,317079,118529,0,7,22,600667,,0
300002,demand,0,1,0,39,4,RECOMMENDATION,0.47976562779195642,0.47976562779195642,512,512,216,176,380715,381486,190067,169516,0,6,28,603591,,0
300002,demand,0,1,0,40,6,RECOMMENDATION,0.43949540459599717,0.43949540459599717,512,512,248,232,366954,398992,248335,234605,0,5,34,638393,,0
300002,demand,0,1,0,41,4,RECOMMENDATION,0.46941555005006919,0.46941555005006919,512,512,288,176,372252,366533,269426,199462,0,6,28,631232,,0
300002,demand,0,1,0,42,6,RECOMMENDATION,0.64433037854060715,0.64433037854060715,512,512,280,232,390209,362848,262506,227704,0,5,34,641909,,0
300002,demand,0,1,0,43,4,RECOMMENDATION,0.46085981006932375,0.46085981006932375,512,512,312,176,401807,371491,293654,367054,0,6,28,635089,,0
300002,demand,0,1,0,44,0,RECOMMENDATION,0.43601339595557242,0.43601339595557242,512,512,200,120,386954,364040,175235,115095,0,7,22,594747,,0
300002,demand,0,1,0,45,5,RECOMMENDATION,0.49694072502540809,0.49694072502540809,512,512,184,176,460926,411701,165971,173822,0,6,28,903544,,0
300002,demand,0,1,0,46,6,RECOMMENDATION,0.41531283209102005,0.41531283209102005,512,512,248,232,368166,381776,226782,231239,0,5,34,686416,,0
300002,demand,0,1,0,47,0,RECOMMENDATION,0.48145789309911063,0.48145789309911063,512,512,304,120,365411,382117,279512,115465,0,7,22,669120,,0
300002,demand,0,1,0,48,0,RECOMMENDATION,0.4609150381308757,0.4609150381308757,512,512,248,120,382507,365041,219822,118729,0,7,22,610181,,0
300002,demand,0,1,0,49,6,RECOMMENDATION,0.62444225230673467,0.62444225230673467,512,512,376,176,367124,362888,353544,195545,0,6,28,609550,,0
300002,demand,0,1,0,50,4,RECOMMENDATION,0.53546920362602179,0.53546920362602179,512,512,328,176,483600,366022,321616,171699,0,6,28,590912,,0
300002,demand,0,1,0,51,5,RECOMMENDATION,0.40661029599233828,0.40661029599233828,512,512,192,176,441076,419093,171038,171799,0,6,28,590221,,0
300002,demand,0,1,0,52,0,RECOMMENDATION,0.19725949527989117,0.19725949527989117,512,448,296,112,364290,340694,263708,231690,0,7,21,823823,,0
300002,demand,0,1,0,53,4,RECOMMENDATION,0.6195063766465847,0.6195063766465847,512,512,240,176,414385,362607,248355,175235,0,6,28,590240,,0
300002,demand,0,1,0,54,0,RECOMMENDATION,0.28015574621611183,0.28015574621611183,512,512,272,120,398061,364560,236246,131438,0,7,22,935341,,0
300002,demand,0,1,0,55,4,RECOMMENDATION,0.48948050861378589,0.48948050861378589,512,512,368,176,376018,411872,328997,169316,0,6,28,670142,,0
300002,demand,0,1,0,56,6,RECOMMENDATION,0.70034665101819793,0.70034665101819793,512,512,376,176,366773,575018,397120,172722,0,6,28,742640,,0
300002,demand,0,1,0,57,0,RECOMMENDATION,0.13587628871005325,0.13587628871005325,512,384,200,104,392383,276137,183116,138309,0,7,20,605094,,0
300002,demand,0,1,0,58,0,RECOMMENDATION,0.22588276387410797,0.22588276387410797,512,448,240,112,372171,331100,209176,113991,0,7,21,618855,,0
300002,demand,0,1,1,0,0,RECOMMENDATION,0.23380691039744189,0.23380691039744189,512,448,232,112,415136,311580,193672,110046,0,7,21,854831,,0
300002,demand,0,1,1,1,4,RECOMMENDATION,0.23305301006939683,0.23305301006939683,512,448,352,168,412082,573035,357560,160873,0,6,27,597913,,0
300002,demand,0,1,1,2,0,RECOMMENDATION,0.4688379917718124,0.4688379917718124,512,512,304,120,369808,376258,283427,110848,0,7,22,655749,,0
300002,demand,0,1,1,3,0,RECOMMENDATION,0.21809131753678213,0.21809131753678213,512,448,168,112,378681,325481,142816,107632,0,7,21,637142,,0
300002,demand,0,1,1,4,0,RECOMMENDATION,0.3761331889601634,0.3761331889601634,512,512,272,120,367976,362287,243627,133882,0,7,22,645564,,0
300002,demand,0,1,1,5,0,RECOMMENDATION,0.26951631295958201,0.26951631295958201,512,448,216,112,1370318,350439,185219,106730,0,7,21,629621,,0
300002,demand,0,1,1,6,0,RECOMMENDATION,0.33110132310641133,0.33110132310641133,512,512,200,120,363308,356489,4227110,164378,0,7,22,626696,,0
300002,demand,0,1,1,7,5,RECOMMENDATION,0.058702275933928863,0.058702275933928863,512,320,160,152,358311,270018,152560,138859,0,6,25,601109,,0
300002,demand,0,1,1,8,4,RECOMMENDATION,0.34898687351634072,0.34898687351634072,512,512,192,176,361356,355507,164038,214945,0,6,28,961311,,0
300002,demand,0,1,1,9,0,RECOMMENDATION,0.36474665951467766,0.36474665951467766,512,512,256,120,402738,422948,216036,110777,0,7,22,717072,,0
300002,demand,0,1,1,10,0,RECOMMENDATION,0.3031875753062821,0.3031875753062821,512,512,376,120,372422,400505,330839,112780,0,7,22,818144,,0
300002,demand,0,1,1,11,0,RECOMMENDATION,0.090991870846541548,0.090991870846541548,512,320,152,96,390680,231269,128314,95124,0,7,19,2579784,,0
300002,demand,0,1,1,12,0,RECOMMENDATION,0.012078582838891343,0.012078582838891343,512,64,64,64,1418457,469929,55153,63455,0,7,15,609099,,0
300002,demand,0,1,1,13,0,RECOMMENDATION,0.3208005766009277,0.3208005766009277,512,512,312,120,369227,363088,293453,171750,0,7,22,1075683,,0
300002,demand,0,1,1,14,4,RECOMMENDATION,0.1011637816812986,0.1011637816812986,512,320,184,152,761028,241725,148164,162155,0,6,25,620546,,0
300002,demand,0,1,1,15,5,RECOMMENDATION,0.16323761868643508,0.16323761868643508,512,448,224,168,358151,364490,190838,161243,0,6,27,598644,,0
300002,demand,0,1,1,16,5,RECOMMENDATION,0.068352200813299818,0.068352200813299818,512,320,184,152,439684,379203,160292,189977,0,6,25,957105,,0
300002,demand,0,1,1,17,6,RECOMMENDATION,0.99087446836410098,0.99087446836410098,512,512,288,176,989624,1032008,380384,240483,6,0,28,718594,,0
300002,demand,0,1,1,18,1,RECOMMENDATION,1.2172541035401514,1.2172541035401514,512,512,424,232,816762,442718,402989,223888,4,1,34,600727,,0
300002,demand,0,1,1,19,1,RECOMMENDATION,1.2403384372427584,1.2403384372427584,512,512,248,120,455507,377921,317660,115825,7,0,22,664173,,0
300002,demand,0,1,1,20,4,RECOMMENDATION,0.9425654406369115,0.9425654406369115,512,512,376,184,423950,361927,357379,188334,0,6,29,641187,,0
300002,demand,0,1,1,21,-1,RISK_EMPTY,0,0,512,512,112,64,372903,427716,191559,61623,8,0,16,715620,,0
300002,demand,0,1,1,22,-1,RISK_EMPTY,0,0,512,512,104,64,378962,467777,84227,64207,8,0,16,638964,,0
300002,demand,0,1,1,23,3,RECOMMENDATION,0.65273611189450476,0.65273611189450476,512,512,336,256,371891,705205,421787,256537,0,5,37,738575,,0
300002,demand,0,1,1,24,4,RECOMMENDATION,0.40115744275122234,0.40115744275122234,512,512,272,192,378491,421627,309768,298831,0,6,30,764083,,0
300002,demand,0,1,1,25,3,RECOMMENDATION,0.42282638392694988,0.42282638392694988,512,512,216,232,825907,429458,193412,280854,0,5,34,868701,,0
300002,demand,0,1,1,26,0,RECOMMENDATION,0.31730163150479762,0.31730163150479762,512,512,232,176,376068,361626,267544,217759,0,7,29,676711,,0
300002,demand,0,1,1,27,3,RECOMMENDATION,0.47973230905849351,0.47973230905849351,512,512,280,320,465443,376088,256508,360525,0,5,45,621127,,0
300002,demand,0,1,1,28,0,RECOMMENDATION,0.19784058962288029,0.19784058962288029,512,448,128,112,500876,336197,116626,110097,0,7,21,782321,,0
300002,demand,0,1,1,29,6,RECOMMENDATION,0.16636839382305321,0.16636839382305321,512,448,200,184,417740,365772,214844,221894,0,6,29,582590,,0
300002,demand,0,1,1,30,0,RECOMMENDATION,0.25924915276374921,0.25924915276374921,512,448,344,112,419693,421536,352201,135885,0,7,21,665734,,0
300002,demand,0,1,1,31,4,RECOMMENDATION,0.22772055958773202,0.22772055958773202,512,448,264,168,483600,410810,239962,168936,0,6,27,629470,,0
300002,demand,0,1,1,32,0,RECOMMENDATION,0.21378731054801667,0.21378731054801667,512,448,256,112,367204,662800,234073,113150,0,7,21,963034,,0
300002,demand,0,1,1,33,0,RECOMMENDATION,0.51203078085633247,0.51203078085633247,512,512,312,120,426314,472894,332452,123837,0,7,22,787578,,0
300002,demand,0,1,1,34,6,RECOMMENDATION,0.43874443515439404,0.43874443515439404,512,512,208,176,372201,433784,206351,169816,0,6,28,613135,,0
300002,demand,0,1,1,35,6,RECOMMENDATION,0.51157277754291031,0.51157277754291031,512,512,384,176,366423,422237,1146590,193763,0,6,28,804044,,0
300002,demand,0,1,1,36,0,RECOMMENDATION,0.24021755932811434,0.24021755932811434,512,448,192,112,1001772,504331,182245,107643,0,7,21,703001,,0
300002,demand,0,1,1,37,5,RECOMMENDATION,0.36971405997349893,0.36971405997349893,512,512,336,176,396188,359973,294755,238529,0,6,28,667899,,0
300002,demand,0,1,1,38,0,RECOMMENDATION,0.34840167844308623,0.34840167844308623,512,512,344,120,515147,361245,377891,118939,0,7,22,872727,,0
300002,demand,0,1,1,39,4,RECOMMENDATION,0.47980779712954852,0.47980779712954852,512,512,216,176,378291,397339,191619,172832,0,6,28,754368,,0
300002,demand,0,1,1,40,6,RECOMMENDATION,0.43965473756055129,0.43965473756055129,512,512,248,232,365932,362437,231520,250387,0,5,34,618143,,0
300002,demand,0,1,1,41,4,RECOMMENDATION,0.46942991756194158,0.46942991756194158,512,512,288,176,392823,363299,252831,234884,0,6,28,607518,,0
300002,demand,0,1,1,42,6,RECOMMENDATION,0.64439028528052278,0.64439028528052278,512,512,280,232,370760,379012,256987,222666,0,5,34,616090,,0
300002,demand,0,1,1,43,4,RECOMMENDATION,0.46074167050506659,0.46074167050506659,512,512,312,176,362547,455598,305201,166361,0,6,28,838175,,0
300002,demand,0,1,1,44,0,RECOMMENDATION,0.43590377773840472,0.43590377773840472,512,512,200,120,395817,361235,173982,287664,0,7,22,671364,,0
300002,demand,0,1,1,45,5,RECOMMENDATION,0.49674611765170962,0.49674611765170962,512,512,184,176,396428,415788,166281,237638,0,6,28,942523,,0
300002,demand,0,1,1,46,6,RECOMMENDATION,0.41532768802695447,0.41532768802695447,512,512,248,232,440776,449379,226712,230638,0,5,34,710793,,0
300002,demand,0,1,1,47,0,RECOMMENDATION,0.48145136441769171,0.48145136441769171,512,512,304,120,359323,454886,262175,115023,0,7,22,594487,,0
300002,demand,0,1,1,48,0,RECOMMENDATION,0.46093270713366141,0.46093270713366141,512,512,248,120,378471,409939,216517,116876,0,7,22,623211,,0
300002,demand,0,1,1,49,6,RECOMMENDATION,0.62465005651616157,0.62465005651616157,512,512,376,176,371200,477540,337319,175295,0,6,28,602450,,0
300002,demand,0,1,1,50,4,RECOMMENDATION,0.53563989293414183,0.53563989293414183,512,512,328,176,369568,360595,306943,186652,0,6,28,599335,,0
300002,demand,0,1,1,51,5,RECOMMENDATION,0.40691152732013441,0.40691152732013441,512,512,192,176,387104,372452,170778,223517,0,6,28,750323,,0
300002,demand,0,1,1,52,0,RECOMMENDATION,0.1975384707954681,0.1975384707954681,512,448,296,112,362677,325461,316949,111219,0,7,21,591723,,0
300002,demand,0,1,1,53,4,RECOMMENDATION,0.61974027725571923,0.61974027725571923,512,512,240,176,394215,360283,251820,180362,0,6,28,708169,,0
300002,demand,0,1,1,54,0,RECOMMENDATION,0.28059041692783965,0.28059041692783965,512,512,272,120,547967,433294,244248,115755,0,7,22,625584,,0
300002,demand,0,1,1,55,4,RECOMMENDATION,0.48987610252513802,0.48987610252513802,512,512,368,176,444601,627016,580236,165549,0,6,28,656872,,0
300002,demand,0,1,1,56,6,RECOMMENDATION,0.70039006707841289,0.70039006707841289,512,512,376,176,362607,373744,360163,167994,0,6,28,655159,,0
300002,demand,0,1,1,57,0,RECOMMENDATION,0.13582528982869824,0.13582528982869824,512,384,200,104,370809,270729,179711,118159,0,7,20,584091,,0
300002,demand,0,1,1,58,0,RECOMMENDATION,0.22575860608476697,0.22575860608476697,512,448,240,112,371180,353573,208545,113912,0,7,21,641318,,0
300002,demand,2,0,0,2,0,RECOMMENDATION,0.061788428007901949,0.51717478872543243,512,320,176,96,442908,262877,153181,94673,0,7,19,677733,,0
300002,demand,2,0,0,5,0,RECOMMENDATION,0.0216134595153822,0.30027515875990451,512,64,64,64,363208,45028,56355,67703,0,7,15,666856,,0
300002,demand,2,0,0,8,0,RECOMMENDATION,0.027772241296590547,0.35912513631868065,512,64,64,64,422478,45619,57146,63716,0,7,15,629731,,0
300002,demand,2,0,0,11,0,RECOMMENDATION,0.013874644725529302,0.19679420091275446,512,64,64,64,359132,77006,56315,64717,0,7,15,635680,,0
300002,demand,2,0,0,14,0,RECOMMENDATION,0.013974849320087879,0.18571633160298348,512,64,64,64,455237,45850,94853,70196,0,7,15,664273,,0
300002,demand,2,0,0,17,6,RECOMMENDATION,0.34092422188794941,0.9908744683641012,512,512,368,360,425973,362777,401326,382307,0,3,48,701228,,0
300002,demand,2,0,0,20,0,RECOMMENDATION,0.45668456478794212,1.0702855355978496,512,512,464,424,376959,360363,459313,734098,0,5,58,577812,,0
300002,demand,2,0,0,23,6,RECOMMENDATION,0.33550163267344774,0.87117537298115177,512,512,384,360,384200,399423,381606,353583,0,5,50,588970,,0
300002,demand,2,0,0,26,6,RECOMMENDATION,0.14685849099776307,0.56304888179631385,512,384,312,304,390720,277209,284780,308245,0,5,43,594077,,0
300002,demand,2,0,0,29,0,RECOMMENDATION,0.13557274913366715,0.59708985000250392,512,384,256,144,544132,333864,227664,155695,0,7,25,601177,,0
300002,demand,2,0,0,32,0,RECOMMENDATION,0.065670432539790602,0.41089548916004021,512,320,152,104,580255,271500,173122,101643,0,7,20,602559,,0
300002,demand,2,0,0,35,0,RECOMMENDATION,0.16988635769633556,0.81865869553463944,512,448,328,200,364791,328326,384630,187273,0,7,32,836853,,0
300002,demand,2,0,0,38,5,RECOMMENDATION,0.16725198929537502,0.62251392190705812,512,448,296,224,422267,343157,268405,214084,0,6,34,618904,,0
300002,demand,2,0,0,41,6,RECOMMENDATION,0.20764440588911709,0.74300258501639382,512,448,296,256,429689,367335,265541,258140,0,5,37,812947,,0
300002,demand,2,0,0,44,6,RECOMMENDATION,0.24701901709110913,0.79390395280364923,512,448,280,200,366643,334485,300984,182576,0,7,32,681308,,0
300002,demand,2,0,0,47,6,RECOMMENDATION,0.15813442087151827,0.64757413080978565,512,448,160,144,361045,339583,361326,139691,0,7,25,633917,,0
300002,demand,2,0,0,50,0,RECOMMENDATION,0.20891961357805716,0.76003688022409388,512,448,344,216,375887,376378,352281,207263,0,7,34,689932,,0
300002,demand,2,0,0,53,4,RECOMMENDATION,0.24988950238646621,0.85071021511642309,512,448,336,272,368336,340274,304670,271621,0,5,39,661468,,0
300002,demand,2,0,0,56,4,RECOMMENDATION,0.32653477241192941,0.98678098417914772,512,512,416,360,445873,361586,392062,345852,0,4,49,679826,,0
300002,demand,2,0,1,2,0,RECOMMENDATION,0.061788428007901949,0.51717478872543243,512,320,176,96,368266,240363,171108,93051,0,7,19,660276,,0
300002,demand,2,0,1,5,0,RECOMMENDATION,0.0216134595153822,0.30027515875990451,512,64,64,64,363899,45810,56986,70888,0,7,15,600046,,0
300002,demand,2,0,1,8,0,RECOMMENDATION,0.027772241296590547,0.35912513631868065,512,64,64,64,361556,44817,57347,63576,0,7,15,663451,,0
300002,demand,2,0,1,11,0,RECOMMENDATION,0.013874644725529302,0.19679420091275446,512,64,64,64,397430,112450,58989,64799,0,7,15,688028,,0
300002,demand,2,0,1,14,0,RECOMMENDATION,0.013974849320087879,0.18571633160298348,512,64,64,64,366533,44987,53070,67212,0,7,15,798575,,0
300002,demand,2,0,1,17,6,RECOMMENDATION,0.34092422188794941,0.9908744683641012,512,512,304,176,381486,438581,273973,177309,6,0,28,606415,,0
300002,demand,2,0,1,20,0,RECOMMENDATION,0.45668456478794212,1.0702855355978496,512,512,464,424,377590,392392,889333,546516,0,5,58,820588,,0
300002,demand,2,0,1,23,6,RECOMMENDATION,0.33550163267344774,0.87117537298115177,512,512,384,360,374085,450460,361265,405793,0,5,50,833859,,0
300002,demand,2,0,1,26,6,RECOMMENDATION,0.14685849099776307,0.56304888179631385,512,384,312,304,434045,273212,310259,295396,0,5,43,602910,,0
300002,demand,2,0,1,29,0,RECOMMENDATION,0.13557274913366715,0.59708985000250392,512,384,256,144,367715,376408,229226,138068,0,7,25,677974,,0
300002,demand,2,0,1,32,0,RECOMMENDATION,0.065670432539790602,0.41089548916004021,512,320,152,104,393805,256057,134443,154163,0,7,20,662309,,0
300002,demand,2,0,1,35,0,RECOMMENDATION,0.16988635769633556,0.81865869553463944,512,448,328,200,645684,380004,309247,184008,0,7,32,750342,,0
300002,demand,2,0,1,38,5,RECOMMENDATION,0.16725198929537502,0.62251392190705812,512,448,296,224,697492,397971,285331,213382,0,6,34,600927,,0
300002,demand,2,0,1,41,6,RECOMMENDATION,0.20764440588911709,0.74300258501639382,512,448,296,256,400414,318190,323678,265931,0,5,37,700248,,0
300002,demand,2,0,1,44,6,RECOMMENDATION,0.24701901709110913,0.79390395280364923,512,448,280,200,367285,577111,255075,211419,0,7,32,763442,,0
300002,demand,2,0,1,47,6,RECOMMENDATION,0.15813442087151827,0.64757413080978565,512,448,160,144,360123,352873,158389,137527,0,7,25,646666,,0
300002,demand,2,0,1,50,0,RECOMMENDATION,0.20891961357805716,0.76003688022409388,512,448,344,216,451812,318862,368206,207362,0,7,34,580907,,0
300002,demand,2,0,1,53,4,RECOMMENDATION,0.24988950238646621,0.85071021511642309,512,448,336,272,387054,316198,302917,271420,0,5,39,631653,,0
300002,demand,2,0,1,56,4,RECOMMENDATION,0.32653477241192941,0.98678098417914772,512,512,416,360,364250,373965,409758,342216,0,4,49,658305,,0
300002,demand,2,0.34999999999999998,0,2,0,RECOMMENDATION,0.22117365425903762,0.51717478872543243,512,448,248,120,398572,314355,211720,110557,0,7,22,607657,,0
300002,demand,2,0.34999999999999998,0,5,0,RECOMMENDATION,0.11914505425096501,0.30027515875990451,512,320,168,96,526445,230018,145670,91738,0,7,19,589911,,0
300002,demand,2,0.34999999999999998,0,8,0,RECOMMENDATION,0.14374575455432206,0.35912513631868065,512,384,152,104,411451,293933,128864,95114,0,7,20,603120,,0
300002,demand,2,0.34999999999999998,0,11,4,RECOMMENDATION,0.067477052293034578,0.12519315330332959,512,320,168,152,398552,247434,159681,137578,0,6,25,598133,,0
300002,demand,2,0.34999999999999998,0,14,0,RECOMMENDATION,0.040209461869915183,0.10342919211488975,512,192,112,80,439664,132400,89115,74933,0,7,17,583010,,0
300002,demand,2,0.34999999999999998,0,17,6,RECOMMENDATION,0.55889375852675927,0.96858920986129815,512,512,344,336,441867,415177,346343,328126,0,4,46,654487,,0
300002,demand,2,0.34999999999999998,0,20,0,RECOMMENDATION,0.65444702561915191,1.0507480211982727,512,512,432,360,386924,483830,429508,353764,0,6,51,618553,,0
300002,demand,2,0.34999999999999998,0,23,6,RECOMMENDATION,0.52358758564990104,0.87579543397948401,512,512,384,360,371821,384400,391611,352703,0,6,51,696070,,0
300002,demand,2,0.34999999999999998,0,26,3,RECOMMENDATION,0.20664333042955058,0.24755863822880878,512,448,352,296,423229,559615,343419,330629,0,6,43,855762,,0
300002,demand,2,0.34999999999999998,0,29,0,RECOMMENDATION,0.093997716281433275,0.15184557683289976,512,320,152,144,372081,228165,146031,142185,0,7,25,649230,,0
300002,demand,2,0.34999999999999998,0,32,6,RECOMMENDATION,0.15793830118998992,0.27123460587117837,512,448,232,232,364630,314334,233322,221865,0,6,35,628058,,0
300002,demand,2,0.34999999999999998,0,35,6,RECOMMENDATION,0.24918556371204056,0.52564434224976275,512,448,320,240,452262,325621,295666,346663,0,6,36,622850,,0
300002,demand,2,0.34999999999999998,0,38,0,RECOMMENDATION,0.13555376488375898,0.32972548900341636,512,384,224,104,367264,268065,207633,104698,0,7,20,615179,,0
300002,demand,2,0.34999999999999998,0,41,6,RECOMMENDATION,0.31908612373623724,0.6131815210624908,512,512,272,256,366964,684533,249287,278110,0,5,37,587036,,0
300002,demand,2,0.34999999999999998,0,44,6,RECOMMENDATION,0.37513679849183018,0.70702650017907909,512,512,208,136,796813,525903,549800,132039,0,7,24,616841,,0
300002,demand,2,0.34999999999999998,0,47,6,RECOMMENDATION,0.31548406890248903,0.62463769278900172,512,512,320,312,358522,367605,286763,304840,0,5,44,735410,,0
300002,demand,2,0.34999999999999998,0,50,6,RECOMMENDATION,0.36845669118017588,0.69662119378677656,512,512,328,240,368756,377980,301745,229416,0,6,36,671193,,0
300002,demand,2,0.34999999999999998,0,53,4,RECOMMENDATION,0.31143179515291153,0.6588322258428948,512,512,264,176,586285,363789,233312,179201,0,6,28,655199,,0
300002,demand,2,0.34999999999999998,0,56,0,RECOMMENDATION,0.35660730545838787,0.76571662796276663,512,512,352,144,466464,458141,326923,139831,0,7,25,615989,,0
300002,demand,2,0.34999999999999998,1,2,0,RECOMMENDATION,0.22117365425903762,0.51717478872543243,512,448,248,120,397450,372252,212752,144518,0,7,22,807850,0.42359320127521788,1024
300002,demand,2,0.34999999999999998,1,5,0,RECOMMENDATION,0.11914505425096501,0.30027515875990451,512,320,168,96,363699,239602,145690,93893,0,7,19,635569,0.40779500420386039,1024
300002,demand,2,0.34999999999999998,1,8,0,RECOMMENDATION,0.14374575455432206,0.35912513631868065,512,384,152,104,361846,997416,207493,97137,0,7,20,1874824,0.19190877698270331,1024
300002,demand,2,0.34999999999999998,1,11,4,RECOMMENDATION,0.067477052293034578,0.12519315330332959,512,320,168,152,357941,269196,141363,139992,0,6,25,603841,0.074118657957513309,1024
300002,demand,2,0.34999999999999998,1,14,0,RECOMMENDATION,0.040209461869915183,0.10342919211488975,512,192,112,80,407996,133722,88814,75083,0,7,17,604252,0.17238496423712751,1024
300002,demand,2,0.34999999999999998,1,17,6,RECOMMENDATION,0.55889375852675927,0.96858920986129815,512,512,312,232,381346,360394,287013,230288,5,0,34,622850,0.92403923702668467,1024
300002,demand,2,0.34999999999999998,1,20,0,RECOMMENDATION,0.65444702561915191,1.0507480211982727,512,512,432,360,585474,378892,560876,397530,0,6,51,697313,1.1741155878209544,1024
300002,demand,2,0.34999999999999998,1,23,6,RECOMMENDATION,0.52358758564990104,0.87579543397948401,512,512,392,368,565905,414045,366403,388507,0,5,51,628158,0.92551754568538791,1024
300002,demand,2,0.34999999999999998,1,26,3,RECOMMENDATION,0.20664333042955058,0.24755863822880878,512,448,352,296,376739,318491,373915,283168,0,6,43,598533,0.30224607289756067,1024
300002,demand,2,0.34999999999999998,1,29,0,RECOMMENDATION,0.093997716281433275,0.15184557683289976,512,320,152,144,397920,231089,136366,196737,0,7,25,614868,0.1506586559220604,1024
300002,demand,2,0.34999999999999998,1,32,6,RECOMMENDATION,0.15793830118998992,0.27123460587117837,512,448,232,232,367515,384390,236618,224819,0,6,35,627588,0.41582487824263425,1024
300002,demand,2,0.34999999999999998,1,35,6,RECOMMENDATION,0.24918556371204056,0.52564434224976275,512,448,320,240,364530,326463,325622,222856,0,6,36,635610,0.4690534790276869,1024
300002,demand,2,0.34999999999999998,1,38,0,RECOMMENDATION,0.13555376488375898,0.32972548900341636,512,384,224,104,366533,268736,206562,105780,0,7,20,590210,0.30922597939410806,1024
300002,demand,2,0.34999999999999998,1,41,6,RECOMMENDATION,0.31908612373623724,0.6131815210624908,512,512,272,256,409688,363068,249757,261235,0,5,37,708870,0.62575076649184092,1024
300002,demand,2,0.34999999999999998,1,44,6,RECOMMENDATION,0.37513679849183018,0.70702650017907909,512,512,208,136,433544,396679,184549,130457,0,7,24,645915,0.69707563920420257,1024
300002,demand,2,0.34999999999999998,1,47,6,RECOMMENDATION,0.31548406890248903,0.62463769278900172,512,512,320,312,358471,365812,301555,309607,0,5,44,590211,0.72443396868690502,1024
300002,demand,2,0.34999999999999998,1,50,6,RECOMMENDATION,0.36845669118017588,0.69662119378677656,512,512,328,240,375096,360934,388085,283088,0,6,36,629810,0.74965357343950934,1024
300002,demand,2,0.34999999999999998,1,53,4,RECOMMENDATION,0.31143179515291153,0.6588322258428948,512,512,264,176,387094,379032,231490,182475,0,6,28,732095,0.60667621335585609,1024
300002,demand,2,0.34999999999999998,1,56,0,RECOMMENDATION,0.35660730545838787,0.76571662796276663,512,512,352,144,388686,362277,340023,137276,0,7,25,632114,0.69639276936797923,1024
300002,demand,2,1,0,2,4,RECOMMENDATION,0.49741894472221038,0.49741894472221038,512,512,304,176,382678,581738,303468,179120,0,6,28,577311,,0
300002,demand,2,1,0,5,0,RECOMMENDATION,0.26951631295958195,0.26951631295958195,512,448,216,112,420365,323298,184198,133041,0,7,21,626866,,0
300002,demand,2,1,0,8,0,RECOMMENDATION,0.31821164905327631,0.31821164905327631,512,512,184,120,375697,355446,154333,106220,0,7,22,603161,,0
300002,demand,2,1,0,11,0,RECOMMENDATION,0.090991870846541478,0.090991870846541478,512,320,152,96,388727,235896,129115,89596,0,7,19,621097,,0
300002,demand,2,1,0,14,4,RECOMMENDATION,0.10116378168129839,0.10116378168129839,512,320,184,152,390059,346353,146070,132941,0,6,25,584112,,0
300002,demand,2,1,0,17,6,RECOMMENDATION,0.97462640508867115,0.97462640508867115,512,512,312,232,378722,357149,282897,229487,0,5,34,617152,,0
300002,demand,2,1,0,20,1,RECOMMENDATION,1.0484968811391195,1.0484968811391195,512,512,360,136,404961,364520,354996,137427,0,7,24,599085,,0
300002,demand,2,1,0,23,3,RECOMMENDATION,0.79657341166054019,0.79657341166054019,512,512,304,232,370839,382007,297098,233672,0,5,34,611292,,0
300002,demand,2,1,0,26,6,RECOMMENDATION,0.41053413570652297,0.41053413570652297,512,512,232,248,376969,550982,208545,235486,0,5,36,592684,,0
300002,demand,2,1,0,29,4,RECOMMENDATION,0.46474241103674097,0.46474241103674097,512,512,264,120,365562,376118,229216,116876,0,7,22,662851,,0
300002,demand,2,1,0,32,0,RECOMMENDATION,0.36430725268371761,0.36430725268371761,512,512,224,120,366714,388807,240443,111479,0,7,22,626986,,0
300002,demand,2,1,0,35,6,RECOMMENDATION,0.76346523644020881,0.76346523644020881,512,512,392,176,372833,382507,356618,164288,0,6,28,589990,,0
300002,demand,2,1,0,38,0,RECOMMENDATION,0.41874544515378337,0.41874544515378337,512,512,328,120,385792,358261,281875,119581,0,7,22,591142,,0
300002,demand,2,1,0,41,6,RECOMMENDATION,0.66637422437804228,0.66637422437804228,512,512,248,232,380444,381836,226031,234974,0,5,34,637733,,0
300002,demand,2,1,0,44,6,RECOMMENDATION,0.76135624078446817,0.76135624078446817,512,512,192,120,381736,360774,169156,114592,0,7,22,639936,,0
300002,demand,2,1,0,47,6,RECOMMENDATION,0.63811421675170055,0.63811421675170055,512,512,256,176,401566,427466,227243,170478,0,6,28,607347,,0
300002,demand,2,1,0,50,6,RECOMMENDATION,0.70893842353988601,0.70893842353988601,512,512,328,232,401025,361626,314044,225250,0,5,34,581227,,0
300002,demand,2,1,0,53,4,RECOMMENDATION,0.65495467718752309,0.65495467718752309,512,512,240,176,369468,473134,225931,192771,0,6,28,591302,,0
300002,demand,2,1,0,56,4,RECOMMENDATION,0.75135510819708384,0.75135510819708384,512,512,392,120,366974,358341,376398,114243,0,7,22,590962,,0
300002,demand,2,1,1,2,4,RECOMMENDATION,0.49741894472221038,0.49741894472221038,512,512,304,176,383529,359082,259442,161284,0,6,28,609640,,0
300002,demand,2,1,1,5,0,RECOMMENDATION,0.26951631295958195,0.26951631295958195,512,448,216,112,412923,317460,230408,183337,0,7,21,963174,,0
300002,demand,2,1,1,8,0,RECOMMENDATION,0.31821164905327631,0.31821164905327631,512,512,184,120,365682,408637,155985,126230,0,7,22,662240,,0
300002,demand,2,1,1,11,0,RECOMMENDATION,0.090991870846541478,0.090991870846541478,512,320,152,96,357930,228876,127803,90877,0,7,19,701299,,0
300002,demand,2,1,1,14,4,RECOMMENDATION,0.10116378168129839,0.10116378168129839,512,320,184,152,366153,237379,146221,134093,0,6,25,635359,,0
300002,demand,2,1,1,17,6,RECOMMENDATION,0.97462640508867115,0.97462640508867115,512,512,296,176,567317,391942,292191,273163,5,1,28,675890,,0
300002,demand,2,1,1,20,1,RECOMMENDATION,1.0484968811391195,1.0484968811391195,512,512,360,136,467655,416378,336027,155475,0,7,24,700087,,0
300002,demand,2,1,1,23,3,RECOMMENDATION,0.79657341166054019,0.79657341166054019,512,512,336,288,397139,459082,412012,305892,0,4,40,591994,,0
300002,demand,2,1,1,26,6,RECOMMENDATION,0.41053413570652297,0.41053413570652297,512,512,232,248,393494,368496,337500,239371,0,5,36,598794,,0
300002,demand,2,1,1,29,4,RECOMMENDATION,0.46474241103674097,0.46474241103674097,512,512,264,120,371170,388787,231629,129686,0,7,22,740708,,0
300002,demand,2,1,1,32,0,RECOMMENDATION,0.36430725268371761,0.36430725268371761,512,512,224,120,384991,455187,196286,168944,0,7,22,629981,,0
300002,demand,2,1,1,35,6,RECOMMENDATION,0.76346523644020881,0.76346523644020881,512,512,392,176,425633,368466,374014,164890,0,6,28,734288,,0
300002,demand,2,1,1,38,0,RECOMMENDATION,0.41874544515378337,0.41874544515378337,512,512,328,120,417059,421376,286312,181333,0,7,22,626696,,0
300002,demand,2,1,1,41,6,RECOMMENDATION,0.66637422437804228,0.66637422437804228,512,512,248,232,383509,363599,287284,237398,0,5,34,673327,,0
300002,demand,2,1,1,44,6,RECOMMENDATION,0.76135624078446817,0.76135624078446817,512,512,192,120,409298,376638,168644,115114,0,7,22,654357,,0
300002,demand,2,1,1,47,6,RECOMMENDATION,0.63811421675170055,0.63811421675170055,512,512,256,176,403569,366604,262847,170308,0,6,28,612254,,0
300002,demand,2,1,1,50,6,RECOMMENDATION,0.70893842353988601,0.70893842353988601,512,512,328,232,425102,391381,298621,480425,0,5,34,667117,,0
300002,demand,2,1,1,53,4,RECOMMENDATION,0.65495467718752309,0.65495467718752309,512,512,240,176,434075,443810,215165,187292,0,6,28,898326,,0
300002,demand,2,1,1,56,4,RECOMMENDATION,0.75135510819708384,0.75135510819708384,512,512,392,120,725135,480706,432232,115804,0,7,22,669361,,0
300002,demand,5,0,0,5,0,RECOMMENDATION,0.0216134595153822,0.30027515875990451,512,64,64,64,407816,45989,57236,68203,0,7,15,630662,,0
300002,demand,5,0,0,11,0,RECOMMENDATION,0.013874644725529302,0.19679420091275446,512,64,64,64,363088,48313,57006,66431,0,7,15,757193,,0
300002,demand,5,0,0,17,6,RECOMMENDATION,0.34092422188794941,0.9908744683641012,512,512,368,360,377720,359703,393974,353965,0,3,48,688408,,0
300002,demand,5,0,0,23,6,RECOMMENDATION,0.33550163267344774,0.87117537298115177,512,512,392,368,603731,419132,367384,376759,0,4,50,597592,,0
300002,demand,5,0,0,29,6,RECOMMENDATION,0.095586261066042164,0.34112056511503192,512,320,304,304,387735,248585,279511,297289,0,5,43,604713,,0
300002,demand,5,0,0,35,6,RECOMMENDATION,0.16616789722190861,0.73010345961333611,512,448,336,232,406804,328105,340404,1386403,0,6,35,753748,,0
300002,demand,5,0,0,41,6,RECOMMENDATION,0.17451099813560325,0.65632307971123127,512,448,304,272,369027,317639,314295,306122,0,5,39,653927,,0
300002,demand,5,0,0,47,6,RECOMMENDATION,0.17473617830962229,0.70085245904055404,512,448,152,144,394305,322757,132019,182706,0,7,25,602499,,0
300002,demand,5,0,0,53,4,RECOMMENDATION,0.24759930395613422,0.85587616727499694,512,448,336,264,372351,319752,320043,292121,0,6,39,701469,,0
300002,demand,5,0,1,5,0,RECOMMENDATION,0.0216134595153822,0.30027515875990451,512,64,64,64,384380,45459,58348,86460,0,7,15,634447,,0
300002,demand,5,0,1,11,0,RECOMMENDATION,0.013874644725529302,0.19679420091275446,512,64,64,64,406814,46430,56465,64977,0,7,15,602560,,0
300002,demand,5,0,1,17,6,RECOMMENDATION,0.34092422188794941,0.9908744683641012,512,512,304,176,366162,375117,274514,176016,6,0,28,613987,,0
300002,demand,5,0,1,23,6,RECOMMENDATION,0.33550163267344774,0.87117537298115177,512,512,392,368,708078,384040,401656,471392,0,4,50,628298,,0
300002,demand,5,0,1,29,6,RECOMMENDATION,0.095586261066042164,0.34112056511503192,512,320,304,304,374405,244098,298882,302336,0,5,43,747679,,0
300002,demand,5,0,1,35,6,RECOMMENDATION,0.16616789722190861,0.73010345961333611,512,448,336,232,381897,327114,316498,221324,0,6,35,601518,,0
300002,demand,5,0,1,41,6,RECOMMENDATION,0.17451099813560325,0.65632307971123127,512,448,304,272,369188,331811,280884,275876,0,5,39,642780,,0
300002,demand,5,0,1,47,6,RECOMMENDATION,0.17473617830962229,0.70085245904055404,512,448,152,144,361215,364440,132920,137517,0,7,25,624092,,0
300002,demand,5,0,1,53,4,RECOMMENDATION,0.24759930395613422,0.85587616727499694,512,448,336,264,384700,320353,318301,261634,0,6,39,597011,,0
300002,demand,5,0.34999999999999998,0,5,0,RECOMMENDATION,0.11914505425096501,0.30027515875990451,512,320,168,96,377881,389708,145459,91938,0,7,19,580026,,0
300002,demand,5,0.34999999999999998,0,11,4,RECOMMENDATION,0.067477052293034578,0.12519315330332959,512,320,168,152,359182,236477,274575,190658,0,6,25,672294,,0
300002,demand,5,0.34999999999999998,0,17,6,RECOMMENDATION,0.55889375852675927,0.96858920986129815,512,512,344,336,359853,408938,318410,327825,0,4,46,608619,,0
300002,demand,5,0.34999999999999998,0,23,6,RECOMMENDATION,0.52358758564990104,0.87579543397948401,512,512,400,376,376929,383899,404811,368035,0,4,51,600016,,0
300002,demand,5,0.34999999999999998,0,29,6,RECOMMENDATION,0.18414674382034518,0.34521752172917636,512,448,320,320,455057,326613,337910,316277,0,5,45,837574,,0
300002,demand,5,0.34999999999999998,0,35,6,RECOMMENDATION,0.36472484181070558,0.73171159341856684,512,512,376,208,378221,375757,351711,200693,0,6,32,679966,,0
300002,demand,5,0.34999999999999998,0,41,6,RECOMMENDATION,0.34372119792353972,0.65750222844623818,512,512,272,248,385051,379583,286202,254003,0,5,36,690803,,0
300002,demand,5,0.34999999999999998,0,47,6,RECOMMENDATION,0.35942342095412116,0.70185662998512344,512,512,136,120,384370,368026,119730,151959,0,7,22,680257,,0
300002,demand,5,0.34999999999999998,0,53,4,RECOMMENDATION,0.4606248543255772,0.8564713507903462,512,512,320,232,444421,435207,292371,230979,0,6,35,651203,,0
300002,demand,5,0.34999999999999998,1,5,0,RECOMMENDATION,0.11914505425096501,0.30027515875990451,512,320,168,96,366894,241574,144978,96364,0,7,19,689752,,0
300002,demand,5,0.34999999999999998,1,11,4,RECOMMENDATION,0.067477052293034578,0.12519315330332959,512,320,168,152,357359,260824,139911,137407,0,6,25,595088,,0
300002,demand,5,0.34999999999999998,1,17,6,RECOMMENDATION,0.55889375852675927,0.96858920986129815,512,512,312,232,360885,424381,284680,232061,5,0,34,615409,,0
300002,demand,5,0.34999999999999998,1,23,6,RECOMMENDATION,0.52358758564990104,0.87579543397948401,512,512,400,376,376478,384220,401526,376449,0,4,51,626625,,0
300002,demand,5,0.34999999999999998,1,29,6,RECOMMENDATION,0.18414674382034518,0.34521752172917636,512,448,320,320,403569,321084,292982,315487,0,5,45,620186,,0
300002,demand,5,0.34999999999999998,1,35,6,RECOMMENDATION,0.36472484181070558,0.73171159341856684,512,512,376,208,431712,372512,419583,194544,0,6,32,625083,,0
300002,demand,5,0.34999999999999998,1,41,6,RECOMMENDATION,0.34372119792353972,0.65750222844623818,512,512,272,248,433324,369939,319672,289086,0,5,36,584522,,0
300002,demand,5,0.34999999999999998,1,47,6,RECOMMENDATION,0.35942342095412116,0.70185662998512344,512,512,136,120,360314,398362,119641,155685,1,6,22,623110,,0
300002,demand,5,0.34999999999999998,1,53,4,RECOMMENDATION,0.4606248543255772,0.8564713507903462,512,512,320,232,384801,363108,290869,231740,0,6,35,612415,,0
300002,demand,5,1,0,5,4,RECOMMENDATION,0.29783611621981709,0.29783611621981709,512,512,272,176,394435,558633,232751,163767,0,6,28,637812,,0
300002,demand,5,1,0,11,0,RECOMMENDATION,0.090991870846541353,0.090991870846541353,512,320,152,96,362167,254073,127212,90718,0,7,19,671283,,0
300002,demand,5,1,0,17,6,RECOMMENDATION,0.9685892098612976,0.9685892098612976,512,512,296,176,365261,358511,300093,221914,0,6,28,632785,,0
300002,demand,5,1,0,23,7,RECOMMENDATION,0.80825384514504317,0.80825384514504317,512,512,384,288,398572,418262,369298,290638,0,4,40,675760,,0
300002,demand,5,1,0,29,6,RECOMMENDATION,0.20696009907932139,0.20696009907932139,512,448,240,240,367344,342157,217539,234764,0,5,35,797103,,0
300002,demand,5,1,0,35,6,RECOMMENDATION,0.56810791358880031,0.56810791358880031,512,512,368,232,362677,528327,404461,220693,0,5,34,632374,,0
300002,demand,5,1,0,41,6,RECOMMENDATION,0.63147455004963471,0.63147455004963471,512,512,216,176,396749,394967,194634,181915,0,6,28,697953,,0
300002,demand,5,1,0,47,6,RECOMMENDATION,0.69644720371918278,0.69644720371918278,512,512,120,120,493605,456469,107382,177498,0,7,22,959238,,0
300002,demand,5,1,0,53,4,RECOMMENDATION,0.82031393928968166,0.82031393928968166,512,512,304,120,382077,636320,351771,124758,0,7,22,630572,,0
300002,demand,5,1,1,5,4,RECOMMENDATION,0.29783611621981709,0.29783611621981709,512,512,272,176,394054,361015,235596,169316,0,6,28,736231,,0
300002,demand,5,1,1,11,0,RECOMMENDATION,0.090991870846541353,0.090991870846541353,512,320,152,96,360233,229015,126611,136396,0,7,19,663892,,0
300002,demand,5,1,1,17,6,RECOMMENDATION,0.9685892098612976,0.9685892098612976,512,512,296,176,364450,388095,350409,177037,5,1,28,664994,,0
300002,demand,5,1,1,23,7,RECOMMENDATION,0.80825384514504317,0.80825384514504317,512,512,384,288,375337,384210,368256,353835,0,4,40,652875,,0
300002,demand,5,1,1,29,6,RECOMMENDATION,0.20696009907932139,0.20696009907932139,512,448,240,240,383449,317529,218770,236257,0,5,35,692955,,0
300002,demand,5,1,1,35,6,RECOMMENDATION,0.56810791358880031,0.56810791358880031,512,512,368,232,363739,445192,376508,231019,0,5,34,650842,,0
300002,demand,5,1,1,41,6,RECOMMENDATION,0.63147455004963471,0.63147455004963471,512,512,216,176,419773,365222,195835,182095,0,6,28,738584,,0
300002,demand,5,1,1,47,6,RECOMMENDATION,0.69644720371918278,0.69644720371918278,512,512,120,120,366954,488327,105609,118670,1,6,22,590291,,0
300002,demand,5,1,1,53,4,RECOMMENDATION,0.82031393928968166,0.82031393928968166,512,512,304,120,396378,363319,277439,125870,0,7,22,813138,,0
300002,combined,0,0,0,0,0,RECOMMENDATION,0.01470176637655842,0.19319048177959844,512,64,64,64,405733,44517,55964,63245,0,7,15,677873,,0
300002,combined,0,0,0,1,0,RECOMMENDATION,0.0012283813444391655,0.0078892677854085942,512,64,64,64,376268,45318,52670,62375,0,7,15,582178,,0
300002,combined,0,0,0,2,0,RECOMMENDATION,0.013311464514953549,0.16989280531100737,512,64,64,64,377119,45879,54673,63797,0,7,15,588257,,0
300002,combined,0,0,0,3,0,RECOMMENDATION,0.00094017461980195477,0.013995389542148589,512,64,64,64,358331,46210,52149,60191,0,7,15,717253,,0
300002,combined,0,0,0,4,0,RECOMMENDATION,0.0049799155263175413,0.059372001517793094,512,64,64,64,364561,46250,66691,71207,0,7,15,662500,,0
300002,combined,0,0,0,5,0,RECOMMENDATION,0.017950496105493936,0.27001400337070619,512,64,64,64,374114,46440,55403,71958,0,7,15,719126,,0
300002,combined,0,0,0,6,0,RECOMMENDATION,0.0052610934675943032,0.089806245122313708,512,64,64,64,447415,45539,55624,65649,0,7,15,599815,,0
300002,combined,0,0,0,7,0,RECOMMENDATION,0.006355328334559672,0.10519231233890772,512,64,64,64,361526,62725,59039,69475,0,7,15,615620,,0
300002,combined,0,0,0,8,0,RECOMMENDATION,0.00082405706552292021,0.0081141127602391474,512,64,64,64,356989,44508,53300,61132,0,7,15,609821,,0
300002,combined,0,0,0,9,0,RECOMMENDATION,0.00081571742962886534,0.0067587264568076634,512,64,64,64,355847,44557,50897,63415,0,7,15,590472,,0
300002,combined,0,0,0,10,0,RECOMMENDATION,0.025620597149673598,0.22802647370284299,512,64,64,64,368346,71037,57086,83326,0,7,15,670011,,0
300002,combined,0,0,0,11,0,RECOMMENDATION,0.0052073628948432005,0.055342164799189582,512,64,64,64,541858,46320,56184,80542,0,7,15,621728,,0
300002,combined,0,0,0,12,0,RECOMMENDATION,0.029928840226465522,0.24542544679274669,512,64,64,64,361906,45619,58688,65450,0,7,15,696181,,0
300002,combined,0,0,0,13,0,RECOMMENDATION,0.022708408466412238,0.17495562081358881,512,64,64,64,668239,48333,58078,71037,0,7,15,675109,,0
300002,combined,0,0,0,14,0,RECOMMENDATION,0.0017995141954523703,0.015705595740017581,512,64,64,64,460555,45088,56816,64207,0,7,15,590261,,0
300002,combined,0,0,0,15,0,RECOMMENDATION,0.0022390137953054823,0.02733953930438647,512,64,64,64,359573,46229,53010,62674,0,7,15,659706,,0
300002,combined,0,0,0,16,0,RECOMMENDATION,0.0029024286469640898,0.037151824957499809,512,64,64,64,358992,91098,55123,61864,0,7,15,710382,,0
300002,combined,0,0,0,17,0,RECOMMENDATION,0.0014171239134289399,0.010890577702740958,512,64,64,64,377369,45088,53571,64237,0,7,15,599555,,0
300002,combined,0,0,0,18,0,RECOMMENDATION,0.0011057112308699513,0.012291081597877458,512,64,64,64,467165,587677,54732,133060,0,7,15,622400,,0
300002,combined,0,0,0,19,6,RECOMMENDATION,0.34339674431802619,0.49299195717451832,512,512,392,360,413954,436760,460936,342528,0,5,50,586625,,0
300002,combined,0,0,0,20,3,RECOMMENDATION,0.57963862600877347,1.0332627503002068,512,512,472,456,374616,370449,455408,525833,0,4,61,721579,,0
300002,combined,0,0,0,21,6,RECOMMENDATION,0.57702042388851826,0.78062610060243731,512,512,440,424,427476,380975,450851,452443,0,5,58,849031,,0
300002,combined,0,0,0,22,3,RECOMMENDATION,0.65945480669372225,0.96641568333625449,512,512,496,488,383488,371811,496269,483520,0,2,63,603130,,0
300002,combined,0,0,0,23,3,RECOMMENDATION,0.5554131562206831,0.89018412760245968,512,512,480,488,441446,386704,518622,497290,0,2,63,591223,,0
300002,combined,0,0,0,24,3,RECOMMENDATION,0.67266015438548432,0.99402812604194268,512,512,496,480,406914,373674,547196,464792,0,3,63,582920,,0
300002,combined,0,0,0,25,3,RECOMMENDATION,0.55231637992213334,1.0160897583978343,512,512,480,480,394586,372573,479434,490330,0,3,63,646326,,0
300002,combined,0,0,0,26,0,RECOMMENDATION,0.052168710110446187,0.085045224488805332,512,320,144,144,398411,324850,134833,143336,0,7,25,635389,,0
300002,combined,0,0,0,27,0,RECOMMENDATION,0.096795804984458889,0.1793893337471929,512,320,232,208,380925,241194,217148,242276,0,7,33,689460,,0
300002,combined,0,0,0,28,6,RECOMMENDATION,0.084763054032033699,0.34612742677898922,512,320,264,264,405682,234253,344059,266333,0,6,39,615178,,0
300002,combined,0,0,0,29,0,RECOMMENDATION,0.080771524236389516,0.37545799876106162,512,320,224,120,369678,231870,204188,132319,0,7,22,588068,,0
300002,combined,0,0,0,30,6,RECOMMENDATION,0.081194960165197741,0.31946151705932224,512,320,280,240,1066239,235967,287584,236638,0,5,35,696671,,0
300002,combined,0,0,0,31,0,RECOMMENDATION,0.022208952450920985,0.23119429650280213,512,64,64,64,411371,47551,58008,68003,0,7,15,823913,,0
300002,combined,0,0,0,32,4,RECOMMENDATION,0.11725250086775169,0.50221801496955421,512,320,264,184,386243,226542,240974,213081,0,6,29,735279,,0
300002,combined,0,0,0,33,0,RECOMMENDATION,0.049317448033106837,0.4942328456011636,512,192,136,80,419914,173152,117788,81153,0,7,17,725164,,0
300002,combined,0,0,0,34,0,RECOMMENDATION,0.038149965082578702,0.34697597401898261,512,192,96,80,413955,136226,89265,85430,0,7,17,672645,,0
300002,combined,0,0,0,35,0,RECOMMENDATION,0.029904241887474977,0.31296685823949261,512,64,64,64,368426,48153,59380,69835,0,7,15,655820,,0
300002,combined,0,0,0,36,0,RECOMMENDATION,0.087389390100740566,0.53901625271417364,512,320,232,112,404801,227733,206842,105900,0,7,21,741189,,0
300002,combined,0,0,0,37,0,RECOMMENDATION,0.09641703515080241,0.55887778137332522,512,320,224,136,367434,227793,398481,128864,0,7,24,636971,,0
300002,combined,0,0,0,38,6,RECOMMENDATION,0.12644430915208763,0.53286482452515227,512,384,288,208,512643,365332,299542,193683,0,6,32,582980,,0
300002,combined,0,0,0,39,0,RECOMMENDATION,0.01924331782707767,0.26528208063583564,512,64,64,64,360254,93891,55945,66340,0,7,15,630482,,0
300002,combined,0,0,0,40,0,RECOMMENDATION,0.041794530243962291,0.30129910017814321,512,192,120,80,364961,137608,131849,82824,0,7,17,649090,,0
300002,combined,0,0,0,41,0,RECOMMENDATION,0.038782918991578277,0.26291175553943802,512,192,128,80,407435,138719,113361,90917,0,7,17,734729,,0
300002,combined,0,0,0,42,4,RECOMMENDATION,0.13805962791657225,0.6093243074761503,512,384,240,192,373534,273372,219030,216637,0,6,30,619124,,0
300002,combined,0,0,0,43,4,RECOMMENDATION,0.098572259992710437,0.54688460487043611,512,320,216,152,362497,270268,266442,151248,0,6,25,594448,,0
300002,combined,0,0,0,44,0,RECOMMENDATION,0.04075347231688068,0.25418857355271413,512,192,120,88,393734,138459,108053,86891,0,7,18,621869,,0
300002,combined,0,0,0,45,0,RECOMMENDATION,0.020705583293300148,0.34721357595463392,512,64,64,64,402197,45659,55254,65368,0,7,15,582290,,0
300002,combined,0,0,0,46,0,RECOMMENDATION,0.032051641881782673,0.42113300155837236,512,192,88,80,367995,138619,77587,159690,0,7,17,737484,,0
300002,combined,0,0,0,47,6,RECOMMENDATION,0.10886233285465298,0.45279038159916341,512,320,264,224,365822,333543,254104,217489,0,5,33,612053,,0
300002,combined,0,0,0,48,0,RECOMMENDATION,0.033307094426236306,0.26257570897950794,512,192,80,80,369528,137408,75113,82294,0,7,17,622500,,0
300002,combined,0,0,0,49,0,RECOMMENDATION,0.037684531733069501,0.33954876317312699,512,192,120,80,392683,136556,103215,80952,0,7,17,905537,,0
300002,combined,0,0,0,50,0,RECOMMENDATION,0.03509951274464046,0.52662385993007599,512,192,80,80,429849,137728,69294,78007,0,7,17,601318,,0
300002,combined,0,0,0,51,0,RECOMMENDATION,0.096653514023720452,0.60790386349715408,512,320,224,128,363148,232501,212491,118989,0,7,23,623010,,0
300002,combined,0,0,0,52,0,RECOMMENDATION,0.081429829792486738,0.50457040818875165,512,320,200,112,365932,225310,177638,111698,0,7,21,594508,,0
300002,combined,0,0,0,53,4,RECOMMENDATION,0.11176464786026333,0.53382420612508741,512,320,240,184,388095,229026,216517,256527,0,6,29,810395,,0
300002,combined,0,0,0,54,4,RECOMMENDATION,0.058845631639694362,0.28493423013276004,512,320,160,152,430370,253192,140322,150047,0,6,25,615349,,0
300002,combined,0,0,0,55,0,RECOMMENDATION,0.0084760255572554205,0.1013071282938626,512,64,64,64,362117,47051,55954,66952,0,7,15,637182,,0
300002,combined,0,0,0,56,0,RECOMMENDATION,0.03378042029202364,0.41482586974525204,512,192,80,80,506915,137958,131708,84037,0,7,17,694548,,0
300002,combined,0,0,0,57,0,RECOMMENDATION,0.03735493270673601,0.38921776520021745,512,192,120,80,487767,138990,110367,89937,0,7,17,599004,,0
300002,combined,0,0,0,58,0,RECOMMENDATION,0.0064038086091290731,0.07296679572126237,512,64,64,64,365652,45268,56075,66661,0,7,15,703822,,0
300002,combined,0,0,1,0,0,RECOMMENDATION,0.01470176637655842,0.19319048177959844,512,64,64,64,377360,45349,54883,61604,0,7,15,626255,,0
300002,combined,0,0,1,1,0,RECOMMENDATION,0.0012283813444391655,0.0078892677854085942,512,64,64,64,372172,45199,52389,63025,0,7,15,575829,,0
300002,combined,0,0,1,2,0,RECOMMENDATION,0.013311464514953549,0.16989280531100737,512,64,64,64,363058,44837,54683,91588,0,7,15,754089,,0
300002,combined,0,0,1,3,0,RECOMMENDATION,0.00094017461980195477,0.013995389542148589,512,64,64,64,356709,45799,51588,59089,0,7,15,616881,,0
300002,combined,0,0,1,4,0,RECOMMENDATION,0.0049799155263175413,0.059372001517793094,512,64,64,64,361015,45118,59359,67442,0,7,15,686116,,0
300002,combined,0,0,1,5,0,RECOMMENDATION,0.017950496105493936,0.27001400337070619,512,64,64,64,386464,45168,55404,69124,0,7,15,665565,,0
300002,combined,0,0,1,6,0,RECOMMENDATION,0.0052610934675943032,0.089806245122313708,512,64,64,64,372502,66741,53671,62515,0,7,15,579775,,0
300002,combined,0,0,1,7,0,RECOMMENDATION,0.006355328334559672,0.10519231233890772,512,64,64,64,359333,45959,71959,65759,0,7,15,575158,,0
300002,combined,0,0,1,8,0,RECOMMENDATION,0.00082405706552292021,0.0081141127602391474,512,64,64,64,356989,44557,53411,61964,0,7,15,597632,,0
300002,combined,0,0,1,9,0,RECOMMENDATION,0.00081571742962886534,0.0067587264568076634,512,64,64,64,359623,47472,53541,69475,0,7,15,843123,,0
300002,combined,0,0,1,10,0,RECOMMENDATION,0.025620597149673598,0.22802647370284299,512,64,64,64,389298,47371,59530,69936,0,7,15,657312,,0
300002,combined,0,0,1,11,0,RECOMMENDATION,0.0052073628948432005,0.055342164799189582,512,64,64,64,361856,46650,99890,65319,0,7,15,640116,,0
300002,combined,0,0,1,12,0,RECOMMENDATION,0.029928840226465522,0.24542544679274669,512,64,64,64,414817,45238,56636,69384,0,7,15,609199,,0
300002,combined,0,0,1,13,0,RECOMMENDATION,0.022708408466412238,0.17495562081358881,512,64,64,64,370049,45689,57516,74483,0,7,15,642390,,0
300002,combined,0,0,1,14,0,RECOMMENDATION,0.0017995141954523703,0.015705595740017581,512,64,64,64,358952,44978,55965,76175,0,7,15,596541,,0
300002,combined,0,0,1,15,0,RECOMMENDATION,0.0022390137953054823,0.02733953930438647,512,64,64,64,371090,45669,52880,62956,0,7,15,576350,,0
300002,combined,0,0,1,16,0,RECOMMENDATION,0.0029024286469640898,0.037151824957499809,512,64,64,64,392182,45118,54192,62075,0,7,15,576600,,0
300002,combined,0,0,1,17,0,RECOMMENDATION,0.0014171239134289399,0.010890577702740958,512,64,64,64,375697,45268,53461,65329,0,7,15,621598,,0
300002,combined,0,0,1,18,0,RECOMMENDATION,0.0011057112308699513,0.012291081597877458,512,64,64,64,357710,45199,52289,62955,0,7,15,627037,,0
300002,combined,0,0,1,19,6,RECOMMENDATION,0.34339674431802619,0.49299195717451832,512,512,392,360,374345,376318,375677,357059,0,5,50,651823,,0
300002,combined,0,0,1,20,3,RECOMMENDATION,0.57963862600877347,1.0332627503002068,512,512,472,376,381987,374996,452343,379524,2,2,51,606996,,0
300002,combined,0,0,1,21,6,RECOMMENDATION,0.57702042388851826,0.78062610060243731,512,512,440,352,420866,374565,433083,345651,2,3,49,583100,,0
300002,combined,0,0,1,22,3,RECOMMENDATION,0.65945480669372225,0.96641568333625449,512,512,488,384,397490,373194,473655,386393,2,1,51,578272,,0
300002,combined,0,0,1,23,3,RECOMMENDATION,0.5554131562206831,0.89018412760245968,512,512,480,488,378612,426223,465413,568248,0,2,63,1532764,,0
300002,combined,0,0,1,24,3,RECOMMENDATION,0.67266015438548432,0.99402812604194268,512,512,448,384,377209,439984,429899,434956,2,1,51,613566,,0
300002,combined,0,0,1,25,3,RECOMMENDATION,0.55231637992213334,1.0160897583978343,512,512,368,272,420084,411211,371691,278000,4,1,39,610761,,0
300002,combined,0,0,1,26,0,RECOMMENDATION,0.052168710110446187,0.085045224488805332,512,320,144,144,427275,233903,133542,142736,0,7,25,605534,,0
300002,combined,0,0,1,27,0,RECOMMENDATION,0.096795804984458889,0.1793893337471929,512,320,232,208,375347,239242,217859,236397,0,7,33,628509,,0
300002,combined,0,0,1,28,6,RECOMMENDATION,0.084763054032033699,0.34612742677898922,512,320,264,264,378742,293423,250849,265611,0,6,39,599776,,0
300002,combined,0,0,1,29,0,RECOMMENDATION,0.080771524236389516,0.37545799876106162,512,320,224,120,371471,333253,235355,162135,0,7,22,648119,,0
300002,combined,0,0,1,30,6,RECOMMENDATION,0.081194960165197741,0.31946151705932224,512,320,280,240,521437,231139,259282,281885,0,5,35,581708,,0
300002,combined,0,0,1,31,0,RECOMMENDATION,0.022208952450920985,0.23119429650280213,512,64,64,64,403770,47943,57607,68433,0,7,15,634488,,0
300002,combined,0,0,1,32,4,RECOMMENDATION,0.11725250086775169,0.50221801496955421,512,320,264,184,363609,225781,270428,171879,0,6,29,724293,,0
300002,combined,0,0,1,33,0,RECOMMENDATION,0.049317448033106837,0.4942328456011636,512,192,136,80,376468,153872,121854,81843,0,7,17,656491,,0
300002,combined,0,0,1,34,0,RECOMMENDATION,0.038149965082578702,0.34697597401898261,512,192,96,80,550361,160442,87081,156376,0,7,17,630341,,0
300002,combined,0,0,1,35,0,RECOMMENDATION,0.029904241887474977,0.31296685823949261,512,64,64,64,379723,47412,56996,68995,0,7,15,589310,,0
300002,combined,0,0,1,36,0,RECOMMENDATION,0.087389390100740566,0.53901625271417364,512,320,232,112,367234,303428,207894,106641,0,7,21,870915,,0
300002,combined,0,0,1,37,0,RECOMMENDATION,0.09641703515080241,0.55887778137332522,512,320,224,136,537772,229046,222386,153321,0,7,24,631995,,0
300002,combined,0,0,1,38,6,RECOMMENDATION,0.12644430915208763,0.53286482452515227,512,384,288,208,632214,274344,260033,224168,0,6,32,689030,,0
300002,combined,0,0,1,39,0,RECOMMENDATION,0.01924331782707767,0.26528208063583564,512,64,64,64,495889,48002,84057,66501,0,7,15,673196,,0
300002,combined,0,0,1,40,0,RECOMMENDATION,0.041794530243962291,0.30129910017814321,512,192,120,80,365081,159761,168204,84177,0,7,17,666967,,0
300002,combined,0,0,1,41,0,RECOMMENDATION,0.038782918991578277,0.26291175553943802,512,192,128,80,381976,137307,112780,87683,0,7,17,613095,,0
300002,combined,0,0,1,42,4,RECOMMENDATION,0.13805962791657225,0.6093243074761503,512,384,240,192,374886,275686,221514,317410,0,6,30,600185,,0
300002,combined,0,0,1,43,4,RECOMMENDATION,0.098572259992710437,0.54688460487043611,512,320,216,152,363859,289236,281825,151900,0,6,25,584482,,0
300002,combined,0,0,1,44,0,RECOMMENDATION,0.04075347231688068,0.25418857355271413,512,192,120,88,391601,135524,111749,89805,0,7,18,835111,,0
300002,combined,0,0,1,45,0,RECOMMENDATION,0.020705583293300148,0.34721357595463392,512,64,64,64,416639,46550,56335,66510,0,7,15,647667,,0
300002,combined,0,0,1,46,0,RECOMMENDATION,0.032051641881782673,0.42113300155837236,512,192,88,80,366183,135715,97267,84738,0,7,17,640086,,0
300002,combined,0,0,1,47,6,RECOMMENDATION,0.10886233285465298,0.45279038159916341,512,320,264,224,362367,251109,238720,220943,0,5,33,651413,,0
300002,combined,0,0,1,48,0,RECOMMENDATION,0.033307094426236306,0.26257570897950794,512,192,80,80,363930,153261,74192,81693,0,7,17,609520,,0
300002,combined,0,0,1,49,0,RECOMMENDATION,0.037684531733069501,0.33954876317312699,512,192,120,80,385461,136055,103246,79419,0,7,17,616751,,0
300002,combined,0,0,1,50,0,RECOMMENDATION,0.03509951274464046,0.52662385993007599,512,192,80,80,363869,134623,68884,93812,0,7,17,596901,,0
300002,combined,0,0,1,51,0,RECOMMENDATION,0.096653514023720452,0.60790386349715408,512,320,224,128,400154,234955,200943,120411,0,7,23,594528,,0
300002,combined,0,0,1,52,0,RECOMMENDATION,0.081429829792486738,0.50457040818875165,512,320,200,112,407124,975693,193632,112100,0,7,21,577301,,0
300002,combined,0,0,1,53,4,RECOMMENDATION,0.11176464786026333,0.53382420612508741,512,320,240,184,487746,258380,235345,185840,0,6,29,616581,,0
300002,combined,0,0,1,54,4,RECOMMENDATION,0.058845631639694362,0.28493423013276004,512,320,160,152,370529,225731,138008,150737,0,6,25,635910,,0
300002,combined,0,0,1,55,0,RECOMMENDATION,0.0084760255572554205,0.1013071282938626,512,64,64,64,399563,47081,56425,66871,0,7,15,606796,,0
300002,combined,0,0,1,56,0,RECOMMENDATION,0.03378042029202364,0.41482586974525204,512,192,80,80,402378,135174,68714,77938,0,7,17,584332,,0
300002,combined,0,0,1,57,0,RECOMMENDATION,0.03735493270673601,0.38921776520021745,512,192,120,80,362777,135534,106902,83145,0,7,17,675379,,0
300002,combined,0,0,1,58,0,RECOMMENDATION,0.0064038086091290731,0.07296679572126237,512,64,64,64,362677,45058,55964,65990,0,7,15,598584,,0
300002,combined,0,0.34999999999999998,0,0,0,RECOMMENDATION,0.077172816767622415,0.19319048177959844,512,320,136,96,380294,240624,109395,87343,0,7,19,605854,,0
300002,combined,0,0.34999999999999998,0,1,0,RECOMMENDATION,0.0035596915987784654,0.0078892677854085942,512,64,64,64,360314,44587,52579,67102,0,7,15,660226,,0
300002,combined,0,0.34999999999999998,0,2,0,RECOMMENDATION,0.068114933793572391,0.16989280531100737,512,320,168,96,364861,225130,142114,117297,0,7,19,671383,,0
300002,combined,0,0.34999999999999998,0,3,0,RECOMMENDATION,0.005509499842623276,0.013995389542148589,512,64,64,64,402427,47622,55403,64217,0,7,15,649680,,0
300002,combined,0,0.34999999999999998,0,4,0,RECOMMENDATION,0.024017145623333985,0.059372001517793094,512,64,64,64,367254,47962,91318,68483,0,7,15,596760,,0
300002,combined,0,0.34999999999999998,0,5,0,RECOMMENDATION,0.10617272364831823,0.27001400337070619,512,320,216,96,504111,222266,203187,103185,0,7,19,618203,,0
300002,combined,0,0.34999999999999998,0,6,0,RECOMMENDATION,0.034851896546746093,0.089806245122313708,512,192,80,80,421146,131688,66080,75815,0,7,17,632104,,0
300002,combined,0,0.34999999999999998,0,7,0,RECOMMENDATION,0.040948272736081488,0.10519231233890772,512,192,96,80,358201,134893,80872,78308,0,7,17,594167,,0
300002,combined,0,0.34999999999999998,0,8,0,RECOMMENDATION,0.0033755765586735995,0.0081141127602391474,512,64,64,64,356458,44447,53110,60862,0,7,15,634697,,0
300002,combined,0,0.34999999999999998,0,9,0,RECOMMENDATION,0.0028957705891414446,0.0067587264568076634,512,64,64,64,375566,44727,50927,131538,0,7,15,599715,,0
300002,combined,0,0.34999999999999998,0,10,5,RECOMMENDATION,0.086280560856371952,0.16873990388526977,512,320,200,152,381035,226401,170838,141743,0,6,25,594517,,0
300002,combined,0,0.34999999999999998,0,11,0,RECOMMENDATION,0.010381420252187948,0.024586535777396119,512,64,64,64,363199,46020,55314,63035,0,7,15,600767,,0
300002,combined,0,0.34999999999999998,0,12,0,RECOMMENDATION,0.067177240331586008,0.16225570683818788,512,320,136,96,374926,243287,110777,89885,0,7,19,599906,,0
300002,combined,0,0.34999999999999998,0,13,0,RECOMMENDATION,0.039465895663856644,0.094051641831737628,512,192,128,80,376789,133572,108334,80501,0,7,17,578062,,0
300002,combined,0,0.34999999999999998,0,14,0,RECOMMENDATION,0.0033958011054160313,0.0073325611580960784,512,64,64,64,359312,44757,55194,61843,0,7,15,593476,,0
300002,combined,0,0.34999999999999998,0,15,0,RECOMMENDATION,0.0039648964297911383,0.0093792517985220487,512,64,64,64,356558,45599,53521,62043,0,7,15,635940,,0
300002,combined,0,0.34999999999999998,0,16,0,RECOMMENDATION,0.0044451731751077132,0.010585004806481052,512,64,64,64,358511,61674,53211,60612,0,7,15,620957,,0
300002,combined,0,0.34999999999999998,0,17,0,RECOMMENDATION,0.004732832739688146,0.010890577702740958,512,64,64,64,371721,45218,53702,64608,0,7,15,614818,,0
300002,combined,0,0.34999999999999998,0,18,0,RECOMMENDATION,0.0019764855460388986,0.0043470918205144706,512,64,64,64,425582,45339,53000,61483,0,7,15,625945,,0
300002,combined,0,0.34999999999999998,0,19,6,RECOMMENDATION,0.39995948862664854,0.49782861251858007,512,512,360,296,365602,393463,332712,295796,0,6,43,617011,,0
300002,combined,0,0.34999999999999998,0,20,6,RECOMMENDATION,0.76757236537425921,0.93970566717698145,512,512,456,408,387404,367745,434426,388997,0,4,55,594888,,0
300002,combined,0,0.34999999999999998,0,21,3,RECOMMENDATION,0.77144021519893613,0.89502889925887996,512,512,496,488,395787,374295,492333,487927,0,2,63,605634,,0
300002,combined,0,0.34999999999999998,0,22,3,RECOMMENDATION,0.78918776475484509,0.97427884479767091,512,512,496,480,380905,387215,649380,524562,0,3,63,577001,,0
300002,combined,0,0.34999999999999998,0,23,3,RECOMMENDATION,0.68264924152590911,0.87633538741583672,512,512,464,464,383329,385582,457861,467796,0,4,62,599124,,0
300002,combined,0,0.34999999999999998,0,24,3,RECOMMENDATION,0.76659556894229763,0.97699120751401658,512,512,480,464,379703,384621,468417,491542,0,4,62,595328,,0
300002,combined,0,0.34999999999999998,0,25,3,RECOMMENDATION,0.71929735126370697,0.99965528667052617,512,512,464,472,382277,388236,447055,496029,0,2,61,576771,,0
300002,combined,0,0.34999999999999998,0,26,0,RECOMMENDATION,0.070519591091541725,0.094872709612536729,512,320,128,112,386423,234374,116877,139601,0,7,21,695590,,0
300002,combined,0,0.34999999999999998,0,27,0,RECOMMENDATION,0.15929388628727958,0.21966345040349389,512,448,224,200,376007,351761,203747,197778,0,7,32,579675,,0
300002,combined,0,0.34999999999999998,0,28,0,RECOMMENDATION,0.16867950825917102,0.23007913251441217,512,448,240,216,423629,329307,221404,218270,0,7,34,620046,,0
300002,combined,0,0.34999999999999998,0,29,6,RECOMMENDATION,0.17347483434232991,0.32934773507736698,512,448,288,280,376429,343258,268966,280903,0,6,41,677643,,0
300002,combined,0,0.34999999999999998,0,30,6,RECOMMENDATION,0.1287695417651355,0.24044402276414362,512,384,256,168,373825,277148,265701,175896,0,6,27,731594,,0
300002,combined,0,0.34999999999999998,0,31,0,RECOMMENDATION,0.069748423022092637,0.16764711258205425,512,320,104,96,363148,233733,92560,97938,0,7,19,653186,,0
300002,combined,0,0.34999999999999998,0,32,6,RECOMMENDATION,0.21321767103428368,0.41098646647106385,512,448,288,224,382528,364620,269076,213723,0,5,33,614668,,0
300002,combined,0,0.34999999999999998,0,33,0,RECOMMENDATION,0.16996647685032878,0.40010438653310698,512,448,248,112,368005,353484,223658,111067,0,7,21,669551,,0
300002,combined,0,0.34999999999999998,0,34,6,RECOMMENDATION,0.18746870115183942,0.36965599620901846,512,448,280,224,374035,322106,270628,221725,0,5,33,602119,,0
300002,combined,0,0.34999999999999998,0,35,0,RECOMMENDATION,0.12385036844855163,0.29434731035747602,512,384,264,104,362948,317579,243568,108003,0,7,20,583220,,0
300002,combined,0,0.34999999999999998,0,36,0,RECOMMENDATION,0.23328879275500736,0.5168980215407013,512,448,296,128,380925,316928,270859,119209,0,7,23,641889,,0
300002,combined,0,0.34999999999999998,0,37,6,RECOMMENDATION,0.25793554474784997,0.52696126044619807,512,448,296,184,370149,352923,271159,179151,0,6,29,624994,,0
300002,combined,0,0.34999999999999998,0,38,6,RECOMMENDATION,0.2426325567757977,0.48288239923161652,512,448,320,200,371651,321555,503671,190026,0,6,31,656181,,0
300002,combined,0,0.34999999999999998,0,39,0,RECOMMENDATION,0.091853920869236994,0.23191548587959543,512,320,144,96,372863,227864,120021,93180,0,7,19,671944,,0
300002,combined,0,0.34999999999999998,0,40,4,RECOMMENDATION,0.10679828823927963,0.21829423621826066,512,320,176,152,1121953,228144,156396,145089,0,6,25,603471,,0
300002,combined,0,0.34999999999999998,0,41,0,RECOMMENDATION,0.045397745135884141,0.10360655087249865,512,192,120,80,363669,134343,102104,88192,0,7,17,802602,,0
300002,combined,0,0.34999999999999998,0,42,4,RECOMMENDATION,0.2210687522229991,0.46522582387711509,512,448,192,168,371040,345291,166761,167612,0,6,27,620176,,0
300002,combined,0,0.34999999999999998,0,43,4,RECOMMENDATION,0.19242538876844506,0.42119447019584622,512,448,232,168,401316,324149,201975,166021,0,6,27,708369,,0
300002,combined,0,0.34999999999999998,0,44,4,RECOMMENDATION,0.064724852152069329,0.11763867903183391,512,320,152,152,361275,257208,250368,143105,0,6,25,706547,,0
300002,combined,0,0.34999999999999998,0,45,0,RECOMMENDATION,0.13799707330168914,0.3428589508363587,512,384,136,104,362346,268054,116536,318891,0,7,20,653307,,0
300002,combined,0,0.34999999999999998,0,46,0,RECOMMENDATION,0.20206933923645076,0.44976454168969132,512,448,248,120,368316,344450,283608,116296,0,7,22,612755,,0
300002,combined,0,0.34999999999999998,0,47,6,RECOMMENDATION,0.2154510307757504,0.41831990613109216,512,448,272,176,393984,324530,240263,171218,0,6,28,609630,,0
300002,combined,0,0.34999999999999998,0,48,0,RECOMMENDATION,0.090441676262815893,0.2150370217682156,512,320,120,96,363468,224640,123286,94292,0,7,19,580105,,0
300002,combined,0,0.34999999999999998,0,49,0,RECOMMENDATION,0.11206139995466297,0.27018610757306571,512,320,208,96,361816,239291,174954,91038,0,7,19,615209,,0
300002,combined,0,0.34999999999999998,0,50,0,RECOMMENDATION,0.19504031754746753,0.49657009290589793,512,448,280,112,380053,553926,269957,102905,0,7,21,628178,,0
300002,combined,0,0.34999999999999998,0,51,0,RECOMMENDATION,0.26883056092608298,0.59561427253213972,512,448,288,136,365031,351360,278421,125799,0,7,24,650562,,0
300002,combined,0,0.34999999999999998,0,52,0,RECOMMENDATION,0.23203208582738941,0.50636894934125998,512,448,240,128,383489,315536,246632,126882,0,7,23,660096,,0
300002,combined,0,0.34999999999999998,0,53,6,RECOMMENDATION,0.24520708645926204,0.4998073207766785,512,448,256,224,365993,356508,231780,224328,0,5,33,616010,,0
300002,combined,0,0.34999999999999998,0,54,4,RECOMMENDATION,0.095341150626656421,0.19127573424638741,512,320,152,152,367495,227183,125920,146261,0,6,25,610431,,0
300002,combined,0,0.34999999999999998,0,55,0,RECOMMENDATION,0.030496143324499868,0.071334417057809643,512,192,80,80,385673,139761,69605,85399,0,7,17,690943,,0
300002,combined,0,0.34999999999999998,0,56,0,RECOMMENDATION,0.11607232060534398,0.29186675937541512,512,320,168,96,376458,224759,155675,109836,0,7,19,578844,,0
300002,combined,0,0.34999999999999998,0,57,0,RECOMMENDATION,0.12542583356484482,0.29447735879559445,512,384,224,104,365021,287244,239522,101073,0,7,20,591133,,0
300002,combined,0,0.34999999999999998,0,58,5,RECOMMENDATION,0.064042227784519262,0.11132298139702357,512,320,168,152,368927,226933,146221,175665,0,6,25,813447,,0
300002,combined,0,0.34999999999999998,1,0,0,RECOMMENDATION,0.077172816767622415,0.19319048177959844,512,320,136,96,359683,358380,142615,105128,0,7,19,615750,,0
300002,combined,0,0.34999999999999998,1,1,0,RECOMMENDATION,0.0035596915987784654,0.0078892677854085942,512,64,64,64,359663,44407,53370,64577,0,7,15,624783,,0
300002,combined,0,0.34999999999999998,1,2,0,RECOMMENDATION,0.068114933793572391,0.16989280531100737,512,320,168,96,363188,267985,140062,89865,0,7,19,659085,,0
300002,combined,0,0.34999999999999998,1,3,0,RECOMMENDATION,0.005509499842623276,0.013995389542148589,512,64,64,64,356288,45840,51508,59841,0,7,15,599665,,0
300002,combined,0,0.34999999999999998,1,4,0,RECOMMENDATION,0.024017145623333985,0.059372001517793094,512,64,64,64,362347,45119,59830,67171,0,7,15,589039,,0
300002,combined,0,0.34999999999999998,1,5,0,RECOMMENDATION,0.10617272364831823,0.27001400337070619,512,320,216,96,358000,234534,194784,97968,0,7,19,590872,,0
300002,combined,0,0.34999999999999998,1,6,0,RECOMMENDATION,0.034851896546746093,0.089806245122313708,512,192,80,80,373043,131158,65619,75384,0,7,17,634918,,0
300002,combined,0,0.34999999999999998,1,7,0,RECOMMENDATION,0.040948272736081488,0.10519231233890772,512,192,96,80,360003,136075,81452,78989,0,7,17,739546,,0
300002,combined,0,0.34999999999999998,1,8,0,RECOMMENDATION,0.0033755765586735995,0.0081141127602391474,512,64,64,64,402208,45779,54853,65118,0,7,15,703762,,0
300002,combined,0,0.34999999999999998,1,9,0,RECOMMENDATION,0.0028957705891414446,0.0067587264568076634,512,64,64,64,356929,44106,51848,64807,0,7,15,795030,,0
300002,combined,0,0.34999999999999998,1,10,5,RECOMMENDATION,0.086280560856371952,0.16873990388526977,512,320,200,152,367675,285672,197819,142605,0,6,25,675790,,0
300002,combined,0,0.34999999999999998,1,11,0,RECOMMENDATION,0.010381420252187948,0.024586535777396119,512,64,64,64,386373,46159,55294,80351,0,7,15,581358,,0
300002,combined,0,0.34999999999999998,1,12,0,RECOMMENDATION,0.067177240331586008,0.16225570683818788,512,320,136,96,359222,285150,111448,88082,0,7,19,610992,,0
300002,combined,0,0.34999999999999998,1,13,0,RECOMMENDATION,0.039465895663856644,0.094051641831737628,512,192,128,80,380955,133691,108163,81974,0,7,17,645825,,0
300002,combined,0,0.34999999999999998,1,14,0,RECOMMENDATION,0.0033958011054160313,0.0073325611580960784,512,64,64,64,394456,45349,56495,63045,0,7,15,584832,,0
300002,combined,0,0.34999999999999998,1,15,0,RECOMMENDATION,0.0039648964297911383,0.0093792517985220487,512,64,64,64,356879,47762,53120,63937,0,7,15,662980,,0
300002,combined,0,0.34999999999999998,1,16,0,RECOMMENDATION,0.0044451731751077132,0.010585004806481052,512,64,64,64,359323,44327,55604,61673,0,7,15,797955,,0
300002,combined,0,0.34999999999999998,1,17,0,RECOMMENDATION,0.004732832739688146,0.010890577702740958,512,64,64,64,501667,66941,54452,63977,0,7,15,609770,,0
300002,combined,0,0.34999999999999998,1,18,0,RECOMMENDATION,0.0019764855460388986,0.0043470918205144706,512,64,64,64,372021,45278,52570,135324,0,7,15,587026,,0
300002,combined,0,0.34999999999999998,1,19,6,RECOMMENDATION,0.39995948862664854,0.49782861251858007,512,512,360,296,424111,375777,329437,296998,0,6,43,609480,,0
300002,combined,0,0.34999999999999998,1,20,6,RECOMMENDATION,0.76757236537425921,0.93970566717698145,512,512,432,312,390089,369618,430810,309688,3,1,43,601969,,0
300002,combined,0,0.34999999999999998,1,21,3,RECOMMENDATION,0.77144021519893613,0.89502889925887996,512,512,496,488,404641,369768,493004,600337,0,2,63,639515,,0
300002,combined,0,0.34999999999999998,1,22,3,RECOMMENDATION,0.78918776475484509,0.97427884479767091,512,512,488,384,397530,370700,507085,438972,2,1,51,613977,,0
300002,combined,0,0.34999999999999998,1,23,3,RECOMMENDATION,0.68264924152590911,0.87633538741583672,512,512,464,464,397089,389208,488507,490269,0,4,62,694689,,0
300002,combined,0,0.34999999999999998,1,24,3,RECOMMENDATION,0.76659556894229763,0.97699120751401658,512,512,464,416,409588,374376,648809,411541,1,3,56,639064,,0
300002,combined,0,0.34999999999999998,1,25,3,RECOMMENDATION,0.71929735126370697,0.99965528667052617,512,512,392,320,384070,387495,369628,351811,3,1,44,594337,,0
300002,combined,0,0.34999999999999998,1,26,0,RECOMMENDATION,0.070519591091541725,0.094872709612536729,512,320,128,112,383018,233282,117337,126450,0,7,21,591042,,0
300002,combined,0,0.34999999999999998,1,27,0,RECOMMENDATION,0.15929388628727958,0.21966345040349389,512,448,224,200,376118,347635,233342,255246,0,7,32,623121,,0
300002,combined,0,0.34999999999999998,1,28,0,RECOMMENDATION,0.16867950825917102,0.23007913251441217,512,448,240,216,381967,326283,226773,261856,0,7,34,628739,,0
300002,combined,0,0.34999999999999998,1,29,6,RECOMMENDATION,0.17347483434232991,0.32934773507736698,512,448,288,280,422638,326072,301966,502679,0,6,41,681418,,0
300002,combined,0,0.34999999999999998,1,30,6,RECOMMENDATION,0.1287695417651355,0.24044402276414362,512,384,256,168,403459,278420,231640,171790,0,6,27,647267,,0
300002,combined,0,0.34999999999999998,1,31,0,RECOMMENDATION,0.069748423022092637,0.16764711258205425,512,320,104,96,414145,232421,89806,96396,0,7,19,618804,,0
300002,combined,0,0.34999999999999998,1,32,6,RECOMMENDATION,0.21321767103428368,0.41098646647106385,512,448,288,224,736922,318911,302987,216287,0,5,33,582189,,0
300002,combined,0,0.34999999999999998,1,33,0,RECOMMENDATION,0.16996647685032878,0.40010438653310698,512,448,248,112,368055,356849,253162,109725,0,7,21,609961,,0
300002,combined,0,0.34999999999999998,1,34,6,RECOMMENDATION,0.18746870115183942,0.36965599620901846,512,448,280,224,425852,379553,355828,256357,0,5,33,613807,,0
300002,combined,0,0.34999999999999998,1,35,0,RECOMMENDATION,0.12385036844855163,0.29434731035747602,512,384,264,104,372262,311189,245230,109486,0,7,20,606395,,0
300002,combined,0,0.34999999999999998,1,36,0,RECOMMENDATION,0.23328879275500736,0.5168980215407013,512,448,296,128,397140,351360,271670,119941,0,7,23,656721,,0
300002,combined,0,0.34999999999999998,1,37,6,RECOMMENDATION,0.25793554474784997,0.52696126044619807,512,448,296,184,370439,760047,268305,179451,0,6,29,631824,,0
300002,combined,0,0.34999999999999998,1,38,6,RECOMMENDATION,0.2426325567757977,0.48288239923161652,512,448,320,200,379773,376398,394145,186571,0,6,31,648330,,0
300002,combined,0,0.34999999999999998,1,39,0,RECOMMENDATION,0.091853920869236994,0.23191548587959543,512,320,144,96,416108,272551,117528,91387,0,7,19,866428,,0
300002,combined,0,0.34999999999999998,1,40,4,RECOMMENDATION,0.10679828823927963,0.21829423621826066,512,320,176,152,367424,249517,154363,145920,0,6,25,644843,,0
300002,combined,0,0.34999999999999998,1,41,0,RECOMMENDATION,0.045397745135884141,0.10360655087249865,512,192,120,80,392893,135214,105399,88164,0,7,17,634808,,0
300002,combined,0,0.34999999999999998,1,42,4,RECOMMENDATION,0.2210687522229991,0.46522582387711509,512,448,192,168,371832,357189,167312,170717,0,6,27,842462,,0
300002,combined,0,0.34999999999999998,1,43,4,RECOMMENDATION,0.19242538876844506,0.42119447019584622,512,448,232,168,361976,377649,203447,192290,0,6,27,806578,,0
300002,combined,0,0.34999999999999998,1,44,4,RECOMMENDATION,0.064724852152069329,0.11763867903183391,512,320,152,152,361255,240463,137908,144508,0,6,25,687107,,0
300002,combined,0,0.34999999999999998,1,45,0,RECOMMENDATION,0.13799707330168914,0.3428589508363587,512,384,136,104,424040,270047,113210,102976,0,7,20,620877,,0
300002,combined,0,0.34999999999999998,1,46,0,RECOMMENDATION,0.20206933923645076,0.44976454168969132,512,448,248,120,374656,341455,212661,116385,0,7,22,842121,,0
300002,combined,0,0.34999999999999998,1,47,6,RECOMMENDATION,0.2154510307757504,0.41831990613109216,512,448,272,176,389498,408016,241064,171079,0,6,28,602439,,0
300002,combined,0,0.34999999999999998,1,48,0,RECOMMENDATION,0.090441676262815893,0.2150370217682156,512,320,120,96,365011,225230,123917,94211,0,7,19,586024,,0
300002,combined,0,0.34999999999999998,1,49,0,RECOMMENDATION,0.11206139995466297,0.27018610757306571,512,320,208,96,363198,240553,194423,93200,0,7,19,654268,,0
300002,combined,0,0.34999999999999998,1,50,0,RECOMMENDATION,0.19504031754746753,0.49657009290589793,512,448,280,112,396649,316007,238169,118709,0,7,21,619826,,0
300002,combined,0,0.34999999999999998,1,51,0,RECOMMENDATION,0.26883056092608298,0.59561427253213972,512,448,288,136,363669,339893,284950,126852,0,7,24,634778,,0
300002,combined,0,0.34999999999999998,1,52,0,RECOMMENDATION,0.23203208582738941,0.50636894934125998,512,448,240,128,400795,314495,215735,130738,0,7,23,1511661,,0
300002,combined,0,0.34999999999999998,1,53,6,RECOMMENDATION,0.24520708645926204,0.4998073207766785,512,448,256,224,370930,317510,281124,257289,0,5,33,595919,,0
300002,combined,0,0.34999999999999998,1,54,4,RECOMMENDATION,0.095341150626656421,0.19127573424638741,512,320,152,152,404260,228625,127382,146941,0,6,25,585103,,0
300002,combined,0,0.34999999999999998,1,55,0,RECOMMENDATION,0.030496143324499868,0.071334417057809643,512,192,80,80,391811,138899,69214,83906,0,7,17,613176,,0
300002,combined,0,0.34999999999999998,1,56,0,RECOMMENDATION,0.11607232060534398,0.29186675937541512,512,320,168,96,425762,224148,143136,92028,0,7,19,629831,,0
300002,combined,0,0.34999999999999998,1,57,0,RECOMMENDATION,0.12542583356484482,0.29447735879559445,512,384,224,104,366743,306403,198961,223007,0,7,20,637933,,0
300002,combined,0,0.34999999999999998,1,58,5,RECOMMENDATION,0.064042227784519262,0.11132298139702357,512,320,168,152,396839,229426,147323,148815,0,6,25,605424,,0
300002,combined,0,1,0,0,0,RECOMMENDATION,0.19319048177959844,0.19319048177959844,512,448,176,112,387925,313463,142885,100242,0,7,21,644082,,0
300002,combined,0,1,0,1,0,RECOMMENDATION,0.0078892677854085942,0.0078892677854085942,512,64,64,64,357940,44697,52509,63265,0,7,15,620698,,0
300002,combined,0,1,0,2,0,RECOMMENDATION,0.16989280531100737,0.16989280531100737,512,448,296,112,362818,311580,277830,102555,0,7,21,603841,,0
300002,combined,0,1,0,3,0,RECOMMENDATION,0.013995389542148589,0.013995389542148589,512,64,64,64,357279,45639,65168,59190,0,7,15,585814,,0
300002,combined,0,1,0,4,0,RECOMMENDATION,0.059372001517793094,0.059372001517793094,512,320,96,96,362818,223487,83055,97307,0,7,19,639866,,0
300002,combined,0,1,0,5,0,RECOMMENDATION,0.27001400337070619,0.27001400337070619,512,512,336,120,358341,415547,281454,121114,0,7,22,611293,,0
300002,combined,0,1,0,6,0,RECOMMENDATION,0.089806245122313708,0.089806245122313708,512,320,152,96,358331,400725,126050,125689,0,7,19,673467,,0
300002,combined,0,1,0,7,0,RECOMMENDATION,0.10519231233890772,0.10519231233890772,512,320,160,96,359512,233753,194324,115444,0,7,19,608278,,0
300002,combined,0,1,0,8,0,RECOMMENDATION,0.0081141127602391474,0.0081141127602391474,512,64,64,64,372131,44767,54543,62354,0,7,15,632455,,0
300002,combined,0,1,0,9,0,RECOMMENDATION,0.0067587264568076634,0.0067587264568076634,512,64,64,64,380845,44928,51198,64948,0,7,15,718665,,0
300002,combined,0,1,0,10,5,RECOMMENDATION,0.16873990388526977,0.16873990388526977,512,448,240,168,383388,314805,202496,167463,0,6,27,581057,,0
300002,combined,0,1,0,11,0,RECOMMENDATION,0.024586535777396119,0.024586535777396119,512,64,64,64,376788,45899,55213,63767,0,7,15,595428,,0
300002,combined,0,1,0,12,5,RECOMMENDATION,0.14935581477896739,0.14935581477896739,512,384,200,160,358942,269687,171830,163097,0,6,26,815510,,0
300002,combined,0,1,0,13,0,RECOMMENDATION,0.033747182502753985,0.033747182502753985,512,192,80,80,570772,136036,67772,80011,0,7,17,600466,,0
300002,combined,0,1,0,14,0,RECOMMENDATION,0.0073325611580960784,0.0073325611580960784,512,64,64,64,357169,44747,56135,64227,0,7,15,619225,,0
300002,combined,0,1,0,15,0,RECOMMENDATION,0.0093753891940206412,0.0093753891940206412,512,64,64,64,355336,45689,304740,62445,0,7,15,599785,,0
300002,combined,0,1,0,16,0,RECOMMENDATION,0.0065139524235242833,0.0065139524235242833,512,64,64,64,385342,68553,53030,59941,0,7,15,671433,,0
300002,combined,0,1,0,17,0,RECOMMENDATION,0.014256419022659134,0.014256419022659134,512,64,64,64,372412,44887,54011,64277,0,7,15,581768,,0
300002,combined,0,1,0,18,0,RECOMMENDATION,0.005652086489132924,0.005652086489132924,512,64,64,64,373424,116415,52879,60901,0,7,15,582820,,0
300002,combined,0,1,0,19,6,RECOMMENDATION,0.50727753319874613,0.50727753319874613,512,512,312,176,370249,398191,293614,273804,0,6,28,710762,,0
300002,combined,0,1,0,20,6,RECOMMENDATION,0.9601106972326563,0.9601106972326563,512,512,320,232,463870,375197,330148,227954,0,5,34,647767,,0
300002,combined,0,1,0,21,3,RECOMMENDATION,0.91339782383548351,0.91339782383548351,512,512,408,232,418942,398581,400975,242867,0,5,34,729511,,0
300002,combined,0,1,0,22,3,RECOMMENDATION,0.99327887160720907,0.99327887160720907,512,512,424,232,390700,394625,394445,236878,0,5,34,614007,,0
300002,combined,0,1,0,23,3,RECOMMENDATION,0.88615449155381754,0.88615449155381754,512,512,336,176,393824,516139,348606,182235,0,6,28,669010,,0
300002,combined,0,1,0,24,3,RECOMMENDATION,0.97342822585705557,0.97342822585705557,512,512,240,176,381576,375157,246171,210537,0,6,28,596220,,0
300002,combined,0,1,0,25,3,RECOMMENDATION,1.0044206675707203,1.0044206675707203,512,512,320,176,410019,409298,293372,185620,0,6,28,641720,,0
300002,combined,0,1,0,26,0,RECOMMENDATION,0.09490498865111853,0.09490498865111853,512,320,96,96,383860,248194,89675,99711,0,7,19,656341,,0
300002,combined,0,1,0,27,0,RECOMMENDATION,0.2186748111895192,0.2186748111895192,512,448,136,112,373434,336869,124188,120942,0,7,21,676861,,0
300002,combined,0,1,0,28,0,RECOMMENDATION,0.2286228462057241,0.2286228462057241,512,448,200,192,382498,325692,193292,227464,0,7,31,647738,,0
300002,combined,0,1,0,29,3,RECOMMENDATION,0.2346841595842292,0.2346841595842292,512,448,256,264,394376,324660,234404,260283,0,6,39,613195,,0
300002,combined,0,1,0,30,0,RECOMMENDATION,0.15627700316183343,0.15627700316183343,512,448,160,144,379283,351301,145590,148124,0,7,25,657482,,0
300002,combined,0,1,0,31,0,RECOMMENDATION,0.071644649455573833,0.071644649455573833,512,320,96,96,372983,251019,89905,100772,0,7,19,578985,,0
300002,combined,0,1,0,32,0,RECOMMENDATION,0.1772928588681085,0.1772928588681085,512,448,224,128,426543,326903,271510,210528,0,7,23,595950,,0
300002,combined,0,1,0,33,0,RECOMMENDATION,0.18538095021771006,0.18538095021771006,512,448,144,128,376438,338201,129886,138128,0,7,23,641919,,0
300002,combined,0,1,0,34,6,RECOMMENDATION,0.21031787238349159,0.21031787238349159,512,448,216,200,387144,319282,197908,210027,0,6,31,589499,,0
300002,combined,0,1,0,35,0,RECOMMENDATION,0.17913606790940839,0.17913606790940839,512,448,224,112,360945,370009,209045,120162,0,7,21,689591,,0
300002,combined,0,1,0,36,6,RECOMMENDATION,0.23663797561570521,0.23663797561570521,512,448,320,168,385602,316678,303508,169066,0,6,27,649160,,0
300002,combined,0,1,0,37,6,RECOMMENDATION,0.26747171332744485,0.26747171332744485,512,448,248,168,367966,977636,310349,169346,0,6,27,638945,,0
300002,combined,0,1,0,38,6,RECOMMENDATION,0.21042647081749971,0.21042647081749971,512,448,264,168,403840,321466,245070,161793,0,6,27,595680,,0
300002,combined,0,1,0,39,0,RECOMMENDATION,0.10466379388317884,0.10466379388317884,512,320,144,96,407215,232641,125259,98729,0,7,19,638103,,0
300002,combined,0,1,0,40,4,RECOMMENDATION,0.15656774013087621,0.15656774013087621,512,448,224,168,620506,322176,204789,171890,0,6,27,662249,,0
300002,combined,0,1,0,41,4,RECOMMENDATION,0.081989280493049044,0.081989280493049044,512,320,160,152,398661,225731,145319,195635,0,6,25,586485,,0
300002,combined,0,1,0,42,4,RECOMMENDATION,0.31154051407696198,0.31154051407696198,512,512,208,176,472754,426384,234494,180623,0,6,28,676621,,0
300002,combined,0,1,0,43,4,RECOMMENDATION,0.36687982585465406,0.36687982585465406,512,512,296,176,367094,401777,295346,178960,0,6,28,799507,,0
300002,combined,0,1,0,44,4,RECOMMENDATION,0.21279813236811962,0.21279813236811962,512,448,216,168,368236,316348,199681,199071,0,6,27,688590,,0
300002,combined,0,1,0,45,0,RECOMMENDATION,0.50676083933635419,0.50676083933635419,512,512,224,120,369908,402979,197468,121634,0,7,22,617543,,0
300002,combined,0,1,0,46,6,RECOMMENDATION,0.49103192002122753,0.49103192002122753,512,512,288,176,371311,364520,332272,402157,0,6,28,601337,,0
300002,combined,0,1,0,47,6,RECOMMENDATION,0.36748029381314712,0.36748029381314712,512,512,280,176,451631,371020,291229,202475,0,6,28,618564,,0
300002,combined,0,1,0,48,0,RECOMMENDATION,0.15770744701366238,0.15770744701366238,512,448,136,112,364610,342948,116877,106511,0,7,21,611563,,0
300002,combined,0,1,0,49,0,RECOMMENDATION,0.231494671559827,0.231494671559827,512,448,288,112,390088,347975,243407,103928,0,7,21,618173,,0
300002,combined,0,1,0,50,0,RECOMMENDATION,0.46605976430168083,0.46605976430168083,512,512,408,120,363378,375016,344831,107672,0,7,22,631473,,0
300002,combined,0,1,0,51,6,RECOMMENDATION,0.54615465597899204,0.54615465597899204,512,512,328,232,361345,369047,318801,212030,0,5,34,672945,,0
300002,combined,0,1,0,52,0,RECOMMENDATION,0.41524443648196391,0.41524443648196391,512,512,256,120,397039,361726,225090,120421,0,7,22,626506,,0
300002,combined,0,1,0,53,6,RECOMMENDATION,0.44492722007540997,0.44492722007540997,512,512,264,176,367605,361255,241014,185710,0,6,28,577842,,0
300002,combined,0,1,0,54,4,RECOMMENDATION,0.16058651687348879,0.16058651687348879,512,448,168,168,379122,353183,136896,159221,0,6,27,578663,,0
300002,combined,0,1,0,55,0,RECOMMENDATION,0.075307502581634489,0.075307502581634489,512,320,128,96,362367,298341,108884,122706,0,7,19,760407,,0
300002,combined,0,1,0,56,0,RECOMMENDATION,0.28255835920558198,0.28255835920558198,512,512,256,120,360334,401586,214614,178168,0,7,22,639285,,0
300002,combined,0,1,0,57,0,RECOMMENDATION,0.29461870860887429,0.29461870860887429,512,512,328,120,366724,419623,313553,132530,0,7,22,635219,,0
300002,combined,0,1,0,58,5,RECOMMENDATION,0.10889654918195656,0.10889654918195656,512,320,168,152,403309,228445,146922,150037,0,6,25,626175,,0
300002,combined,0,1,1,0,0,RECOMMENDATION,0.19319048177959844,0.19319048177959844,512,448,176,112,359102,336017,141223,100162,0,7,21,625544,,0
300002,combined,0,1,1,1,0,RECOMMENDATION,0.0078892677854085942,0.0078892677854085942,512,64,64,64,377049,45048,52800,62554,0,7,15,578563,,0
300002,combined,0,1,1,2,0,RECOMMENDATION,0.16989280531100737,0.16989280531100737,512,448,296,112,363168,312702,250128,115615,0,7,21,591523,,0
300002,combined,0,1,1,3,0,RECOMMENDATION,0.013995389542148589,0.013995389542148589,512,64,64,64,409188,46850,52029,60722,0,7,15,657182,,0
300002,combined,0,1,1,4,0,RECOMMENDATION,0.059372001517793094,0.059372001517793094,512,320,96,96,364641,225690,96356,96987,0,7,19,616491,,0
300002,combined,0,1,1,5,0,RECOMMENDATION,0.27001400337070619,0.27001400337070619,512,512,336,120,358872,397540,303619,122985,0,7,22,635539,,0
300002,combined,0,1,1,6,0,RECOMMENDATION,0.089806245122313708,0.089806245122313708,512,320,152,96,358641,219822,123206,91097,0,7,19,636300,,0
300002,combined,0,1,1,7,0,RECOMMENDATION,0.10519231233890772,0.10519231233890772,512,320,160,96,1164307,227553,183997,92740,0,7,19,723492,,0
300002,combined,0,1,1,8,0,RECOMMENDATION,0.0081141127602391474,0.0081141127602391474,512,64,64,64,358892,44107,56956,86731,0,7,15,585604,,0
300002,combined,0,1,1,9,0,RECOMMENDATION,0.0067587264568076634,0.0067587264568076634,512,64,64,64,355257,44267,50907,63747,0,7,15,604032,,0
300002,combined,0,1,1,10,5,RECOMMENDATION,0.16873990388526977,0.16873990388526977,512,448,240,168,368987,347174,219762,155314,0,6,27,645034,,0
300002,combined,0,1,1,11,0,RECOMMENDATION,0.024586535777396119,0.024586535777396119,512,64,64,64,361616,46370,55684,63106,0,7,15,635519,,0
300002,combined,0,1,1,12,5,RECOMMENDATION,0.14935581477896739,0.14935581477896739,512,384,200,160,396198,270078,206071,144938,0,6,26,741409,,0
300002,combined,0,1,1,13,0,RECOMMENDATION,0.033747182502753985,0.033747182502753985,512,192,80,80,395627,133532,68093,109546,0,7,17,593986,,0
300002,combined,0,1,1,14,0,RECOMMENDATION,0.0073325611580960784,0.0073325611580960784,512,64,64,64,357129,44728,54913,62745,0,7,15,613816,,0
300002,combined,0,1,1,15,0,RECOMMENDATION,0.0093753891940206412,0.0093753891940206412,512,64,64,64,354846,45459,52329,60341,0,7,15,607927,,0
300002,combined,0,1,1,16,0,RECOMMENDATION,0.0065139524235242833,0.0065139524235242833,512,64,64,64,380274,45198,52560,59290,0,7,15,599735,,0
300002,combined,0,1,1,17,0,RECOMMENDATION,0.014256419022659134,0.014256419022659134,512,64,64,64,384871,45349,53150,64368,0,7,15,596420,,0
300002,combined,0,1,1,18,0,RECOMMENDATION,0.005652086489132924,0.005652086489132924,512,64,64,64,386624,44898,52640,61263,0,7,15,632745,,0
300002,combined,0,1,1,19,6,RECOMMENDATION,0.50727753319874613,0.50727753319874613,512,512,312,176,398892,375777,290558,171880,0,6,28,646045,,0
300002,combined,0,1,1,20,6,RECOMMENDATION,0.9601106972326563,0.9601106972326563,512,512,320,176,376028,383269,306493,175115,4,2,28,673617,,0
300002,combined,0,1,1,21,3,RECOMMENDATION,0.91339782383548351,0.91339782383548351,512,512,408,232,439834,375377,449398,253623,0,5,34,592845,,0
300002,combined,0,1,1,22,3,RECOMMENDATION,0.99327887160720907,0.99327887160720907,512,512,424,232,382207,370689,404160,236227,3,2,34,611883,,0
300002,combined,0,1,1,23,3,RECOMMENDATION,0.88615449155381754,0.88615449155381754,512,512,336,176,411902,385572,309698,181173,0,6,28,589330,,0
300002,combined,0,1,1,24,3,RECOMMENDATION,0.97342822585705557,0.97342822585705557,512,512,240,176,381225,389507,223547,170257,2,4,28,799176,,0
300002,combined,0,1,1,25,3,RECOMMENDATION,1.0044206675707203,1.0044206675707203,512,512,320,176,382808,432513,292752,268806,3,3,28,788610,,0
300002,combined,0,1,1,26,0,RECOMMENDATION,0.09490498865111853,0.09490498865111853,512,320,96,96,383729,231310,89094,99911,0,7,19,606545,,0
300002,combined,0,1,1,27,0,RECOMMENDATION,0.2186748111895192,0.2186748111895192,512,448,136,112,373874,336077,135885,115425,0,7,21,593616,,0
300002,combined,0,1,1,28,0,RECOMMENDATION,0.2286228462057241,0.2286228462057241,512,448,200,192,381375,339963,214373,193571,0,7,31,592996,,0
300002,combined,0,1,1,29,3,RECOMMENDATION,0.2346841595842292,0.2346841595842292,512,448,256,264,427085,325732,260103,285301,0,6,39,696832,,0
300002,combined,0,1,1,30,0,RECOMMENDATION,0.15627700316183343,0.15627700316183343,512,448,160,144,411841,324379,145169,173512,0,7,25,580516,,0
300002,combined,0,1,1,31,0,RECOMMENDATION,0.071644649455573833,0.071644649455573833,512,320,96,96,371110,274173,90727,102325,0,7,19,884735,,0
300002,combined,0,1,1,32,0,RECOMMENDATION,0.1772928588681085,0.1772928588681085,512,448,224,128,398001,364651,214033,129906,0,7,23,668810,,0
300002,combined,0,1,1,33,0,RECOMMENDATION,0.18538095021771006,0.18538095021771006,512,448,144,128,378511,321966,149536,133241,0,7,23,676001,,0
300002,combined,0,1,1,34,6,RECOMMENDATION,0.21031787238349159,0.21031787238349159,512,448,216,200,380154,324549,252220,249437,0,6,31,1106059,,0
300002,combined,0,1,1,35,0,RECOMMENDATION,0.17913606790940839,0.17913606790940839,512,448,224,112,387775,436088,209065,120481,0,7,21,639756,,0
300002,combined,0,1,1,36,6,RECOMMENDATION,0.23663797561570521,0.23663797561570521,512,448,320,168,365892,395457,384851,230578,0,6,27,599865,,0
300002,combined,0,1,1,37,6,RECOMMENDATION,0.26747171332744485,0.26747171332744485,512,448,248,168,372202,504251,256858,198269,0,6,27,585614,,0
300002,combined,0,1,1,38,6,RECOMMENDATION,0.21042647081749971,0.21042647081749971,512,448,264,168,387064,318571,242406,160923,0,6,27,586556,,0
300002,combined,0,1,1,39,0,RECOMMENDATION,0.10466379388317884,0.10466379388317884,512,320,144,96,363469,233482,126230,114703,0,7,19,676531,,0
300002,combined,0,1,1,40,4,RECOMMENDATION,0.15656774013087621,0.15656774013087621,512,448,224,168,364900,543570,207554,171720,0,6,27,635068,,0
300002,combined,0,1,1,41,4,RECOMMENDATION,0.081989280493049044,0.081989280493049044,512,320,160,152,365291,227974,144398,178388,0,6,25,680288,,0
300002,combined,0,1,1,42,4,RECOMMENDATION,0.31154051407696198,0.31154051407696198,512,512,208,176,370730,400324,186882,240874,0,6,28,634157,,0
300002,combined,0,1,1,43,4,RECOMMENDATION,0.36687982585465406,0.36687982585465406,512,512,296,176,364861,398561,304319,176897,0,6,28,805265,,0
300002,combined,0,1,1,44,4,RECOMMENDATION,0.21279813236811962,0.21279813236811962,512,448,216,168,449519,316508,254724,164098,0,6,27,630031,,0
300002,combined,0,1,1,45,0,RECOMMENDATION,0.50676083933635419,0.50676083933635419,512,512,224,120,368716,396549,197638,121584,0,7,22,627778,,0
300002,combined,0,1,1,46,6,RECOMMENDATION,0.49103192002122753,0.49103192002122753,512,512,288,176,402938,372592,260212,197358,0,6,28,1494225,,0
300002,combined,0,1,1,47,6,RECOMMENDATION,0.36748029381314712,0.36748029381314712,512,512,280,176,595338,842592,287814,289086,0,6,28,601058,,0
300002,combined,0,1,1,48,0,RECOMMENDATION,0.15770744701366238,0.15770744701366238,512,448,136,112,362587,313063,118929,142545,0,7,21,854029,,0
300002,combined,0,1,1,49,0,RECOMMENDATION,0.231494671559827,0.231494671559827,512,448,288,112,360825,326713,242245,105710,0,7,21,633426,,0
300002,combined,0,1,1,50,0,RECOMMENDATION,0.46605976430168083,0.46605976430168083,512,512,408,120,365442,355547,360234,109975,0,7,22,722392,,0
300002,combined,0,1,1,51,6,RECOMMENDATION,0.54615465597899204,0.54615465597899204,512,512,328,232,380424,387785,288435,225831,0,5,34,592294,,0
300002,combined,0,1,1,52,0,RECOMMENDATION,0.41524443648196391,0.41524443648196391,512,512,256,120,367234,374255,251760,120392,0,7,22,672124,,0
300002,combined,0,1,1,53,6,RECOMMENDATION,0.44492722007540997,0.44492722007540997,512,512,264,176,405963,363940,229557,174513,0,6,28,635469,,0
300002,combined,0,1,1,54,4,RECOMMENDATION,0.16058651687348879,0.16058651687348879,512,448,168,168,492794,318230,139911,195766,0,6,27,660176,,0
300002,combined,0,1,1,55,0,RECOMMENDATION,0.075307502581634489,0.075307502581634489,512,320,128,96,393964,233742,108403,101082,0,7,19,679576,,0
300002,combined,0,1,1,56,0,RECOMMENDATION,0.28255835920558198,0.28255835920558198,512,512,256,120,361996,669800,229887,111559,0,7,22,603410,,0
300002,combined,0,1,1,57,0,RECOMMENDATION,0.29461870860887429,0.29461870860887429,512,512,328,120,435998,362196,329487,115495,0,7,22,610411,,0
300002,combined,0,1,1,58,5,RECOMMENDATION,0.10889654918195656,0.10889654918195656,512,320,168,152,418481,284980,146841,191399,0,6,25,612414,,0
300002,combined,2,0,0,2,0,RECOMMENDATION,0.013311464514953549,0.16989280531100737,512,64,64,64,363659,45739,54382,64378,0,7,15,644894,,0
300002,combined,2,0,0,5,0,RECOMMENDATION,0.017950496105493936,0.27001400337070619,512,64,64,64,389908,46330,97447,72769,0,7,15,659636,,0
300002,combined,2,0,0,8,0,RECOMMENDATION,0.00082405706552292021,0.0081141127602391474,512,64,64,64,421576,45158,54072,62715,0,7,15,643641,,0
300002,combined,2,0,0,11,0,RECOMMENDATION,0.0052073628948432005,0.055342164799189582,512,64,64,64,376098,46831,57247,64808,0,7,15,582189,,0
300002,combined,2,0,0,14,0,RECOMMENDATION,0.0017995141954523703,0.015705595740017581,512,64,64,64,358631,45288,56365,64177,0,7,15,661879,,0
300002,combined,2,0,0,17,0,RECOMMENDATION,0.0014171239134289399,0.010890577702740958,512,64,64,64,356458,45349,53180,68834,0,7,15,681869,,0
300002,combined,2,0,0,20,0,RECOMMENDATION,0.57187001625758371,1.1532011622484626,512,512,488,424,367835,375467,545563,395376,0,6,59,656581,,0
300002,combined,2,0,0,23,3,RECOMMENDATION,1.5347212852526353,1.8742407809011281,512,512,480,472,359322,369438,480105,474688,0,5,64,606064,,0
300002,combined,2,0,0,26,6,RECOMMENDATION,0.69591239544962913,1.1171298708496338,512,512,456,448,371842,374856,431020,488147,0,3,59,617192,,0
300002,combined,2,0,0,29,3,RECOMMENDATION,0.57120245519117452,0.92159531527014793,512,512,384,360,372161,384621,344701,371370,0,7,52,604112,,0
300002,combined,2,0,0,32,3,RECOMMENDATION,0.28173478679730052,0.47587577871710701,512,512,304,272,386874,403980,283148,254213,0,7,41,602299,,0
300002,combined,2,0,0,35,0,RECOMMENDATION,0.11839218497308267,0.23126040301776676,512,320,264,224,551553,234934,244639,220944,0,7,35,646826,,0
300002,combined,2,0,0,38,6,RECOMMENDATION,0.14502256860572613,0.34585362609002912,512,384,144,144,375637,382357,190627,139911,0,7,25,637302,,0
300002,combined,2,0,0,41,0,RECOMMENDATION,0.056471258137498502,0.18893143850666566,512,320,152,144,401646,230098,137668,180753,0,7,25,627106,,0
300002,combined,2,0,0,44,6,RECOMMENDATION,0.14585416759440495,0.47071578039133011,512,384,264,224,575939,410340,246402,338991,0,6,34,598163,,0
300002,combined,2,0,0,47,6,RECOMMENDATION,0.13865619344052346,0.5392318090267938,512,384,136,112,521757,392392,163256,176206,0,7,21,896693,,0
300002,combined,2,0,0,50,3,RECOMMENDATION,0.18954873929290114,0.71600498719885908,512,448,400,344,475628,441416,515088,466094,0,6,49,884235,,0
300002,combined,2,0,0,53,4,RECOMMENDATION,0.10886479340797951,0.5296676835754649,512,320,232,176,540486,376648,299302,250178,0,6,28,852196,,0
300002,combined,2,0,0,56,0,RECOMMENDATION,0.055714616141348858,0.48898779791017649,512,320,168,152,496489,327955,151248,218470,0,6,25,749631,,0
300002,combined,2,0,1,2,0,RECOMMENDATION,0.013311464514953549,0.16989280531100737,512,64,64,64,365181,45338,55133,96715,0,7,15,675209,,0
300002,combined,2,0,1,5,0,RECOMMENDATION,0.017950496105493936,0.27001400337070619,512,64,64,64,375267,45038,75174,73100,0,7,15,675319,,0
300002,combined,2,0,1,8,0,RECOMMENDATION,0.00082405706552292021,0.0081141127602391474,512,64,64,64,372502,44707,53090,61332,0,7,15,592595,,0
300002,combined,2,0,1,11,0,RECOMMENDATION,0.0052073628948432005,0.055342164799189582,512,64,64,64,360444,47291,56936,64146,0,7,15,624433,,0
300002,combined,2,0,1,14,0,RECOMMENDATION,0.0017995141954523703,0.015705595740017581,512,64,64,64,421036,45979,56506,63656,0,7,15,605844,,0
300002,combined,2,0,1,17,0,RECOMMENDATION,0.0014171239134289399,0.010890577702740958,512,64,64,64,490711,45208,54913,69355,0,7,15,851826,,0
300002,combined,2,0,1,20,0,RECOMMENDATION,0.57187001625758371,1.1532011622484626,512,512,488,360,364560,375407,462017,368977,2,4,51,625734,,0
300002,combined,2,0,1,23,-1,RISK_EMPTY,0,0,512,512,64,64,360555,384651,49285,64708,8,0,16,577612,,0
300002,combined,2,0,1,26,-1,RISK_EMPTY,0,0,512,512,88,64,368526,473184,73231,58859,8,0,16,594457,,0
300002,combined,2,0,1,29,-1,RISK_EMPTY,0,0,512,512,64,64,366733,487496,51037,76455,8,0,16,666606,,0
300002,combined,2,0,1,32,-1,RISK_EMPTY,0,0,512,512,64,64,379273,417450,52179,59299,8,0,16,580386,,0
300002,combined,2,0,1,35,-1,RISK_EMPTY,0,0,512,512,104,64,375186,366413,86150,68535,8,0,16,641578,,0
300002,combined,2,0,1,38,-1,RISK_EMPTY,0,0,512,512,64,64,402347,365492,51277,61563,8,0,16,658814,,0
300002,combined,2,0,1,41,-1,RISK_EMPTY,0,0,512,512,72,64,372111,380554,57808,68032,8,0,16,601919,,0
300002,combined,2,0,1,44,-1,RISK_EMPTY,0,0,512,512,80,64,439754,361705,65710,58749,8,0,16,580045,,0
300002,combined,2,0,1,47,-1,RISK_EMPTY,0,0,512,512,64,64,392463,370579,48373,67752,8,0,16,635199,,0
300002,combined,2,0,1,50,-1,RISK_EMPTY,0,0,512,512,64,64,368587,360244,48954,59570,8,0,16,600767,,0
300002,combined,2,0,1,53,-1,RISK_EMPTY,0,0,512,512,64,64,370820,391962,49374,63436,8,0,16,624462,,0
300002,combined,2,0,1,56,-1,RISK_EMPTY,0,0,512,512,64,64,369488,360815,66260,59570,8,0,16,576991,,0
300002,combined,2,0.34999999999999998,0,2,0,RECOMMENDATION,0.068114933793572391,0.16989280531100737,512,320,168,96,383419,227724,138830,90586,0,7,19,683021,,0
300002,combined,2,0.34999999999999998,0,5,0,RECOMMENDATION,0.10617272364831823,0.27001400337070619,512,320,216,96,411300,236387,179721,101264,0,7,19,669520,,0
300002,combined,2,0.34999999999999998,0,8,0,RECOMMENDATION,0.0033755765586735995,0.0081141127602391474,512,64,64,64,356788,44217,52760,61633,0,7,15,601948,,0
300002,combined,2,0.34999999999999998,0,11,0,RECOMMENDATION,0.022754543561364436,0.055342164799189582,512,64,64,64,360975,46541,56005,63917,0,7,15,594296,,0
300002,combined,2,0.34999999999999998,0,14,0,RECOMMENDATION,0.0066666427360501934,0.015705595740017581,512,128,128,128,383488,105760,127513,118570,0,6,22,603951,,0
300002,combined,2,0.34999999999999998,0,17,0,RECOMMENDATION,0.004732832739688146,0.010890577702740958,512,64,64,64,356769,44417,54042,64678,0,7,15,607567,,0
300002,combined,2,0.34999999999999998,0,20,6,RECOMMENDATION,0.73562609598074302,0.94392231761163203,512,512,456,376,405622,358892,462338,349187,0,6,53,593426,,0
300002,combined,2,0.34999999999999998,0,23,3,RECOMMENDATION,1.4012540197513852,1.634741082085073,512,512,400,376,390900,399423,416508,418531,0,7,54,597282,,0
300002,combined,2,0.34999999999999998,0,26,6,RECOMMENDATION,0.75221366301063974,0.94162081142405807,512,512,352,352,426864,432012,361245,400454,0,6,50,609580,,0
300002,combined,2,0.34999999999999998,0,29,3,RECOMMENDATION,0.78864102788468893,1.0827948646674863,512,512,360,296,367845,372202,322386,272983,0,7,44,613816,,0
300002,combined,2,0.34999999999999998,0,32,6,RECOMMENDATION,0.57450129827092777,0.99074161527465776,512,512,248,168,364390,375327,221675,166502,0,7,28,579965,,0
300002,combined,2,0.34999999999999998,0,35,0,RECOMMENDATION,0.18360291600612899,0.36280537340464286,512,448,240,136,510371,340945,234263,140672,0,7,24,627528,,0
300002,combined,2,0.34999999999999998,0,38,3,RECOMMENDATION,0.46108542246168915,0.63065017827751002,512,512,400,344,383950,366003,425903,346243,0,5,48,590901,,0
300002,combined,2,0.34999999999999998,0,41,0,RECOMMENDATION,0.067429949507015016,0.14932549828718433,512,320,168,152,450140,230999,153842,174884,0,6,25,588158,,0
300002,combined,2,0.34999999999999998,0,44,0,RECOMMENDATION,0.13783863412554329,0.1978989317289884,512,384,200,176,387215,273833,180822,170337,0,7,29,617292,,0
300002,combined,2,0.34999999999999998,0,47,6,RECOMMENDATION,0.23031042538453028,0.39437916448025012,512,448,336,248,366924,328736,310909,326954,0,5,36,662590,,0
300002,combined,2,0.34999999999999998,0,50,3,RECOMMENDATION,0.32789609877875459,0.60057471669636597,512,512,352,184,375667,591883,320533,169846,0,7,30,613005,,0
300002,combined,2,0.34999999999999998,0,53,6,RECOMMENDATION,0.21996189627665869,0.44928375540710647,512,448,160,112,413133,316978,136726,112729,0,7,21,673617,,0
300002,combined,2,0.34999999999999998,0,56,0,RECOMMENDATION,0.13638207304825178,0.34260801174538957,512,384,208,160,528268,267314,175004,144468,0,6,26,670362,,0
300002,combined,2,0.34999999999999998,1,2,0,RECOMMENDATION,0.068114933793572391,0.16989280531100737,512,320,168,96,365411,224138,155665,92369,0,7,19,674488,0.08412415395156303,1024
300002,combined,2,0.34999999999999998,1,5,0,RECOMMENDATION,0.10617272364831823,0.27001400337070619,512,320,216,96,377730,222666,179341,99310,0,7,19,600015,0.12501480469681839,1024
300002,combined,2,0.34999999999999998,1,8,0,RECOMMENDATION,0.0033755765586735995,0.0081141127602391474,512,64,64,64,358150,44337,53581,74553,0,7,15,578664,0.017189039221834027,1024
300002,combined,2,0.34999999999999998,1,11,0,RECOMMENDATION,0.022754543561364436,0.055342164799189582,512,64,64,64,362347,48513,58198,143766,0,7,15,1468047,0.093307863131407986,1024
300002,combined,2,0.34999999999999998,1,14,0,RECOMMENDATION,0.0066666427360501934,0.015705595740017581,512,128,128,128,361485,88985,111218,122666,0,6,22,665844,0.071899042226550566,1024
300002,combined,2,0.34999999999999998,1,17,0,RECOMMENDATION,0.004732832739688146,0.010890577702740958,512,64,64,64,358281,44848,54292,94492,0,7,15,585995,0.044217728539810312,1024
300002,combined,2,0.34999999999999998,1,20,6,RECOMMENDATION,0.73562609598074302,0.94392231761163203,512,512,456,344,365571,361135,479183,404261,2,4,49,616069,0.92703097841993687,1024
300002,combined,2,0.34999999999999998,1,23,-1,RISK_EMPTY,0,0,512,512,64,64,388877,609570,57056,68253,8,0,16,590812,,0
300002,combined,2,0.34999999999999998,1,26,-1,RISK_EMPTY,0,0,512,512,80,64,419343,380024,68333,61353,8,0,16,614767,,0
300002,combined,2,0.34999999999999998,1,29,-1,RISK_EMPTY,0,0,512,512,64,64,383429,404280,68494,63987,8,0,16,612414,,0
300002,combined,2,0.34999999999999998,1,32,-1,RISK_EMPTY,0,0,512,512,64,64,411401,373915,50927,62264,8,0,16,585664,,0
300002,combined,2,0.34999999999999998,1,35,-1,RISK_EMPTY,0,0,512,512,64,64,411791,383869,51988,69794,8,0,16,645785,,0
300002,combined,2,0.34999999999999998,1,38,-1,RISK_EMPTY,0,0,512,512,64,64,383639,401807,82655,62955,8,0,16,631323,,0
300002,combined,2,0.34999999999999998,1,41,-1,RISK_EMPTY,0,0,512,512,64,64,382768,371891,52580,81943,8,0,16,592724,,0
300002,combined,2,0.34999999999999998,1,44,-1,RISK_EMPTY,0,0,512,512,64,64,379453,599245,50426,61493,8,0,16,617562,,0
300002,combined,2,0.34999999999999998,1,47,-1,RISK_EMPTY,0,0,512,512,64,64,411651,387085,51177,70076,8,0,16,629670,,0
300002,combined,2,0.34999999999999998,1,50,-1,RISK_EMPTY,0,0,512,512,64,64,385652,369978,50096,61213,8,0,16,600907,,0
300002,combined,2,0.34999999999999998,1,53,-1,RISK_EMPTY,0,0,512,512,64,64,403369,379914,50075,65318,8,0,16,605535,,0
300002,combined,2,0.34999999999999998,1,56,-1,RISK_EMPTY,0,0,512,512,64,64,460245,404561,55033,63135,8,0,16,759166,,0
300002,combined,2,1,0,2,0,RECOMMENDATION,0.16989280531100737,0.16989280531100737,512,448,296,112,444772,339352,253753,105197,0,7,21,776824,,0
300002,combined,2,1,0,5,0,RECOMMENDATION,0.27001400337070619,0.27001400337070619,512,512,336,120,360734,368397,288886,125599,0,7,22,685706,,0
300002,combined,2,1,0,8,0,RECOMMENDATION,0.0081141127602391474,0.0081141127602391474,512,64,64,64,356919,45028,72038,61262,0,7,15,600907,,0
300002,combined,2,1,0,11,5,RECOMMENDATION,0.054152093023380719,0.054152093023380719,512,320,160,152,360374,244149,291039,169416,0,6,25,650882,,0
300002,combined,2,1,0,14,0,RECOMMENDATION,0.0073325611580960784,0.0073325611580960784,512,128,128,128,357920,88764,107322,115764,0,6,22,621148,,0
300002,combined,2,1,0,17,0,RECOMMENDATION,0.010890577702740958,0.010890577702740958,512,64,64,64,355917,44908,53241,87382,0,7,15,627607,,0
300002,combined,2,1,0,20,6,RECOMMENDATION,0.95357169433870015,0.95357169433870015,512,512,360,232,392312,364810,390109,221755,0,5,34,602149,,0
300002,combined,2,1,0,23,3,RECOMMENDATION,1.6432893151035068,1.6432893151035068,512,512,152,120,387795,399363,145520,177017,0,7,22,621298,,0
300002,combined,2,1,0,26,6,RECOMMENDATION,0.93940362354188289,0.93940362354188289,512,512,176,176,385872,401647,169876,179861,0,6,28,659085,,0
300002,combined,2,1,0,29,3,RECOMMENDATION,1.0864996034574845,1.0864996034574845,512,512,144,120,368356,881230,127332,118248,0,7,22,614688,,0
300002,combined,2,1,0,32,6,RECOMMENDATION,0.99677971720164293,0.99677971720164293,512,512,200,120,1490961,364530,191108,115334,0,7,22,650862,,0
300002,combined,2,1,0,35,0,RECOMMENDATION,0.37605864042561477,0.37605864042561477,512,512,344,176,365131,398341,317399,177688,0,6,28,686105,,0
300002,combined,2,1,0,38,5,RECOMMENDATION,0.65340574151907205,0.65340574151907205,512,512,296,176,372492,374465,272912,166992,0,6,28,662770,,0
300002,combined,2,1,0,41,3,RECOMMENDATION,0.24066597558882558,0.24066597558882558,512,448,112,112,444491,323107,99941,118550,0,7,21,631463,,0
300002,combined,2,1,0,44,3,RECOMMENDATION,0.17491750817827831,0.17491750817827831,512,448,248,224,412022,318150,236527,283698,0,5,33,721509,,0
300002,combined,2,1,0,47,5,RECOMMENDATION,0.18526398371593311,0.18526398371593311,512,448,192,112,362407,326714,186612,117517,0,7,21,697954,,0
300002,combined,2,1,0,50,0,RECOMMENDATION,0.26257025375541337,0.26257025375541337,512,448,296,112,370559,315736,309738,110026,0,7,21,669841,,0
300002,combined,2,1,0,53,0,RECOMMENDATION,0.14256893073749016,0.14256893073749016,512,384,160,104,381977,270158,136797,115204,0,7,20,586114,,0
300002,combined,2,1,0,56,4,RECOMMENDATION,0.1422974454266841,0.1422974454266841,512,384,208,160,468728,273954,192660,169756,0,6,26,631413,,0
300002,combined,2,1,1,2,0,RECOMMENDATION,0.16989280531100737,0.16989280531100737,512,448,296,112,363729,328796,260483,106761,0,7,21,687037,,0
300002,combined,2,1,1,5,0,RECOMMENDATION,0.27001400337070619,0.27001400337070619,512,512,336,120,370980,353674,339423,121314,0,7,22,617662,,0
300002,combined,2,1,1,8,0,RECOMMENDATION,0.0081141127602391474,0.0081141127602391474,512,64,64,64,358030,58559,53311,61453,0,7,15,652925,,0
300002,combined,2,1,1,11,5,RECOMMENDATION,0.054152093023380719,0.054152093023380719,512,320,160,152,359703,231589,166551,138879,0,6,25,648739,,0
300002,combined,2,1,1,14,0,RECOMMENDATION,0.0073325611580960784,0.0073325611580960784,512,128,128,128,359273,88764,108414,143166,0,6,22,649600,,0
300002,combined,2,1,1,17,0,RECOMMENDATION,0.010890577702740958,0.010890577702740958,512,64,64,64,370519,45398,54813,64518,0,7,15,586655,,0
300002,combined,2,1,1,20,6,RECOMMENDATION,0.95357169433870015,0.95357169433870015,512,512,360,232,366774,381546,376759,225090,3,2,34,635249,,0
300002,combined,2,1,1,23,-1,RISK_EMPTY,0,0,512,512,64,64,417650,400704,55093,72650,8,0,16,879367,,0
300002,combined,2,1,1,26,-1,RISK_EMPTY,0,0,512,512,80,64,391051,379262,68513,61754,8,0,16,699746,,0
300002,combined,2,1,1,29,-1,RISK_EMPTY,0,0,512,512,64,64,411501,375266,50786,63045,8,0,16,646285,,0
300002,combined,2,1,1,32,-1,RISK_EMPTY,0,0,512,512,64,64,427025,378081,52349,63446,8,0,16,698144,,0
300002,combined,2,1,1,35,-1,RISK_EMPTY,0,0,512,512,64,64,391210,387715,51197,73041,8,0,16,687267,,0
300002,combined,2,1,1,38,-1,RISK_EMPTY,0,0,512,512,64,64,399162,373483,49935,61823,8,0,16,601738,,0
300002,combined,2,1,1,41,-1,RISK_EMPTY,0,0,512,512,64,64,454035,375978,53881,69105,8,0,16,685875,,0
300002,combined,2,1,1,44,-1,RISK_EMPTY,0,0,512,512,64,64,408847,440495,51878,63045,8,0,16,685374,,0
300002,combined,2,1,1,47,-1,RISK_EMPTY,0,0,512,512,64,64,442047,385171,82414,94823,8,0,16,725244,,0
300002,combined,2,1,1,50,-1,RISK_EMPTY,0,0,512,512,64,64,385962,395527,50646,62264,8,0,16,610942,,0
300002,combined,2,1,1,53,-1,RISK_EMPTY,0,0,512,512,64,64,460184,776942,51898,89274,8,0,16,614778,,0
300002,combined,2,1,1,56,-1,RISK_EMPTY,0,0,512,512,64,64,437811,481256,52469,65458,8,0,16,706857,,0
300002,combined,5,0,0,5,0,RECOMMENDATION,0.017950496105493936,0.27001400337070619,512,64,64,64,521377,47412,56285,70416,0,7,15,666877,,0
300002,combined,5,0,0,11,0,RECOMMENDATION,0.0052073628948432005,0.055342164799189582,512,64,64,64,388256,48623,57146,65339,0,7,15,835131,,0
300002,combined,5,0,0,17,0,RECOMMENDATION,0.0014171239134289399,0.010890577702740958,512,64,64,64,413414,45609,54282,66279,0,7,15,703282,,0
300002,combined,5,0,0,23,3,RECOMMENDATION,1.5347212852526353,1.8742407809011281,512,512,504,504,475417,494566,544912,483960,0,1,64,661068,,0
300002,combined,5,0,0,29,6,RECOMMENDATION,0.93984138569060582,1.4086100156195669,512,512,480,464,418431,362837,439924,445231,0,2,60,620507,,0
300002,combined,5,0,0,35,6,RECOMMENDATION,0.4816721778406593,0.99599362530562741,512,512,384,384,377079,406373,344530,363598,0,6,54,620467,,0
300002,combined,5,0,0,41,3,RECOMMENDATION,0.40918425131779185,1.0200974032951007,512,512,392,312,373043,390760,355877,397370,0,7,46,624983,,0
300002,combined,5,0,0,47,6,RECOMMENDATION,0.47168234596109576,1.0056056631211179,512,512,256,232,364360,367855,362337,290428,0,7,36,712265,,0
300002,combined,5,0,0,53,3,RECOMMENDATION,0.44152617088916407,0.57995225975567499,512,512,360,360,506435,364060,342247,344680,0,7,52,611753,,0
300002,combined,5,0,1,5,0,RECOMMENDATION,0.017950496105493936,0.27001400337070619,512,64,64,64,373363,45369,55774,71998,0,7,15,587918,,0
300002,combined,5,0,1,11,0,RECOMMENDATION,0.0052073628948432005,0.055342164799189582,512,64,64,64,361997,47491,57086,64778,0,7,15,678734,,0
300002,combined,5,0,1,17,0,RECOMMENDATION,0.0014171239134289399,0.010890577702740958,512,64,64,64,446865,45189,55263,69986,0,7,15,838706,,0
300002,combined,5,0,1,23,-1,RISK_EMPTY,0,0,512,512,64,64,387615,433845,49886,346563,8,0,16,614437,,0
300002,combined,5,0,1,29,-1,RISK_EMPTY,0,0,512,512,64,64,400274,360745,78408,80901,8,0,16,669891,,0
300002,combined,5,0,1,35,-1,RISK_EMPTY,0,0,512,512,104,64,362447,449649,89154,71297,8,0,16,690222,,0
300002,combined,5,0,1,41,-1,RISK_EMPTY,0,0,512,512,72,64,368346,390780,57076,70557,8,0,16,1253612,,0
300002,combined,5,0,1,47,-1,RISK_EMPTY,0,0,512,512,64,64,650271,500105,70136,89375,8,0,16,823563,,0
300002,combined,5,0,1,53,-1,RISK_EMPTY,0,0,512,512,64,64,370640,376959,49034,64687,8,0,16,679195,,0
300002,combined,5,0.34999999999999998,0,5,0,RECOMMENDATION,0.10617272364831823,0.27001400337070619,512,320,216,96,359363,222035,180503,102334,0,7,19,684804,,0
300002,combined,5,0.34999999999999998,0,11,0,RECOMMENDATION,0.022754543561364436,0.055342164799189582,512,64,64,64,400705,47872,57717,65539,0,7,15,616691,,0
300002,combined,5,0.34999999999999998,0,17,0,RECOMMENDATION,0.004732832739688146,0.010890577702740958,512,128,128,128,391731,88523,104317,117988,0,6,22,597802,,0
300002,combined,5,0.34999999999999998,0,23,3,RECOMMENDATION,1.6535531087296076,1.8742407809011281,512,512,496,496,530531,389668,494546,472884,0,2,64,647477,,0
300002,combined,5,0.34999999999999998,0,29,6,RECOMMENDATION,1.1039104061657421,1.4086100156195669,512,512,456,440,378962,362868,419734,418863,0,4,59,614818,,0
300002,combined,5,0.34999999999999998,0,35,6,RECOMMENDATION,0.66168468445339812,0.99599362530562741,512,512,352,344,1016153,405612,314806,384561,0,6,49,587807,,0
300002,combined,5,0.34999999999999998,0,41,3,RECOMMENDATION,0.62300385450984996,1.0200974032951007,512,512,360,240,371401,362447,350629,265911,0,7,37,691875,,0
300002,combined,5,0.34999999999999998,0,47,6,RECOMMENDATION,0.65855550696710341,1.0056056631211179,512,512,200,152,385903,368776,173412,151489,0,7,26,727408,,0
300002,combined,5,0.34999999999999998,0,53,3,RECOMMENDATION,0.48997530199244288,0.57995225975567499,512,512,240,256,368827,482649,207033,289016,0,7,39,1030626,,0
300002,combined,5,0.34999999999999998,1,5,0,RECOMMENDATION,0.10617272364831823,0.27001400337070619,512,320,216,96,404150,243046,180813,101173,0,7,19,797915,,0
300002,combined,5,0.34999999999999998,1,11,0,RECOMMENDATION,0.022754543561364436,0.055342164799189582,512,64,64,64,362146,47051,56706,65739,0,7,15,619064,,0
300002,combined,5,0.34999999999999998,1,17,0,RECOMMENDATION,0.004732832739688146,0.010890577702740958,512,128,128,128,472293,89956,105599,121873,0,6,22,615099,,0
300002,combined,5,0.34999999999999998,1,23,-1,RISK_EMPTY,0,0,512,512,64,64,406704,369658,48533,65199,8,0,16,647247,,0
300002,combined,5,0.34999999999999998,1,29,-1,RISK_EMPTY,0,0,512,512,64,64,367385,382227,49255,113351,8,0,16,586936,,0
300002,combined,5,0.34999999999999998,1,35,-1,RISK_EMPTY,0,0,512,512,104,64,362768,370439,87332,113692,8,0,16,1501266,,0
300002,combined,5,0.34999999999999998,1,41,-1,RISK_EMPTY,0,0,512,512,72,64,368817,558763,57687,66941,8,0,16,651313,,0
300002,combined,5,0.34999999999999998,1,47,-1,RISK_EMPTY,0,0,512,512,64,64,385292,369768,49024,67031,8,0,16,622098,,0
300002,combined,5,0.34999999999999998,1,53,-1,RISK_EMPTY,0,0,512,512,64,64,372582,362758,77627,65540,8,0,16,723191,,0
300002,combined,5,1,0,5,0,RECOMMENDATION,0.27001400337070619,0.27001400337070619,512,512,336,120,369348,354665,292741,154472,0,7,22,716562,,0
300002,combined,5,1,0,11,5,RECOMMENDATION,0.054152093023380719,0.054152093023380719,512,320,160,152,360714,229577,151088,156035,0,6,25,600807,,0
300002,combined,5,1,0,17,0,RECOMMENDATION,0.010890577702740958,0.010890577702740958,512,128,128,128,354926,88323,103876,117948,0,6,22,600567,,0
300002,combined,5,1,0,23,3,RECOMMENDATION,1.9068802677762615,1.9068802677762615,512,512,376,232,360354,398211,342116,225500,0,5,34,683412,,0
300002,combined,5,1,0,29,6,RECOMMENDATION,1.4023074720396949,1.4023074720396949,512,512,264,176,397240,360114,237118,178419,0,6,28,649712,,0
300002,combined,5,1,0,35,3,RECOMMENDATION,0.75805144740511554,0.75805144740511554,512,512,152,120,365382,372402,144909,125408,0,7,22,610542,,0
300002,combined,5,1,0,41,6,RECOMMENDATION,0.65969540382014502,0.65969540382014502,512,512,176,176,376909,396659,163307,186652,0,6,28,637292,,0
300002,combined,5,1,0,47,6,RECOMMENDATION,0.84609444922498933,0.84609444922498933,512,512,120,120,391230,365411,108614,127091,0,7,22,672285,,0
300002,combined,5,1,0,53,3,RECOMMENDATION,0.79231686671555968,0.79231686671555968,512,512,184,120,373894,364009,171629,122946,0,7,22,615989,,0
300002,combined,5,1,1,5,0,RECOMMENDATION,0.27001400337070619,0.27001400337070619,512,512,336,120,375056,354555,278470,119461,0,7,22,588128,,0
300002,combined,5,1,1,11,5,RECOMMENDATION,0.054152093023380719,0.054152093023380719,512,320,160,152,359823,230768,182325,139069,0,6,25,707288,,0
300002,combined,5,1,1,17,0,RECOMMENDATION,0.010890577702740958,0.010890577702740958,512,128,128,128,355987,89195,104758,123426,0,6,22,689921,,0
300002,combined,5,1,1,23,-1,RISK_EMPTY,0,0,512,512,64,64,362738,384020,50617,65078,8,0,16,601078,,0
300002,combined,5,1,1,29,-1,RISK_EMPTY,0,0,512,512,64,64,367295,360945,61623,77706,8,0,16,600697,,0
300002,combined,5,1,1,35,-1,RISK_EMPTY,0,0,512,512,88,64,362087,681078,73030,69134,8,0,16,640366,,0
300002,combined,5,1,1,41,-1,RISK_EMPTY,0,0,512,512,72,64,441847,383890,56936,70446,8,0,16,659886,,0
300002,combined,5,1,1,47,-1,RISK_EMPTY,0,0,512,512,64,64,390509,370499,49054,68222,8,0,16,692045,,0
300002,combined,5,1,1,53,-1,RISK_EMPTY,0,0,512,512,64,64,396489,362998,48764,78779,8,0,16,583701,,0
